{
"type": "FeatureCollection",
"name": "aristas_red",
"crs": { "type": "name", "properties": { "name": "urn:ogc:def:crs:EPSG::6249" } },
"features": [
{"type":"Feature","properties":{"fid":1,"full_id":"w35110593","osm_id":"35110593","osm_type":"way","highway":"primary_link","ford":null,"width":null,"covered":null,"tunnel":null,"layer":null,"bridge":null,"disused:highway":null,"service":null,"noname":null,"motorroad":null,"smoothness":null,"motorcycle":null,"busway:right":null,"tactile_paving":null,"turn:lanes":null,"cycleway":null,"footway":null,"crossing":null,"lit":null,"motor_vehicle:conditional":null,"motor_vehicle":null,"horse":null,"operator":null,"emergency":null,"bus":null,"psv":null,"oneway:bicycle":null,"sidewalk":null,"foot":null,"bicycle":null,"cycleway:right":null,"access":null,"maxspeed":null,"destination:street":null,"surface":null,"oneway":"yes","name":null,"lanes":"2","alt_name":null,"longitud_m":15.983026193218807,"id_segmento":1,"id_nodo":131,"fin_id_nodo":130},"geometry":{"type":"MultiLineString","coordinates":[[[1060110.036088550463319,864539.639526440529153],[1060096.432010463206097,864548.033972925390117]]]}},
{"type":"Feature","properties":{"fid":2,"full_id":"w35110593","osm_id":"35110593","osm_type":"way","highway":"primary_link","ford":null,"width":null,"covered":null,"tunnel":null,"layer":null,"bridge":null,"disused:highway":null,"service":null,"noname":null,"motorroad":null,"smoothness":null,"motorcycle":null,"busway:right":null,"tactile_paving":null,"turn:lanes":null,"cycleway":null,"footway":null,"crossing":null,"lit":null,"motor_vehicle:conditional":null,"motor_vehicle":null,"horse":null,"operator":null,"emergency":null,"bus":null,"psv":null,"oneway:bicycle":null,"sidewalk":null,"foot":null,"bicycle":null,"cycleway:right":null,"access":null,"maxspeed":null,"destination:street":null,"surface":null,"oneway":"yes","name":null,"lanes":"2","alt_name":null,"longitud_m":15.951509581618351,"id_segmento":2,"id_nodo":130,"fin_id_nodo":128},"geometry":{"type":"MultiLineString","coordinates":[[[1060096.432010463206097,864548.033972925390117],[1060084.68410547170788,864558.828316736035049]]]}},
{"type":"Feature","properties":{"fid":3,"full_id":"w35110593","osm_id":"35110593","osm_type":"way","highway":"primary_link","ford":null,"width":null,"covered":null,"tunnel":null,"layer":null,"bridge":null,"disused:highway":null,"service":null,"noname":null,"motorroad":null,"smoothness":null,"motorcycle":null,"busway:right":null,"tactile_paving":null,"turn:lanes":null,"cycleway":null,"footway":null,"crossing":null,"lit":null,"motor_vehicle:conditional":null,"motor_vehicle":null,"horse":null,"operator":null,"emergency":null,"bus":null,"psv":null,"oneway:bicycle":null,"sidewalk":null,"foot":null,"bicycle":null,"cycleway:right":null,"access":null,"maxspeed":null,"destination:street":null,"surface":null,"oneway":"yes","name":null,"lanes":"2","alt_name":null,"longitud_m":15.756759932223179,"id_segmento":3,"id_nodo":128,"fin_id_nodo":127},"geometry":{"type":"MultiLineString","coordinates":[[[1060084.68410547170788,864558.828316736035049],[1060075.303634335286915,864571.491688947658986]]]}},
{"type":"Feature","properties":{"fid":4,"full_id":"w35110593","osm_id":"35110593","osm_type":"way","highway":"primary_link","ford":null,"width":null,"covered":null,"tunnel":null,"layer":null,"bridge":null,"disused:highway":null,"service":null,"noname":null,"motorroad":null,"smoothness":null,"motorcycle":null,"busway:right":null,"tactile_paving":null,"turn:lanes":null,"cycleway":null,"footway":null,"crossing":null,"lit":null,"motor_vehicle:conditional":null,"motor_vehicle":null,"horse":null,"operator":null,"emergency":null,"bus":null,"psv":null,"oneway:bicycle":null,"sidewalk":null,"foot":null,"bicycle":null,"cycleway:right":null,"access":null,"maxspeed":null,"destination:street":null,"surface":null,"oneway":"yes","name":null,"lanes":"2","alt_name":null,"longitud_m":14.622774446759315,"id_segmento":4,"id_nodo":127,"fin_id_nodo":142},"geometry":{"type":"MultiLineString","coordinates":[[[1060075.303634335286915,864571.491688947658986],[1060068.85741512523964,864584.619513356476091]]]}},
{"type":"Feature","properties":{"fid":5,"full_id":"w35110593","osm_id":"35110593","osm_type":"way","highway":"primary_link","ford":null,"width":null,"covered":null,"tunnel":null,"layer":null,"bridge":null,"disused:highway":null,"service":null,"noname":null,"motorroad":null,"smoothness":null,"motorcycle":null,"busway:right":null,"tactile_paving":null,"turn:lanes":null,"cycleway":null,"footway":null,"crossing":null,"lit":null,"motor_vehicle:conditional":null,"motor_vehicle":null,"horse":null,"operator":null,"emergency":null,"bus":null,"psv":null,"oneway:bicycle":null,"sidewalk":null,"foot":null,"bicycle":null,"cycleway:right":null,"access":null,"maxspeed":null,"destination:street":null,"surface":null,"oneway":"yes","name":null,"lanes":"2","alt_name":null,"longitud_m":14.432068287689129,"id_segmento":5,"id_nodo":142,"fin_id_nodo":140},"geometry":{"type":"MultiLineString","coordinates":[[[1060068.85741512523964,864584.619513356476091],[1060064.856411297339946,864598.488287216983736]]]}},
{"type":"Feature","properties":{"fid":6,"full_id":"w35110593","osm_id":"35110593","osm_type":"way","highway":"primary_link","ford":null,"width":null,"covered":null,"tunnel":null,"layer":null,"bridge":null,"disused:highway":null,"service":null,"noname":null,"motorroad":null,"smoothness":null,"motorcycle":null,"busway:right":null,"tactile_paving":null,"turn:lanes":null,"cycleway":null,"footway":null,"crossing":null,"lit":null,"motor_vehicle:conditional":null,"motor_vehicle":null,"horse":null,"operator":null,"emergency":null,"bus":null,"psv":null,"oneway:bicycle":null,"sidewalk":null,"foot":null,"bicycle":null,"cycleway:right":null,"access":null,"maxspeed":null,"destination:street":null,"surface":null,"oneway":"yes","name":null,"lanes":"2","alt_name":null,"longitud_m":14.564938828100884,"id_segmento":6,"id_nodo":140,"fin_id_nodo":136},"geometry":{"type":"MultiLineString","coordinates":[[[1060064.856411297339946,864598.488287216983736],[1060062.255849642446265,864612.821539023309015]]]}},
{"type":"Feature","properties":{"fid":7,"full_id":"w35110729","osm_id":"35110729","osm_type":"way","highway":"tertiary","ford":null,"width":null,"covered":null,"tunnel":null,"layer":null,"bridge":null,"disused:highway":null,"service":null,"noname":null,"motorroad":null,"smoothness":null,"motorcycle":null,"busway:right":null,"tactile_paving":null,"turn:lanes":null,"cycleway":null,"footway":null,"crossing":null,"lit":null,"motor_vehicle:conditional":null,"motor_vehicle":null,"horse":null,"operator":null,"emergency":null,"bus":null,"psv":null,"oneway:bicycle":null,"sidewalk":null,"foot":null,"bicycle":null,"cycleway:right":null,"access":null,"maxspeed":null,"destination:street":null,"surface":"asphalt","oneway":"yes","name":"Carrera 86","lanes":"3","alt_name":null,"longitud_m":8.042417404555037,"id_segmento":7,"id_nodo":138,"fin_id_nodo":133},"geometry":{"type":"MultiLineString","coordinates":[[[1060010.977012249873951,865460.594018160016276],[1060013.711302120704204,865468.15871751238592]]]}},
{"type":"Feature","properties":{"fid":8,"full_id":"w35110729","osm_id":"35110729","osm_type":"way","highway":"tertiary","ford":null,"width":null,"covered":null,"tunnel":null,"layer":null,"bridge":null,"disused:highway":null,"service":null,"noname":null,"motorroad":null,"smoothness":null,"motorcycle":null,"busway:right":null,"tactile_paving":null,"turn:lanes":null,"cycleway":null,"footway":null,"crossing":null,"lit":null,"motor_vehicle:conditional":null,"motor_vehicle":null,"horse":null,"operator":null,"emergency":null,"bus":null,"psv":null,"oneway:bicycle":null,"sidewalk":null,"foot":null,"bicycle":null,"cycleway:right":null,"access":null,"maxspeed":null,"destination:street":null,"surface":"asphalt","oneway":"yes","name":"Carrera 86","lanes":"3","alt_name":null,"longitud_m":4.209181083759117,"id_segmento":8,"id_nodo":133,"fin_id_nodo":114},"geometry":{"type":"MultiLineString","coordinates":[[[1060013.711302120704204,865468.15871751238592],[1060014.74501828616485,865472.239681615959853]]]}},
{"type":"Feature","properties":{"fid":9,"full_id":"w35110729","osm_id":"35110729","osm_type":"way","highway":"tertiary","ford":null,"width":null,"covered":null,"tunnel":null,"layer":null,"bridge":null,"disused:highway":null,"service":null,"noname":null,"motorroad":null,"smoothness":null,"motorcycle":null,"busway:right":null,"tactile_paving":null,"turn:lanes":null,"cycleway":null,"footway":null,"crossing":null,"lit":null,"motor_vehicle:conditional":null,"motor_vehicle":null,"horse":null,"operator":null,"emergency":null,"bus":null,"psv":null,"oneway:bicycle":null,"sidewalk":null,"foot":null,"bicycle":null,"cycleway:right":null,"access":null,"maxspeed":null,"destination:street":null,"surface":"asphalt","oneway":"yes","name":"Carrera 86","lanes":"3","alt_name":null,"longitud_m":4.8364634534877879,"id_segmento":9,"id_nodo":114,"fin_id_nodo":112},"geometry":{"type":"MultiLineString","coordinates":[[[1060014.74501828616485,865472.239681615959853],[1060015.345282942289487,865477.039525684900582]]]}},
{"type":"Feature","properties":{"fid":10,"full_id":"w35110729","osm_id":"35110729","osm_type":"way","highway":"tertiary","ford":null,"width":null,"covered":null,"tunnel":null,"layer":null,"bridge":null,"disused:highway":null,"service":null,"noname":null,"motorroad":null,"smoothness":null,"motorcycle":null,"busway:right":null,"tactile_paving":null,"turn:lanes":null,"cycleway":null,"footway":null,"crossing":null,"lit":null,"motor_vehicle:conditional":null,"motor_vehicle":null,"horse":null,"operator":null,"emergency":null,"bus":null,"psv":null,"oneway:bicycle":null,"sidewalk":null,"foot":null,"bicycle":null,"cycleway:right":null,"access":null,"maxspeed":null,"destination:street":null,"surface":"asphalt","oneway":"yes","name":"Carrera 86","lanes":"3","alt_name":null,"longitud_m":4.5226456827103521,"id_segmento":10,"id_nodo":112,"fin_id_nodo":111},"geometry":{"type":"MultiLineString","coordinates":[[[1060015.345282942289487,865477.039525684900582],[1060015.345361867686734,865481.562891093082726]]]}},
{"type":"Feature","properties":{"fid":11,"full_id":"w35110729","osm_id":"35110729","osm_type":"way","highway":"tertiary","ford":null,"width":null,"covered":null,"tunnel":null,"layer":null,"bridge":null,"disused:highway":null,"service":null,"noname":null,"motorroad":null,"smoothness":null,"motorcycle":null,"busway:right":null,"tactile_paving":null,"turn:lanes":null,"cycleway":null,"footway":null,"crossing":null,"lit":null,"motor_vehicle:conditional":null,"motor_vehicle":null,"horse":null,"operator":null,"emergency":null,"bus":null,"psv":null,"oneway:bicycle":null,"sidewalk":null,"foot":null,"bicycle":null,"cycleway:right":null,"access":null,"maxspeed":null,"destination:street":null,"surface":"asphalt","oneway":"yes","name":"Carrera 86","lanes":"3","alt_name":null,"longitud_m":21.078083326478662,"id_segmento":11,"id_nodo":111,"fin_id_nodo":109},"geometry":{"type":"MultiLineString","coordinates":[[[1060015.345361867686734,865481.562891093082726],[1060012.967233322560787,865502.509764885529876]]]}},
{"type":"Feature","properties":{"fid":12,"full_id":"w35110729","osm_id":"35110729","osm_type":"way","highway":"tertiary","ford":null,"width":null,"covered":null,"tunnel":null,"layer":null,"bridge":null,"disused:highway":null,"service":null,"noname":null,"motorroad":null,"smoothness":null,"motorcycle":null,"busway:right":null,"tactile_paving":null,"turn:lanes":null,"cycleway":null,"footway":null,"crossing":null,"lit":null,"motor_vehicle:conditional":null,"motor_vehicle":null,"horse":null,"operator":null,"emergency":null,"bus":null,"psv":null,"oneway:bicycle":null,"sidewalk":null,"foot":null,"bicycle":null,"cycleway:right":null,"access":null,"maxspeed":null,"destination:street":null,"surface":"asphalt","oneway":"yes","name":"Carrera 86","lanes":"3","alt_name":null,"longitud_m":4.9670595500546284,"id_segmento":12,"id_nodo":109,"fin_id_nodo":125},"geometry":{"type":"MultiLineString","coordinates":[[[1060012.967233322560787,865502.509764885529876],[1060013.111808031331748,865507.475510647869669]]]}},
{"type":"Feature","properties":{"fid":13,"full_id":"w35110729","osm_id":"35110729","osm_type":"way","highway":"tertiary","ford":null,"width":null,"covered":null,"tunnel":null,"layer":null,"bridge":null,"disused:highway":null,"service":null,"noname":null,"motorroad":null,"smoothness":null,"motorcycle":null,"busway:right":null,"tactile_paving":null,"turn:lanes":null,"cycleway":null,"footway":null,"crossing":null,"lit":null,"motor_vehicle:conditional":null,"motor_vehicle":null,"horse":null,"operator":null,"emergency":null,"bus":null,"psv":null,"oneway:bicycle":null,"sidewalk":null,"foot":null,"bicycle":null,"cycleway:right":null,"access":null,"maxspeed":null,"destination:street":null,"surface":"asphalt","oneway":"yes","name":"Carrera 86","lanes":"3","alt_name":null,"longitud_m":4.6743132736690596,"id_segmento":13,"id_nodo":125,"fin_id_nodo":122},"geometry":{"type":"MultiLineString","coordinates":[[[1060013.111808031331748,865507.475510647869669],[1060014.001044790958986,865512.065217678784393]]]}},
{"type":"Feature","properties":{"fid":14,"full_id":"w35110729","osm_id":"35110729","osm_type":"way","highway":"tertiary","ford":null,"width":null,"covered":null,"tunnel":null,"layer":null,"bridge":null,"disused:highway":null,"service":null,"noname":null,"motorroad":null,"smoothness":null,"motorcycle":null,"busway:right":null,"tactile_paving":null,"turn:lanes":null,"cycleway":null,"footway":null,"crossing":null,"lit":null,"motor_vehicle:conditional":null,"motor_vehicle":null,"horse":null,"operator":null,"emergency":null,"bus":null,"psv":null,"oneway:bicycle":null,"sidewalk":null,"foot":null,"bicycle":null,"cycleway:right":null,"access":null,"maxspeed":null,"destination:street":null,"surface":"asphalt","oneway":"yes","name":"Carrera 86","lanes":"3","alt_name":null,"longitud_m":6.0353380915348254,"id_segmento":14,"id_nodo":122,"fin_id_nodo":120},"geometry":{"type":"MultiLineString","coordinates":[[[1060014.001044790958986,865512.065217678784393],[1060015.835030554095283,865517.816163107054308]]]}},
{"type":"Feature","properties":{"fid":15,"full_id":"w35110729","osm_id":"35110729","osm_type":"way","highway":"tertiary","ford":null,"width":null,"covered":null,"tunnel":null,"layer":null,"bridge":null,"disused:highway":null,"service":null,"noname":null,"motorroad":null,"smoothness":null,"motorcycle":null,"busway:right":null,"tactile_paving":null,"turn:lanes":null,"cycleway":null,"footway":null,"crossing":null,"lit":null,"motor_vehicle:conditional":null,"motor_vehicle":null,"horse":null,"operator":null,"emergency":null,"bus":null,"psv":null,"oneway:bicycle":null,"sidewalk":null,"foot":null,"bicycle":null,"cycleway:right":null,"access":null,"maxspeed":null,"destination:street":null,"surface":"asphalt","oneway":"yes","name":"Carrera 86","lanes":"3","alt_name":null,"longitud_m":6.4307069221741395,"id_segmento":15,"id_nodo":120,"fin_id_nodo":117},"geometry":{"type":"MultiLineString","coordinates":[[[1060015.835030554095283,865517.816163107054308],[1060018.624860110227019,865523.611329898820259]]]}},
{"type":"Feature","properties":{"fid":16,"full_id":"w35110729","osm_id":"35110729","osm_type":"way","highway":"tertiary","ford":null,"width":null,"covered":null,"tunnel":null,"layer":null,"bridge":null,"disused:highway":null,"service":null,"noname":null,"motorroad":null,"smoothness":null,"motorcycle":null,"busway:right":null,"tactile_paving":null,"turn:lanes":null,"cycleway":null,"footway":null,"crossing":null,"lit":null,"motor_vehicle:conditional":null,"motor_vehicle":null,"horse":null,"operator":null,"emergency":null,"bus":null,"psv":null,"oneway:bicycle":null,"sidewalk":null,"foot":null,"bicycle":null,"cycleway:right":null,"access":null,"maxspeed":null,"destination:street":null,"surface":"asphalt","oneway":"yes","name":"Carrera 86","lanes":"3","alt_name":null,"longitud_m":5.3935949495742941,"id_segmento":16,"id_nodo":117,"fin_id_nodo":97},"geometry":{"type":"MultiLineString","coordinates":[[[1060018.624860110227019,865523.611329898820259],[1060021.937042037956417,865527.869206847855821]]]}},
{"type":"Feature","properties":{"fid":17,"full_id":"w35110729","osm_id":"35110729","osm_type":"way","highway":"tertiary","ford":null,"width":null,"covered":null,"tunnel":null,"layer":null,"bridge":null,"disused:highway":null,"service":null,"noname":null,"motorroad":null,"smoothness":null,"motorcycle":null,"busway:right":null,"tactile_paving":null,"turn:lanes":null,"cycleway":null,"footway":null,"crossing":null,"lit":null,"motor_vehicle:conditional":null,"motor_vehicle":null,"horse":null,"operator":null,"emergency":null,"bus":null,"psv":null,"oneway:bicycle":null,"sidewalk":null,"foot":null,"bicycle":null,"cycleway:right":null,"access":null,"maxspeed":null,"destination:street":null,"surface":"asphalt","oneway":"yes","name":"Carrera 86","lanes":"3","alt_name":null,"longitud_m":6.1837946003182322,"id_segmento":17,"id_nodo":97,"fin_id_nodo":96},"geometry":{"type":"MultiLineString","coordinates":[[[1060021.937042037956417,865527.869206847855821],[1060026.505155598279089,865532.038585121161304]]]}},
{"type":"Feature","properties":{"fid":18,"full_id":"w35110729","osm_id":"35110729","osm_type":"way","highway":"tertiary","ford":null,"width":null,"covered":null,"tunnel":null,"layer":null,"bridge":null,"disused:highway":null,"service":null,"noname":null,"motorroad":null,"smoothness":null,"motorcycle":null,"busway:right":null,"tactile_paving":null,"turn:lanes":null,"cycleway":null,"footway":null,"crossing":null,"lit":null,"motor_vehicle:conditional":null,"motor_vehicle":null,"horse":null,"operator":null,"emergency":null,"bus":null,"psv":null,"oneway:bicycle":null,"sidewalk":null,"foot":null,"bicycle":null,"cycleway:right":null,"access":null,"maxspeed":null,"destination:street":null,"surface":"asphalt","oneway":"yes","name":"Carrera 86","lanes":"3","alt_name":null,"longitud_m":5.056211919232112,"id_segmento":18,"id_nodo":96,"fin_id_nodo":95},"geometry":{"type":"MultiLineString","coordinates":[[[1060026.505155598279089,865532.038585121161304],[1060030.695354183670133,865534.869761903188191]]]}},
{"type":"Feature","properties":{"fid":19,"full_id":"w35110729","osm_id":"35110729","osm_type":"way","highway":"tertiary","ford":null,"width":null,"covered":null,"tunnel":null,"layer":null,"bridge":null,"disused:highway":null,"service":null,"noname":null,"motorroad":null,"smoothness":null,"motorcycle":null,"busway:right":null,"tactile_paving":null,"turn:lanes":null,"cycleway":null,"footway":null,"crossing":null,"lit":null,"motor_vehicle:conditional":null,"motor_vehicle":null,"horse":null,"operator":null,"emergency":null,"bus":null,"psv":null,"oneway:bicycle":null,"sidewalk":null,"foot":null,"bicycle":null,"cycleway:right":null,"access":null,"maxspeed":null,"destination:street":null,"surface":"asphalt","oneway":"yes","name":"Carrera 86","lanes":"3","alt_name":null,"longitud_m":4.9003410668278287,"id_segmento":19,"id_nodo":95,"fin_id_nodo":94},"geometry":{"type":"MultiLineString","coordinates":[[[1060030.695354183670133,865534.869761903188191],[1060035.318995464593172,865536.495437757926993]]]}},
{"type":"Feature","properties":{"fid":20,"full_id":"w35110729","osm_id":"35110729","osm_type":"way","highway":"tertiary","ford":null,"width":null,"covered":null,"tunnel":null,"layer":null,"bridge":null,"disused:highway":null,"service":null,"noname":null,"motorroad":null,"smoothness":null,"motorcycle":null,"busway:right":null,"tactile_paving":null,"turn:lanes":null,"cycleway":null,"footway":null,"crossing":null,"lit":null,"motor_vehicle:conditional":null,"motor_vehicle":null,"horse":null,"operator":null,"emergency":null,"bus":null,"psv":null,"oneway:bicycle":null,"sidewalk":null,"foot":null,"bicycle":null,"cycleway:right":null,"access":null,"maxspeed":null,"destination:street":null,"surface":"asphalt","oneway":"yes","name":"Carrera 86","lanes":"3","alt_name":null,"longitud_m":5.058061335274501,"id_segmento":20,"id_nodo":94,"fin_id_nodo":107},"geometry":{"type":"MultiLineString","coordinates":[[[1060035.318995464593172,865536.495437757926993],[1060040.309399891877547,865537.324818117078394]]]}},
{"type":"Feature","properties":{"fid":21,"full_id":"w35110729","osm_id":"35110729","osm_type":"way","highway":"tertiary","ford":null,"width":null,"covered":null,"tunnel":null,"layer":null,"bridge":null,"disused:highway":null,"service":null,"noname":null,"motorroad":null,"smoothness":null,"motorcycle":null,"busway:right":null,"tactile_paving":null,"turn:lanes":null,"cycleway":null,"footway":null,"crossing":null,"lit":null,"motor_vehicle:conditional":null,"motor_vehicle":null,"horse":null,"operator":null,"emergency":null,"bus":null,"psv":null,"oneway:bicycle":null,"sidewalk":null,"foot":null,"bicycle":null,"cycleway:right":null,"access":null,"maxspeed":null,"destination:street":null,"surface":"asphalt","oneway":"yes","name":"Carrera 86","lanes":"3","alt_name":null,"longitud_m":6.1576440837110322,"id_segmento":21,"id_nodo":107,"fin_id_nodo":104},"geometry":{"type":"MultiLineString","coordinates":[[[1060040.309399891877547,865537.324818117078394],[1060046.466809815028682,865537.446365628391504]]]}},
{"type":"Feature","properties":{"fid":22,"full_id":"w35110729","osm_id":"35110729","osm_type":"way","highway":"tertiary","ford":null,"width":null,"covered":null,"tunnel":null,"layer":null,"bridge":null,"disused:highway":null,"service":null,"noname":null,"motorroad":null,"smoothness":null,"motorcycle":null,"busway:right":null,"tactile_paving":null,"turn:lanes":null,"cycleway":null,"footway":null,"crossing":null,"lit":null,"motor_vehicle:conditional":null,"motor_vehicle":null,"horse":null,"operator":null,"emergency":null,"bus":null,"psv":null,"oneway:bicycle":null,"sidewalk":null,"foot":null,"bicycle":null,"cycleway:right":null,"access":null,"maxspeed":null,"destination:street":null,"surface":"asphalt","oneway":"yes","name":"Carrera 86","lanes":"3","alt_name":null,"longitud_m":84.741169915877933,"id_segmento":22,"id_nodo":104,"fin_id_nodo":102},"geometry":{"type":"MultiLineString","coordinates":[[[1060046.466809815028682,865537.446365628391504],[1060130.992134790867567,865531.218382370192558]]]}},
{"type":"Feature","properties":{"fid":23,"full_id":"w50772686","osm_id":"50772686","osm_type":"way","highway":"service","ford":null,"width":null,"covered":null,"tunnel":null,"layer":null,"bridge":null,"disused:highway":null,"service":null,"noname":null,"motorroad":null,"smoothness":null,"motorcycle":null,"busway:right":null,"tactile_paving":null,"turn:lanes":null,"cycleway":null,"footway":null,"crossing":null,"lit":null,"motor_vehicle:conditional":null,"motor_vehicle":null,"horse":null,"operator":null,"emergency":null,"bus":null,"psv":null,"oneway:bicycle":null,"sidewalk":null,"foot":null,"bicycle":null,"cycleway:right":"lane","access":"destination","maxspeed":"20","destination:street":null,"surface":null,"oneway":"yes","name":"Avenida Garcés","lanes":null,"alt_name":null,"longitud_m":16.607451697336497,"id_segmento":23,"id_nodo":103,"fin_id_nodo":100},"geometry":{"type":"MultiLineString","coordinates":[[[1060825.636839461978525,864651.08824063744396],[1060810.810110880993307,864658.575722891837358]]]}},
{"type":"Feature","properties":{"fid":24,"full_id":"w50772686","osm_id":"50772686","osm_type":"way","highway":"service","ford":null,"width":null,"covered":null,"tunnel":null,"layer":null,"bridge":null,"disused:highway":null,"service":null,"noname":null,"motorroad":null,"smoothness":null,"motorcycle":null,"busway:right":null,"tactile_paving":null,"turn:lanes":null,"cycleway":null,"footway":null,"crossing":null,"lit":null,"motor_vehicle:conditional":null,"motor_vehicle":null,"horse":null,"operator":null,"emergency":null,"bus":null,"psv":null,"oneway:bicycle":null,"sidewalk":null,"foot":null,"bicycle":null,"cycleway:right":"lane","access":"destination","maxspeed":"20","destination:street":null,"surface":null,"oneway":"yes","name":"Avenida Garcés","lanes":null,"alt_name":null,"longitud_m":185.65128125358814,"id_segmento":24,"id_nodo":100,"fin_id_nodo":62},"geometry":{"type":"MultiLineString","coordinates":[[[1060810.810110880993307,864658.575722891837358],[1060645.137676696758717,864742.420177760883234]]]}},
{"type":"Feature","properties":{"fid":25,"full_id":"w50772686","osm_id":"50772686","osm_type":"way","highway":"service","ford":null,"width":null,"covered":null,"tunnel":null,"layer":null,"bridge":null,"disused:highway":null,"service":null,"noname":null,"motorroad":null,"smoothness":null,"motorcycle":null,"busway:right":null,"tactile_paving":null,"turn:lanes":null,"cycleway":null,"footway":null,"crossing":null,"lit":null,"motor_vehicle:conditional":null,"motor_vehicle":null,"horse":null,"operator":null,"emergency":null,"bus":null,"psv":null,"oneway:bicycle":null,"sidewalk":null,"foot":null,"bicycle":null,"cycleway:right":"lane","access":"destination","maxspeed":"20","destination:street":null,"surface":null,"oneway":"yes","name":"Avenida Garcés","lanes":null,"alt_name":null,"longitud_m":112.56412728267699,"id_segmento":25,"id_nodo":62,"fin_id_nodo":82},"geometry":{"type":"MultiLineString","coordinates":[[[1060645.137676696758717,864742.420177760883234],[1060544.774052778957412,864793.428164098295383]]]}},
{"type":"Feature","properties":{"fid":26,"full_id":"w50772686","osm_id":"50772686","osm_type":"way","highway":"service","ford":null,"width":null,"covered":null,"tunnel":null,"layer":null,"bridge":null,"disused:highway":null,"service":null,"noname":null,"motorroad":null,"smoothness":null,"motorcycle":null,"busway:right":null,"tactile_paving":null,"turn:lanes":null,"cycleway":null,"footway":null,"crossing":null,"lit":null,"motor_vehicle:conditional":null,"motor_vehicle":null,"horse":null,"operator":null,"emergency":null,"bus":null,"psv":null,"oneway:bicycle":null,"sidewalk":null,"foot":null,"bicycle":null,"cycleway:right":"lane","access":"destination","maxspeed":"20","destination:street":null,"surface":null,"oneway":"yes","name":"Avenida Garcés","lanes":null,"alt_name":null,"longitud_m":86.910336825669717,"id_segmento":26,"id_nodo":82,"fin_id_nodo":81},"geometry":{"type":"MultiLineString","coordinates":[[[1060544.774052778957412,864793.428164098295383],[1060498.104444242082536,864817.151555120595731],[1060467.161800738424063,864832.56901360838674]]]}},
{"type":"Feature","properties":{"fid":27,"full_id":"w50772686","osm_id":"50772686","osm_type":"way","highway":"service","ford":null,"width":null,"covered":null,"tunnel":null,"layer":null,"bridge":null,"disused:highway":null,"service":null,"noname":null,"motorroad":null,"smoothness":null,"motorcycle":null,"busway:right":null,"tactile_paving":null,"turn:lanes":null,"cycleway":null,"footway":null,"crossing":null,"lit":null,"motor_vehicle:conditional":null,"motor_vehicle":null,"horse":null,"operator":null,"emergency":null,"bus":null,"psv":null,"oneway:bicycle":null,"sidewalk":null,"foot":null,"bicycle":null,"cycleway:right":"lane","access":"destination","maxspeed":"20","destination:street":null,"surface":null,"oneway":"yes","name":"Avenida Garcés","lanes":null,"alt_name":null,"longitud_m":40.599373138505385,"id_segmento":27,"id_nodo":81,"fin_id_nodo":80},"geometry":{"type":"MultiLineString","coordinates":[[[1060467.161800738424063,864832.56901360838674],[1060430.706394930370152,864850.452842164319009]]]}},
{"type":"Feature","properties":{"fid":28,"full_id":"w50772686","osm_id":"50772686","osm_type":"way","highway":"service","ford":null,"width":null,"covered":null,"tunnel":null,"layer":null,"bridge":null,"disused:highway":null,"service":null,"noname":null,"motorroad":null,"smoothness":null,"motorcycle":null,"busway:right":null,"tactile_paving":null,"turn:lanes":null,"cycleway":null,"footway":null,"crossing":null,"lit":null,"motor_vehicle:conditional":null,"motor_vehicle":null,"horse":null,"operator":null,"emergency":null,"bus":null,"psv":null,"oneway:bicycle":null,"sidewalk":null,"foot":null,"bicycle":null,"cycleway:right":"lane","access":"destination","maxspeed":"20","destination:street":null,"surface":null,"oneway":"yes","name":"Avenida Garcés","lanes":null,"alt_name":null,"longitud_m":31.648870467290074,"id_segmento":28,"id_nodo":80,"fin_id_nodo":90},"geometry":{"type":"MultiLineString","coordinates":[[[1060430.706394930370152,864850.452842164319009],[1060401.097454871283844,864861.645544520812109]]]}},
{"type":"Feature","properties":{"fid":29,"full_id":"w50772688","osm_id":"50772688","osm_type":"way","highway":"footway","ford":null,"width":null,"covered":null,"tunnel":null,"layer":null,"bridge":null,"disused:highway":null,"service":null,"noname":null,"motorroad":null,"smoothness":null,"motorcycle":null,"busway:right":null,"tactile_paving":null,"turn:lanes":null,"cycleway":null,"footway":null,"crossing":null,"lit":null,"motor_vehicle:conditional":null,"motor_vehicle":null,"horse":null,"operator":null,"emergency":null,"bus":null,"psv":null,"oneway:bicycle":null,"sidewalk":"both","foot":"yes","bicycle":"no","cycleway:right":null,"access":null,"maxspeed":null,"destination:street":null,"surface":null,"oneway":null,"name":null,"lanes":null,"alt_name":null,"longitud_m":7.5573388493265679,"id_segmento":29,"id_nodo":92,"fin_id_nodo":87},"geometry":{"type":"MultiLineString","coordinates":[[[1060060.361444428330287,864976.504574626451358],[1060067.919314441503957,864976.603979953448288]]]}},
{"type":"Feature","properties":{"fid":30,"full_id":"w50772688","osm_id":"50772688","osm_type":"way","highway":"footway","ford":null,"width":null,"covered":null,"tunnel":null,"layer":null,"bridge":null,"disused:highway":null,"service":null,"noname":null,"motorroad":null,"smoothness":null,"motorcycle":null,"busway:right":null,"tactile_paving":null,"turn:lanes":null,"cycleway":null,"footway":null,"crossing":null,"lit":null,"motor_vehicle:conditional":null,"motor_vehicle":null,"horse":null,"operator":null,"emergency":null,"bus":null,"psv":null,"oneway:bicycle":null,"sidewalk":"both","foot":"yes","bicycle":"no","cycleway:right":null,"access":null,"maxspeed":null,"destination:street":null,"surface":null,"oneway":null,"name":null,"lanes":null,"alt_name":null,"longitud_m":29.472468097612584,"id_segmento":30,"id_nodo":87,"fin_id_nodo":85},"geometry":{"type":"MultiLineString","coordinates":[[[1060067.919314441503957,864976.603979953448288],[1060097.395005682483315,864976.891023759264499]]]}},
{"type":"Feature","properties":{"fid":31,"full_id":"w50772688","osm_id":"50772688","osm_type":"way","highway":"footway","ford":null,"width":null,"covered":null,"tunnel":null,"layer":null,"bridge":null,"disused:highway":null,"service":null,"noname":null,"motorroad":null,"smoothness":null,"motorcycle":null,"busway:right":null,"tactile_paving":null,"turn:lanes":null,"cycleway":null,"footway":null,"crossing":null,"lit":null,"motor_vehicle:conditional":null,"motor_vehicle":null,"horse":null,"operator":null,"emergency":null,"bus":null,"psv":null,"oneway:bicycle":null,"sidewalk":"both","foot":"yes","bicycle":"no","cycleway:right":null,"access":null,"maxspeed":null,"destination:street":null,"surface":null,"oneway":null,"name":null,"lanes":null,"alt_name":null,"longitud_m":53.921558576733183,"id_segmento":31,"id_nodo":85,"fin_id_nodo":83},"geometry":{"type":"MultiLineString","coordinates":[[[1060097.395005682483315,864976.891023759264499],[1060151.322627131594345,864977.398861222201958]]]}},
{"type":"Feature","properties":{"fid":32,"full_id":"w50772688","osm_id":"50772688","osm_type":"way","highway":"footway","ford":null,"width":null,"covered":null,"tunnel":null,"layer":null,"bridge":null,"disused:highway":null,"service":null,"noname":null,"motorroad":null,"smoothness":null,"motorcycle":null,"busway:right":null,"tactile_paving":null,"turn:lanes":null,"cycleway":null,"footway":null,"crossing":null,"lit":null,"motor_vehicle:conditional":null,"motor_vehicle":null,"horse":null,"operator":null,"emergency":null,"bus":null,"psv":null,"oneway:bicycle":null,"sidewalk":"both","foot":"yes","bicycle":"no","cycleway:right":null,"access":null,"maxspeed":null,"destination:street":null,"surface":null,"oneway":null,"name":null,"lanes":null,"alt_name":null,"longitud_m":156.96375406662156,"id_segmento":32,"id_nodo":83,"fin_id_nodo":200},"geometry":{"type":"MultiLineString","coordinates":[[[1060151.322627131594345,864977.398861222201958],[1060308.304018598748371,864978.878371787024662]]]}},
{"type":"Feature","properties":{"fid":33,"full_id":"w50772689","osm_id":"50772689","osm_type":"way","highway":"service","ford":null,"width":null,"covered":null,"tunnel":null,"layer":null,"bridge":null,"disused:highway":null,"service":null,"noname":null,"motorroad":null,"smoothness":null,"motorcycle":null,"busway:right":null,"tactile_paving":null,"turn:lanes":null,"cycleway":null,"footway":null,"crossing":null,"lit":null,"motor_vehicle:conditional":null,"motor_vehicle":null,"horse":null,"operator":null,"emergency":null,"bus":null,"psv":null,"oneway:bicycle":null,"sidewalk":null,"foot":null,"bicycle":null,"cycleway:right":null,"access":"destination","maxspeed":null,"destination:street":null,"surface":null,"oneway":null,"name":"Vía Circunvalar Universitaria","lanes":null,"alt_name":null,"longitud_m":149.72619901575652,"id_segmento":33,"id_nodo":196,"fin_id_nodo":199},"geometry":{"type":"MultiLineString","coordinates":[[[1060625.204791078809649,865301.658790310611948],[1060580.968905778601766,865280.391772157745436],[1060572.332921968540177,865277.781820663716644],[1060522.362218382535502,865278.114245223812759],[1060504.845727269537747,865272.794819541159086],[1060483.683624076424167,865262.885722527746111]]]}},
{"type":"Feature","properties":{"fid":34,"full_id":"w50772689","osm_id":"50772689","osm_type":"way","highway":"service","ford":null,"width":null,"covered":null,"tunnel":null,"layer":null,"bridge":null,"disused:highway":null,"service":null,"noname":null,"motorroad":null,"smoothness":null,"motorcycle":null,"busway:right":null,"tactile_paving":null,"turn:lanes":null,"cycleway":null,"footway":null,"crossing":null,"lit":null,"motor_vehicle:conditional":null,"motor_vehicle":null,"horse":null,"operator":null,"emergency":null,"bus":null,"psv":null,"oneway:bicycle":null,"sidewalk":null,"foot":null,"bicycle":null,"cycleway:right":null,"access":"destination","maxspeed":null,"destination:street":null,"surface":null,"oneway":null,"name":"Vía Circunvalar Universitaria","lanes":null,"alt_name":null,"longitud_m":61.726593814263289,"id_segmento":34,"id_nodo":199,"fin_id_nodo":197},"geometry":{"type":"MultiLineString","coordinates":[[[1060483.683624076424167,865262.885722527746111],[1060444.882693737745285,865242.768884292105213],[1060436.880220010178164,865239.473241602652706],[1060427.544040676672012,865238.610724114347249]]]}},
{"type":"Feature","properties":{"fid":35,"full_id":"w50772689","osm_id":"50772689","osm_type":"way","highway":"service","ford":null,"width":null,"covered":null,"tunnel":null,"layer":null,"bridge":null,"disused:highway":null,"service":null,"noname":null,"motorroad":null,"smoothness":null,"motorcycle":null,"busway:right":null,"tactile_paving":null,"turn:lanes":null,"cycleway":null,"footway":null,"crossing":null,"lit":null,"motor_vehicle:conditional":null,"motor_vehicle":null,"horse":null,"operator":null,"emergency":null,"bus":null,"psv":null,"oneway:bicycle":null,"sidewalk":null,"foot":null,"bicycle":null,"cycleway:right":null,"access":"destination","maxspeed":null,"destination:street":null,"surface":null,"oneway":null,"name":"Vía Circunvalar Universitaria","lanes":null,"alt_name":null,"longitud_m":15.738300004825009,"id_segmento":35,"id_nodo":197,"fin_id_nodo":195},"geometry":{"type":"MultiLineString","coordinates":[[[1060427.544040676672012,865238.610724114347249],[1060411.828146274201572,865237.726177633157931]]]}},
{"type":"Feature","properties":{"fid":36,"full_id":"w54580894","osm_id":"54580894","osm_type":"way","highway":"service","ford":null,"width":null,"covered":null,"tunnel":null,"layer":null,"bridge":null,"disused:highway":null,"service":null,"noname":null,"motorroad":null,"smoothness":null,"motorcycle":null,"busway:right":null,"tactile_paving":null,"turn:lanes":null,"cycleway":null,"footway":null,"crossing":null,"lit":null,"motor_vehicle:conditional":null,"motor_vehicle":null,"horse":null,"operator":null,"emergency":null,"bus":null,"psv":null,"oneway:bicycle":null,"sidewalk":null,"foot":null,"bicycle":null,"cycleway:right":null,"access":"destination","maxspeed":"20","destination:street":null,"surface":null,"oneway":"no","name":null,"lanes":null,"alt_name":null,"longitud_m":174.85071009069935,"id_segmento":36,"id_nodo":196,"fin_id_nodo":210},"geometry":{"type":"MultiLineString","coordinates":[[[1060625.204791078809649,865301.658790310611948],[1060592.196463345782831,865439.981273348093964],[1060591.007410771446303,865456.084026492899284],[1060592.841495910892263,865472.507469965959899]]]}},
{"type":"Feature","properties":{"fid":37,"full_id":"w54580894","osm_id":"54580894","osm_type":"way","highway":"service","ford":null,"width":null,"covered":null,"tunnel":null,"layer":null,"bridge":null,"disused:highway":null,"service":null,"noname":null,"motorroad":null,"smoothness":null,"motorcycle":null,"busway:right":null,"tactile_paving":null,"turn:lanes":null,"cycleway":null,"footway":null,"crossing":null,"lit":null,"motor_vehicle:conditional":null,"motor_vehicle":null,"horse":null,"operator":null,"emergency":null,"bus":null,"psv":null,"oneway:bicycle":null,"sidewalk":null,"foot":null,"bicycle":null,"cycleway:right":null,"access":"destination","maxspeed":"20","destination:street":null,"surface":null,"oneway":"no","name":null,"lanes":null,"alt_name":null,"longitud_m":10.978916402878404,"id_segmento":37,"id_nodo":210,"fin_id_nodo":206},"geometry":{"type":"MultiLineString","coordinates":[[[1060592.841495910892263,865472.507469965959899],[1060593.6752129283268,865483.456437089946121]]]}},
{"type":"Feature","properties":{"fid":38,"full_id":"w177767381","osm_id":"177767381","osm_type":"way","highway":"tertiary","ford":null,"width":null,"covered":null,"tunnel":null,"layer":null,"bridge":null,"disused:highway":null,"service":null,"noname":null,"motorroad":null,"smoothness":null,"motorcycle":null,"busway:right":null,"tactile_paving":null,"turn:lanes":null,"cycleway":null,"footway":null,"crossing":null,"lit":null,"motor_vehicle:conditional":null,"motor_vehicle":null,"horse":null,"operator":null,"emergency":null,"bus":null,"psv":null,"oneway:bicycle":"yes","sidewalk":null,"foot":null,"bicycle":null,"cycleway:right":"lane","access":null,"maxspeed":null,"destination:street":null,"surface":"asphalt","oneway":"yes","name":"Calle 16","lanes":"3","alt_name":null,"longitud_m":6.3598825602059774,"id_segmento":38,"id_nodo":208,"fin_id_nodo":204},"geometry":{"type":"MultiLineString","coordinates":[[[1060897.035300352843478,864502.070852993871085],[1060896.890752154402435,864495.711599812144414]]]}},
{"type":"Feature","properties":{"fid":39,"full_id":"w177767381","osm_id":"177767381","osm_type":"way","highway":"tertiary","ford":null,"width":null,"covered":null,"tunnel":null,"layer":null,"bridge":null,"disused:highway":null,"service":null,"noname":null,"motorroad":null,"smoothness":null,"motorcycle":null,"busway:right":null,"tactile_paving":null,"turn:lanes":null,"cycleway":null,"footway":null,"crossing":null,"lit":null,"motor_vehicle:conditional":null,"motor_vehicle":null,"horse":null,"operator":null,"emergency":null,"bus":null,"psv":null,"oneway:bicycle":"yes","sidewalk":null,"foot":null,"bicycle":null,"cycleway:right":"lane","access":null,"maxspeed":null,"destination:street":null,"surface":"asphalt","oneway":"yes","name":"Calle 16","lanes":"3","alt_name":null,"longitud_m":50.841164346772082,"id_segmento":39,"id_nodo":204,"fin_id_nodo":202},"geometry":{"type":"MultiLineString","coordinates":[[[1060896.890752154402435,864495.711599812144414],[1060894.133869277546182,864444.937125692260452]]]}},
{"type":"Feature","properties":{"fid":40,"full_id":"w210436304","osm_id":"210436304","osm_type":"way","highway":"footway","ford":null,"width":null,"covered":null,"tunnel":null,"layer":null,"bridge":null,"disused:highway":null,"service":null,"noname":null,"motorroad":null,"smoothness":null,"motorcycle":null,"busway:right":null,"tactile_paving":null,"turn:lanes":null,"cycleway":null,"footway":null,"crossing":null,"lit":null,"motor_vehicle:conditional":null,"motor_vehicle":null,"horse":null,"operator":null,"emergency":null,"bus":null,"psv":null,"oneway:bicycle":null,"sidewalk":null,"foot":"yes","bicycle":"dismount","cycleway:right":null,"access":null,"maxspeed":null,"destination:street":null,"surface":null,"oneway":null,"name":null,"lanes":null,"alt_name":null,"longitud_m":30.81409555004555,"id_segmento":40,"id_nodo":203,"fin_id_nodo":190},"geometry":{"type":"MultiLineString","coordinates":[[[1060341.051106948871166,865237.981564609217457],[1060341.140184101648629,865249.162791732582264],[1060347.964474712731317,865248.974678898928687],[1060347.353361909743398,865261.770613953587599]]]}},
{"type":"Feature","properties":{"fid":41,"full_id":"w210440820","osm_id":"210440820","osm_type":"way","highway":"service","ford":null,"width":null,"covered":null,"tunnel":null,"layer":null,"bridge":null,"disused:highway":null,"service":null,"noname":null,"motorroad":null,"smoothness":null,"motorcycle":null,"busway:right":null,"tactile_paving":null,"turn:lanes":null,"cycleway":null,"footway":null,"crossing":null,"lit":null,"motor_vehicle:conditional":null,"motor_vehicle":null,"horse":null,"operator":null,"emergency":null,"bus":null,"psv":null,"oneway:bicycle":null,"sidewalk":null,"foot":null,"bicycle":null,"cycleway:right":"lane","access":"destination","maxspeed":null,"destination:street":null,"surface":null,"oneway":"yes","name":null,"lanes":null,"alt_name":null,"longitud_m":5.0929644414066333,"id_segmento":41,"id_nodo":192,"fin_id_nodo":187},"geometry":{"type":"MultiLineString","coordinates":[[[1060173.293516997946426,864820.72858828981407],[1060173.926964480662718,864815.674353058449924]]]}},
{"type":"Feature","properties":{"fid":42,"full_id":"w210440821","osm_id":"210440821","osm_type":"way","highway":"service","ford":null,"width":null,"covered":null,"tunnel":null,"layer":null,"bridge":null,"disused:highway":null,"service":null,"noname":null,"motorroad":null,"smoothness":null,"motorcycle":null,"busway:right":null,"tactile_paving":null,"turn:lanes":null,"cycleway":null,"footway":null,"crossing":null,"lit":null,"motor_vehicle:conditional":null,"motor_vehicle":null,"horse":null,"operator":null,"emergency":null,"bus":null,"psv":null,"oneway:bicycle":null,"sidewalk":null,"foot":null,"bicycle":null,"cycleway:right":null,"access":"destination","maxspeed":null,"destination:street":null,"surface":null,"oneway":null,"name":null,"lanes":null,"alt_name":null,"longitud_m":11.64281903274567,"id_segmento":42,"id_nodo":188,"fin_id_nodo":183},"geometry":{"type":"MultiLineString","coordinates":[[[1060346.169513573637232,864864.190036897081882],[1060346.725156559376046,864858.394812438054942],[1060347.291914135217667,864852.599587819422595]]]}},
{"type":"Feature","properties":{"fid":43,"full_id":"w210441122","osm_id":"210441122","osm_type":"way","highway":"pedestrian","ford":null,"width":null,"covered":null,"tunnel":null,"layer":null,"bridge":null,"disused:highway":null,"service":null,"noname":null,"motorroad":null,"smoothness":null,"motorcycle":null,"busway:right":null,"tactile_paving":null,"turn:lanes":null,"cycleway":null,"footway":null,"crossing":null,"lit":null,"motor_vehicle:conditional":null,"motor_vehicle":"no","horse":"no","operator":null,"emergency":null,"bus":null,"psv":null,"oneway:bicycle":null,"sidewalk":"both","foot":"yes","bicycle":"no","cycleway:right":null,"access":null,"maxspeed":null,"destination:street":null,"surface":null,"oneway":null,"name":null,"lanes":null,"alt_name":null,"longitud_m":120.53016082371997,"id_segmento":43,"id_nodo":185,"fin_id_nodo":180},"geometry":{"type":"MultiLineString","coordinates":[[[1060370.57862136582844,864978.313417187542655],[1060370.613669814774767,865098.862763782497495]]]}},
{"type":"Feature","properties":{"fid":44,"full_id":"w210455329","osm_id":"210455329","osm_type":"way","highway":"service","ford":null,"width":null,"covered":null,"tunnel":null,"layer":null,"bridge":null,"disused:highway":null,"service":null,"noname":null,"motorroad":null,"smoothness":null,"motorcycle":null,"busway:right":null,"tactile_paving":null,"turn:lanes":null,"cycleway":null,"footway":null,"crossing":null,"lit":null,"motor_vehicle:conditional":null,"motor_vehicle":null,"horse":null,"operator":null,"emergency":null,"bus":null,"psv":null,"oneway:bicycle":null,"sidewalk":null,"foot":null,"bicycle":null,"cycleway:right":null,"access":"destination","maxspeed":null,"destination:street":null,"surface":null,"oneway":null,"name":null,"lanes":null,"alt_name":null,"longitud_m":14.131739111621069,"id_segmento":44,"id_nodo":181,"fin_id_nodo":81},"geometry":{"type":"MultiLineString","coordinates":[[[1060460.415117585100234,864820.149204352754168],[1060467.161800738424063,864832.56901360838674]]]}},
{"type":"Feature","properties":{"fid":45,"full_id":"w210455329","osm_id":"210455329","osm_type":"way","highway":"service","ford":null,"width":null,"covered":null,"tunnel":null,"layer":null,"bridge":null,"disused:highway":null,"service":null,"noname":null,"motorroad":null,"smoothness":null,"motorcycle":null,"busway:right":null,"tactile_paving":null,"turn:lanes":null,"cycleway":null,"footway":null,"crossing":null,"lit":null,"motor_vehicle:conditional":null,"motor_vehicle":null,"horse":null,"operator":null,"emergency":null,"bus":null,"psv":null,"oneway:bicycle":null,"sidewalk":null,"foot":null,"bicycle":null,"cycleway:right":null,"access":"destination","maxspeed":null,"destination:street":null,"surface":null,"oneway":null,"name":null,"lanes":null,"alt_name":null,"longitud_m":20.561916764853425,"id_segmento":45,"id_nodo":81,"fin_id_nodo":168},"geometry":{"type":"MultiLineString","coordinates":[[[1060467.161800738424063,864832.56901360838674],[1060478.076495353132486,864849.998753954190761]]]}},
{"type":"Feature","properties":{"fid":46,"full_id":"w210455329","osm_id":"210455329","osm_type":"way","highway":"service","ford":null,"width":null,"covered":null,"tunnel":null,"layer":null,"bridge":null,"disused:highway":null,"service":null,"noname":null,"motorroad":null,"smoothness":null,"motorcycle":null,"busway:right":null,"tactile_paving":null,"turn:lanes":null,"cycleway":null,"footway":null,"crossing":null,"lit":null,"motor_vehicle:conditional":null,"motor_vehicle":null,"horse":null,"operator":null,"emergency":null,"bus":null,"psv":null,"oneway:bicycle":null,"sidewalk":null,"foot":null,"bicycle":null,"cycleway:right":null,"access":"destination","maxspeed":null,"destination:street":null,"surface":null,"oneway":null,"name":null,"lanes":null,"alt_name":null,"longitud_m":65.15157966460184,"id_segmento":46,"id_nodo":168,"fin_id_nodo":65},"geometry":{"type":"MultiLineString","coordinates":[[[1060478.076495353132486,864849.998753954190761],[1060479.96601791633293,864854.05759197473526],[1060481.021939984988421,864857.275913621531799],[1060481.911156886024401,864861.467479943064973],[1060482.266896873246878,864867.207393640535884],[1060482.912158274790272,864914.46494099451229]]]}},
{"type":"Feature","properties":{"fid":47,"full_id":"w210455329","osm_id":"210455329","osm_type":"way","highway":"service","ford":null,"width":null,"covered":null,"tunnel":null,"layer":null,"bridge":null,"disused:highway":null,"service":null,"noname":null,"motorroad":null,"smoothness":null,"motorcycle":null,"busway:right":null,"tactile_paving":null,"turn:lanes":null,"cycleway":null,"footway":null,"crossing":null,"lit":null,"motor_vehicle:conditional":null,"motor_vehicle":null,"horse":null,"operator":null,"emergency":null,"bus":null,"psv":null,"oneway:bicycle":null,"sidewalk":null,"foot":null,"bicycle":null,"cycleway:right":null,"access":"destination","maxspeed":null,"destination:street":null,"surface":null,"oneway":null,"name":null,"lanes":null,"alt_name":null,"longitud_m":17.569306062477878,"id_segmento":47,"id_nodo":65,"fin_id_nodo":194},"geometry":{"type":"MultiLineString","coordinates":[[[1060482.912158274790272,864914.46494099451229],[1060483.123514194274321,864928.211987569346093],[1060482.667843913659453,864930.114240236231126],[1060481.489724109880626,864931.563060067710467]]]}},
{"type":"Feature","properties":{"fid":48,"full_id":"w210455330","osm_id":"210455330","osm_type":"way","highway":"footway","ford":null,"width":null,"covered":null,"tunnel":null,"layer":null,"bridge":null,"disused:highway":null,"service":null,"noname":null,"motorroad":null,"smoothness":null,"motorcycle":null,"busway:right":null,"tactile_paving":null,"turn:lanes":null,"cycleway":null,"footway":null,"crossing":null,"lit":null,"motor_vehicle:conditional":null,"motor_vehicle":null,"horse":null,"operator":null,"emergency":null,"bus":null,"psv":null,"oneway:bicycle":null,"sidewalk":"both","foot":"yes","bicycle":"no","cycleway:right":null,"access":null,"maxspeed":null,"destination:street":null,"surface":null,"oneway":null,"name":null,"lanes":null,"alt_name":null,"longitud_m":125.79750653239034,"id_segmento":48,"id_nodo":61,"fin_id_nodo":167},"geometry":{"type":"MultiLineString","coordinates":[[[1060650.839562365785241,864753.557100585196167],[1060618.463960578432307,864841.293080509174615],[1060588.943937975447625,864854.399035503389314]]]}},
{"type":"Feature","properties":{"fid":49,"full_id":"w210455332","osm_id":"210455332","osm_type":"way","highway":"service","ford":null,"width":null,"covered":null,"tunnel":null,"layer":null,"bridge":null,"disused:highway":null,"service":null,"noname":null,"motorroad":null,"smoothness":null,"motorcycle":null,"busway:right":null,"tactile_paving":null,"turn:lanes":null,"cycleway":null,"footway":null,"crossing":null,"lit":null,"motor_vehicle:conditional":null,"motor_vehicle":null,"horse":null,"operator":null,"emergency":null,"bus":null,"psv":null,"oneway:bicycle":null,"sidewalk":null,"foot":null,"bicycle":null,"cycleway:right":null,"access":"destination","maxspeed":null,"destination:street":null,"surface":null,"oneway":null,"name":null,"lanes":null,"alt_name":null,"longitud_m":12.783277818243448,"id_segmento":49,"id_nodo":168,"fin_id_nodo":165},"geometry":{"type":"MultiLineString","coordinates":[[[1060478.076495353132486,864849.998753954190761],[1060489.357660029549152,864843.982195515418425]]]}},
{"type":"Feature","properties":{"fid":50,"full_id":"w210455332","osm_id":"210455332","osm_type":"way","highway":"service","ford":null,"width":null,"covered":null,"tunnel":null,"layer":null,"bridge":null,"disused:highway":null,"service":null,"noname":null,"motorroad":null,"smoothness":null,"motorcycle":null,"busway:right":null,"tactile_paving":null,"turn:lanes":null,"cycleway":null,"footway":null,"crossing":null,"lit":null,"motor_vehicle:conditional":null,"motor_vehicle":null,"horse":null,"operator":null,"emergency":null,"bus":null,"psv":null,"oneway:bicycle":null,"sidewalk":null,"foot":null,"bicycle":null,"cycleway:right":null,"access":"destination","maxspeed":null,"destination:street":null,"surface":null,"oneway":null,"name":null,"lanes":null,"alt_name":null,"longitud_m":90.317971843100537,"id_segmento":50,"id_nodo":165,"fin_id_nodo":82},"geometry":{"type":"MultiLineString","coordinates":[[[1060489.357660029549152,864843.982195515418425],[1060548.064232542878017,864815.724221531068906],[1060550.387151535600424,864814.319626156589948],[1060551.543035113252699,864812.118756400304846],[1060551.187331579625607,864809.022080447874032],[1060544.774052778957412,864793.428164098295383]]]}},
{"type":"Feature","properties":{"fid":51,"full_id":"w210460222","osm_id":"210460222","osm_type":"way","highway":"footway","ford":null,"width":null,"covered":null,"tunnel":null,"layer":null,"bridge":null,"disused:highway":null,"service":null,"noname":null,"motorroad":null,"smoothness":null,"motorcycle":null,"busway:right":null,"tactile_paving":null,"turn:lanes":null,"cycleway":null,"footway":null,"crossing":null,"lit":null,"motor_vehicle:conditional":null,"motor_vehicle":null,"horse":null,"operator":null,"emergency":null,"bus":null,"psv":null,"oneway:bicycle":null,"sidewalk":null,"foot":null,"bicycle":null,"cycleway:right":null,"access":null,"maxspeed":null,"destination:street":null,"surface":null,"oneway":null,"name":null,"lanes":null,"alt_name":null,"longitud_m":27.898357446167893,"id_segmento":51,"id_nodo":164,"fin_id_nodo":156},"geometry":{"type":"MultiLineString","coordinates":[[[1060338.556058714399114,864863.769884940353222],[1060344.135942853987217,864891.109067706391215]]]}},
{"type":"Feature","properties":{"fid":52,"full_id":"w210460223","osm_id":"210460223","osm_type":"way","highway":"service","ford":null,"width":null,"covered":null,"tunnel":null,"layer":null,"bridge":null,"disused:highway":null,"service":null,"noname":null,"motorroad":null,"smoothness":null,"motorcycle":null,"busway:right":null,"tactile_paving":null,"turn:lanes":null,"cycleway":null,"footway":null,"crossing":null,"lit":null,"motor_vehicle:conditional":null,"motor_vehicle":null,"horse":null,"operator":null,"emergency":null,"bus":null,"psv":null,"oneway:bicycle":null,"sidewalk":null,"foot":null,"bicycle":null,"cycleway:right":null,"access":null,"maxspeed":null,"destination:street":null,"surface":null,"oneway":"yes","name":null,"lanes":null,"alt_name":null,"longitud_m":14.43466010421259,"id_segmento":52,"id_nodo":162,"fin_id_nodo":178},"geometry":{"type":"MultiLineString","coordinates":[[[1060834.561773585621268,864646.409951160894707],[1060831.67198962229304,864646.210907917236909],[1060829.13785931118764,864644.817427262314595],[1060827.459539586678147,864642.472814720124006],[1060826.948242271086201,864639.630509598529898],[1060827.704003957565874,864636.854549098643474]]]}},
{"type":"Feature","properties":{"fid":53,"full_id":"w210545681","osm_id":"210545681","osm_type":"way","highway":"footway","ford":null,"width":null,"covered":null,"tunnel":null,"layer":null,"bridge":null,"disused:highway":null,"service":null,"noname":null,"motorroad":null,"smoothness":null,"motorcycle":null,"busway:right":null,"tactile_paving":null,"turn:lanes":null,"cycleway":null,"footway":null,"crossing":null,"lit":null,"motor_vehicle:conditional":null,"motor_vehicle":null,"horse":null,"operator":null,"emergency":null,"bus":null,"psv":null,"oneway:bicycle":null,"sidewalk":"both","foot":"yes","bicycle":"dismount","cycleway:right":null,"access":null,"maxspeed":null,"destination:street":null,"surface":null,"oneway":null,"name":null,"lanes":null,"alt_name":null,"longitud_m":6.0787078127039207,"id_segmento":53,"id_nodo":170,"fin_id_nodo":176},"geometry":{"type":"MultiLineString","coordinates":[[[1060487.309050206327811,864572.989502415293828],[1060481.229389340151101,864572.989583575865254]]]}},
{"type":"Feature","properties":{"fid":54,"full_id":"w210545681","osm_id":"210545681","osm_type":"way","highway":"footway","ford":null,"width":null,"covered":null,"tunnel":null,"layer":null,"bridge":null,"disused:highway":null,"service":null,"noname":null,"motorroad":null,"smoothness":null,"motorcycle":null,"busway:right":null,"tactile_paving":null,"turn:lanes":null,"cycleway":null,"footway":null,"crossing":null,"lit":null,"motor_vehicle:conditional":null,"motor_vehicle":null,"horse":null,"operator":null,"emergency":null,"bus":null,"psv":null,"oneway:bicycle":null,"sidewalk":"both","foot":"yes","bicycle":"dismount","cycleway:right":null,"access":null,"maxspeed":null,"destination:street":null,"surface":null,"oneway":null,"name":null,"lanes":null,"alt_name":null,"longitud_m":233.97688439047684,"id_segmento":54,"id_nodo":176,"fin_id_nodo":172},"geometry":{"type":"MultiLineString","coordinates":[[[1060481.229389340151101,864572.989583575865254],[1060481.452111215796322,864605.869691507890821],[1060486.33402507356368,864806.943725370103493]]]}},
{"type":"Feature","properties":{"fid":55,"full_id":"w210545790","osm_id":"210545790","osm_type":"way","highway":"service","ford":null,"width":null,"covered":null,"tunnel":null,"layer":null,"bridge":null,"disused:highway":null,"service":null,"noname":null,"motorroad":null,"smoothness":null,"motorcycle":null,"busway:right":null,"tactile_paving":null,"turn:lanes":null,"cycleway":null,"footway":null,"crossing":null,"lit":null,"motor_vehicle:conditional":null,"motor_vehicle":null,"horse":null,"operator":null,"emergency":null,"bus":null,"psv":null,"oneway:bicycle":null,"sidewalk":"both","foot":"yes","bicycle":null,"cycleway:right":null,"access":"destination","maxspeed":"20","destination:street":null,"surface":null,"oneway":"no","name":null,"lanes":null,"alt_name":null,"longitud_m":231.21928973043427,"id_segmento":55,"id_nodo":174,"fin_id_nodo":170},"geometry":{"type":"MultiLineString","coordinates":[[[1060491.85791062284261,864804.200877744355239],[1060487.309050206327811,864572.989502415293828]]]}},
{"type":"Feature","properties":{"fid":56,"full_id":"w210545790","osm_id":"210545790","osm_type":"way","highway":"service","ford":null,"width":null,"covered":null,"tunnel":null,"layer":null,"bridge":null,"disused:highway":null,"service":null,"noname":null,"motorroad":null,"smoothness":null,"motorcycle":null,"busway:right":null,"tactile_paving":null,"turn:lanes":null,"cycleway":null,"footway":null,"crossing":null,"lit":null,"motor_vehicle:conditional":null,"motor_vehicle":null,"horse":null,"operator":null,"emergency":null,"bus":null,"psv":null,"oneway:bicycle":null,"sidewalk":"both","foot":"yes","bicycle":null,"cycleway:right":null,"access":"destination","maxspeed":"20","destination:street":null,"surface":null,"oneway":"no","name":null,"lanes":null,"alt_name":null,"longitud_m":34.331795943957125,"id_segmento":56,"id_nodo":170,"fin_id_nodo":151},"geometry":{"type":"MultiLineString","coordinates":[[[1060487.309050206327811,864572.989502415293828],[1060486.297381497221068,864554.276718162815087],[1060484.452297745039687,864549.111922123469412],[1060480.984500575112179,864544.865092386142351],[1060477.094372786581516,864542.354621409089305]]]}},
{"type":"Feature","properties":{"fid":57,"full_id":"w210545790","osm_id":"210545790","osm_type":"way","highway":"service","ford":null,"width":null,"covered":null,"tunnel":null,"layer":null,"bridge":null,"disused:highway":null,"service":null,"noname":null,"motorroad":null,"smoothness":null,"motorcycle":null,"busway:right":null,"tactile_paving":null,"turn:lanes":null,"cycleway":null,"footway":null,"crossing":null,"lit":null,"motor_vehicle:conditional":null,"motor_vehicle":null,"horse":null,"operator":null,"emergency":null,"bus":null,"psv":null,"oneway:bicycle":null,"sidewalk":"both","foot":"yes","bicycle":null,"cycleway:right":null,"access":"destination","maxspeed":"20","destination:street":null,"surface":null,"oneway":"no","name":null,"lanes":null,"alt_name":null,"longitud_m":23.547905644301306,"id_segmento":57,"id_nodo":151,"fin_id_nodo":148},"geometry":{"type":"MultiLineString","coordinates":[[[1060477.094372786581516,864542.354621409089305],[1060471.003576086368412,864540.872720505925827],[1060453.753769324393943,864539.80017574923113]]]}},
{"type":"Feature","properties":{"fid":58,"full_id":"w210546041","osm_id":"210546041","osm_type":"way","highway":"path","ford":null,"width":null,"covered":null,"tunnel":null,"layer":null,"bridge":null,"disused:highway":null,"service":null,"noname":null,"motorroad":null,"smoothness":null,"motorcycle":null,"busway:right":null,"tactile_paving":null,"turn:lanes":null,"cycleway":null,"footway":null,"crossing":null,"lit":null,"motor_vehicle:conditional":null,"motor_vehicle":null,"horse":null,"operator":null,"emergency":null,"bus":null,"psv":null,"oneway:bicycle":null,"sidewalk":"both","foot":"yes","bicycle":"dismount","cycleway:right":null,"access":null,"maxspeed":null,"destination:street":null,"surface":"grass","oneway":null,"name":null,"lanes":null,"alt_name":null,"longitud_m":135.29735055968612,"id_segmento":58,"id_nodo":150,"fin_id_nodo":146},"geometry":{"type":"MultiLineString","coordinates":[[[1060427.013445424148813,864635.388434334425256],[1060401.70588991092518,864654.798339699627832],[1060366.528597394004464,864671.974359584506601],[1060333.729793577687815,864686.772547759348527],[1060323.515611465554684,864692.402021825197153],[1060314.023993223439902,864706.060736157931387]]]}},
{"type":"Feature","properties":{"fid":59,"full_id":"w210607937","osm_id":"210607937","osm_type":"way","highway":"bridleway","ford":null,"width":null,"covered":null,"tunnel":null,"layer":null,"bridge":null,"disused:highway":null,"service":null,"noname":null,"motorroad":null,"smoothness":null,"motorcycle":null,"busway:right":null,"tactile_paving":null,"turn:lanes":null,"cycleway":null,"footway":null,"crossing":null,"lit":null,"motor_vehicle:conditional":null,"motor_vehicle":null,"horse":null,"operator":null,"emergency":null,"bus":null,"psv":null,"oneway:bicycle":null,"sidewalk":"both","foot":"yes","bicycle":"destination","cycleway:right":null,"access":null,"maxspeed":null,"destination:street":null,"surface":"dirt","oneway":null,"name":null,"lanes":null,"alt_name":null,"longitud_m":23.50702010613773,"id_segmento":59,"id_nodo":147,"fin_id_nodo":144},"geometry":{"type":"MultiLineString","coordinates":[[[1060147.277477022260427,865010.245860189781524],[1060154.113263081992045,865032.740919180214405]]]}},
{"type":"Feature","properties":{"fid":60,"full_id":"w210607937","osm_id":"210607937","osm_type":"way","highway":"bridleway","ford":null,"width":null,"covered":null,"tunnel":null,"layer":null,"bridge":null,"disused:highway":null,"service":null,"noname":null,"motorroad":null,"smoothness":null,"motorcycle":null,"busway:right":null,"tactile_paving":null,"turn:lanes":null,"cycleway":null,"footway":null,"crossing":null,"lit":null,"motor_vehicle:conditional":null,"motor_vehicle":null,"horse":null,"operator":null,"emergency":null,"bus":null,"psv":null,"oneway:bicycle":null,"sidewalk":"both","foot":"yes","bicycle":"destination","cycleway:right":null,"access":null,"maxspeed":null,"destination:street":null,"surface":"dirt","oneway":null,"name":null,"lanes":null,"alt_name":null,"longitud_m":70.239077845412965,"id_segmento":60,"id_nodo":144,"fin_id_nodo":160},"geometry":{"type":"MultiLineString","coordinates":[[[1060154.113263081992045,865032.740919180214405],[1060162.015855813398957,865043.855660373810679],[1060183.178128376370296,865059.880637145251967],[1060211.031251484528184,865071.205192792112939]]]}},
{"type":"Feature","properties":{"fid":61,"full_id":"w210608183","osm_id":"210608183","osm_type":"way","highway":"bridleway","ford":null,"width":null,"covered":null,"tunnel":null,"layer":null,"bridge":null,"disused:highway":null,"service":null,"noname":null,"motorroad":null,"smoothness":null,"motorcycle":null,"busway:right":null,"tactile_paving":null,"turn:lanes":null,"cycleway":null,"footway":null,"crossing":null,"lit":null,"motor_vehicle:conditional":null,"motor_vehicle":null,"horse":null,"operator":null,"emergency":null,"bus":null,"psv":null,"oneway:bicycle":null,"sidewalk":null,"foot":"yes","bicycle":"dismount","cycleway:right":null,"access":null,"maxspeed":null,"destination:street":null,"surface":"dirt","oneway":null,"name":null,"lanes":null,"alt_name":null,"longitud_m":65.471483316740049,"id_segmento":61,"id_nodo":85,"fin_id_nodo":158},"geometry":{"type":"MultiLineString","coordinates":[[[1060097.395005682483315,864976.891023759264499],[1060120.280001240549609,864989.951993115479127],[1060134.428916200529784,864998.688819393748417],[1060145.032468287507072,865017.766407043673098],[1060145.654885042225942,865018.03182650078088]]]}},
{"type":"Feature","properties":{"fid":62,"full_id":"w210609752","osm_id":"210609752","osm_type":"way","highway":"footway","ford":null,"width":null,"covered":null,"tunnel":null,"layer":null,"bridge":null,"disused:highway":null,"service":null,"noname":null,"motorroad":null,"smoothness":null,"motorcycle":null,"busway:right":null,"tactile_paving":null,"turn:lanes":null,"cycleway":null,"footway":null,"crossing":null,"lit":null,"motor_vehicle:conditional":null,"motor_vehicle":null,"horse":null,"operator":null,"emergency":null,"bus":null,"psv":null,"oneway:bicycle":null,"sidewalk":null,"foot":null,"bicycle":null,"cycleway:right":null,"access":null,"maxspeed":null,"destination:street":null,"surface":null,"oneway":null,"name":null,"lanes":null,"alt_name":null,"longitud_m":48.293879550437033,"id_segmento":62,"id_nodo":153,"fin_id_nodo":155},"geometry":{"type":"MultiLineString","coordinates":[[[1060346.870244431775063,864900.122579727205448],[1060359.519232158316299,864946.738495974335819]]]}},
{"type":"Feature","properties":{"fid":63,"full_id":"w210609756","osm_id":"210609756","osm_type":"way","highway":"steps","ford":null,"width":null,"covered":null,"tunnel":null,"layer":null,"bridge":null,"disused:highway":null,"service":null,"noname":null,"motorroad":null,"smoothness":null,"motorcycle":null,"busway:right":null,"tactile_paving":null,"turn:lanes":null,"cycleway":null,"footway":null,"crossing":null,"lit":null,"motor_vehicle:conditional":null,"motor_vehicle":null,"horse":null,"operator":null,"emergency":null,"bus":null,"psv":null,"oneway:bicycle":null,"sidewalk":null,"foot":null,"bicycle":null,"cycleway:right":null,"access":null,"maxspeed":null,"destination:street":null,"surface":null,"oneway":null,"name":null,"lanes":null,"alt_name":null,"longitud_m":9.417622048856682,"id_segmento":63,"id_nodo":156,"fin_id_nodo":153},"geometry":{"type":"MultiLineString","coordinates":[[[1060344.135942853987217,864891.109067706391215],[1060346.870244431775063,864900.122579727205448]]]}},
{"type":"Feature","properties":{"fid":64,"full_id":"w210610706","osm_id":"210610706","osm_type":"way","highway":"footway","ford":null,"width":null,"covered":null,"tunnel":null,"layer":null,"bridge":null,"disused:highway":null,"service":null,"noname":null,"motorroad":null,"smoothness":null,"motorcycle":null,"busway:right":null,"tactile_paving":null,"turn:lanes":null,"cycleway":null,"footway":null,"crossing":null,"lit":null,"motor_vehicle:conditional":null,"motor_vehicle":null,"horse":null,"operator":null,"emergency":null,"bus":null,"psv":null,"oneway:bicycle":null,"sidewalk":null,"foot":null,"bicycle":null,"cycleway:right":null,"access":null,"maxspeed":null,"destination:street":null,"surface":null,"oneway":null,"name":null,"lanes":null,"alt_name":null,"longitud_m":7.0924086143469838,"id_segmento":64,"id_nodo":154,"fin_id_nodo":270},"geometry":{"type":"MultiLineString","coordinates":[[[1060672.079740718472749,864780.144066323759034],[1060665.388819080544636,864782.499833084060811]]]}},
{"type":"Feature","properties":{"fid":65,"full_id":"w210611606","osm_id":"210611606","osm_type":"way","highway":"footway","ford":null,"width":null,"covered":null,"tunnel":null,"layer":null,"bridge":null,"disused:highway":null,"service":null,"noname":null,"motorroad":null,"smoothness":null,"motorcycle":null,"busway:right":null,"tactile_paving":null,"turn:lanes":null,"cycleway":null,"footway":null,"crossing":null,"lit":null,"motor_vehicle:conditional":null,"motor_vehicle":null,"horse":null,"operator":null,"emergency":null,"bus":null,"psv":null,"oneway:bicycle":null,"sidewalk":null,"foot":null,"bicycle":null,"cycleway:right":null,"access":null,"maxspeed":null,"destination:street":null,"surface":null,"oneway":null,"name":null,"lanes":null,"alt_name":null,"longitud_m":33.323154488496805,"id_segmento":65,"id_nodo":271,"fin_id_nodo":258},"geometry":{"type":"MultiLineString","coordinates":[[[1060268.138070984510705,865104.703745707753114],[1060277.974401003448293,865104.592999078566208],[1060278.185928857885301,865128.083529168390669]]]}},
{"type":"Feature","properties":{"fid":66,"full_id":"w210611607","osm_id":"210611607","osm_type":"way","highway":"footway","ford":null,"width":null,"covered":null,"tunnel":null,"layer":null,"bridge":null,"disused:highway":null,"service":null,"noname":null,"motorroad":null,"smoothness":null,"motorcycle":null,"busway:right":null,"tactile_paving":null,"turn:lanes":null,"cycleway":null,"footway":null,"crossing":null,"lit":null,"motor_vehicle:conditional":null,"motor_vehicle":null,"horse":null,"operator":null,"emergency":null,"bus":null,"psv":null,"oneway:bicycle":null,"sidewalk":null,"foot":"yes","bicycle":null,"cycleway:right":null,"access":null,"maxspeed":null,"destination:street":null,"surface":null,"oneway":null,"name":null,"lanes":null,"alt_name":null,"longitud_m":16.764708456723074,"id_segmento":66,"id_nodo":269,"fin_id_nodo":262},"geometry":{"type":"MultiLineString","coordinates":[[[1060191.059119746321812,865111.019976004376076],[1060191.248331207083538,865127.78628581832163]]]}},
{"type":"Feature","properties":{"fid":67,"full_id":"w210611607","osm_id":"210611607","osm_type":"way","highway":"footway","ford":null,"width":null,"covered":null,"tunnel":null,"layer":null,"bridge":null,"disused:highway":null,"service":null,"noname":null,"motorroad":null,"smoothness":null,"motorcycle":null,"busway:right":null,"tactile_paving":null,"turn:lanes":null,"cycleway":null,"footway":null,"crossing":null,"lit":null,"motor_vehicle:conditional":null,"motor_vehicle":null,"horse":null,"operator":null,"emergency":null,"bus":null,"psv":null,"oneway:bicycle":null,"sidewalk":null,"foot":"yes","bicycle":null,"cycleway:right":null,"access":null,"maxspeed":null,"destination:street":null,"surface":null,"oneway":null,"name":null,"lanes":null,"alt_name":null,"longitud_m":7.0515555948650581,"id_segmento":67,"id_nodo":262,"fin_id_nodo":266},"geometry":{"type":"MultiLineString","coordinates":[[[1060191.248331207083538,865127.78628581832163],[1060186.669243571581319,865133.150252663530409]]]}},
{"type":"Feature","properties":{"fid":68,"full_id":"w210613645","osm_id":"210613645","osm_type":"way","highway":"pedestrian","ford":null,"width":null,"covered":null,"tunnel":null,"layer":null,"bridge":null,"disused:highway":null,"service":null,"noname":null,"motorroad":null,"smoothness":null,"motorcycle":null,"busway:right":null,"tactile_paving":null,"turn:lanes":null,"cycleway":null,"footway":null,"crossing":null,"lit":null,"motor_vehicle:conditional":null,"motor_vehicle":null,"horse":null,"operator":null,"emergency":null,"bus":null,"psv":null,"oneway:bicycle":null,"sidewalk":null,"foot":"yes","bicycle":null,"cycleway:right":null,"access":null,"maxspeed":null,"destination:street":null,"surface":null,"oneway":null,"name":null,"lanes":null,"alt_name":null,"longitud_m":93.240847137942509,"id_segmento":68,"id_nodo":267,"fin_id_nodo":278},"geometry":{"type":"MultiLineString","coordinates":[[[1060585.688898782944307,864979.217418122570962],[1060584.167345214169472,865072.4606980367098]]]}},
{"type":"Feature","properties":{"fid":69,"full_id":"w210614068","osm_id":"210614068","osm_type":"way","highway":"service","ford":null,"width":null,"covered":null,"tunnel":null,"layer":null,"bridge":null,"disused:highway":null,"service":null,"noname":null,"motorroad":null,"smoothness":null,"motorcycle":null,"busway:right":null,"tactile_paving":null,"turn:lanes":null,"cycleway":null,"footway":null,"crossing":null,"lit":null,"motor_vehicle:conditional":null,"motor_vehicle":null,"horse":null,"operator":null,"emergency":null,"bus":null,"psv":null,"oneway:bicycle":null,"sidewalk":null,"foot":null,"bicycle":null,"cycleway:right":null,"access":"destination","maxspeed":null,"destination:street":null,"surface":null,"oneway":"yes","name":null,"lanes":null,"alt_name":null,"longitud_m":38.144737821021813,"id_segmento":69,"id_nodo":67,"fin_id_nodo":72},"geometry":{"type":"MultiLineString","coordinates":[[[1060182.033983424073085,865100.723659236566164],[1060179.133138313423842,865103.189991074730642],[1060175.798818176146597,865105.048053516773507],[1060172.164395724888891,865106.220427418593317],[1060168.374358680797741,865106.662872159155086],[1060164.562080774223432,865106.364325999398716],[1060160.883164916187525,865105.324786390177906],[1060157.482100415742025,865103.599548808881082],[1060155.703757528448477,865102.17289310938213],[1060154.481147426413372,865101.232849509106018],[1060152.013681888114661,865098.346341562923044],[1060150.157506559975445,865095.01744066120591]]]}},
{"type":"Feature","properties":{"fid":70,"full_id":"w210614851","osm_id":"210614851","osm_type":"way","highway":"service","ford":null,"width":null,"covered":null,"tunnel":null,"layer":null,"bridge":null,"disused:highway":null,"service":null,"noname":null,"motorroad":null,"smoothness":null,"motorcycle":null,"busway:right":null,"tactile_paving":null,"turn:lanes":null,"cycleway":null,"footway":null,"crossing":null,"lit":null,"motor_vehicle:conditional":null,"motor_vehicle":null,"horse":null,"operator":null,"emergency":null,"bus":null,"psv":null,"oneway:bicycle":null,"sidewalk":null,"foot":null,"bicycle":null,"cycleway:right":null,"access":null,"maxspeed":"20","destination:street":null,"surface":null,"oneway":"yes","name":null,"lanes":null,"alt_name":null,"longitud_m":13.789533742028517,"id_segmento":70,"id_nodo":273,"fin_id_nodo":275},"geometry":{"type":"MultiLineString","coordinates":[[[1060594.297695027664304,865489.439658486517146],[1060603.100474445382133,865500.056740673840977]]]}},
{"type":"Feature","properties":{"fid":71,"full_id":"w210614852","osm_id":"210614852","osm_type":"way","highway":"service","ford":null,"width":null,"covered":null,"tunnel":null,"layer":null,"bridge":null,"disused:highway":null,"service":null,"noname":null,"motorroad":null,"smoothness":null,"motorcycle":null,"busway:right":null,"tactile_paving":null,"turn:lanes":null,"cycleway":null,"footway":null,"crossing":null,"lit":null,"motor_vehicle:conditional":null,"motor_vehicle":null,"horse":null,"operator":null,"emergency":null,"bus":null,"psv":null,"oneway:bicycle":null,"sidewalk":null,"foot":null,"bicycle":null,"cycleway:right":null,"access":null,"maxspeed":null,"destination:street":null,"surface":null,"oneway":"yes","name":null,"lanes":null,"alt_name":null,"longitud_m":13.754025778606207,"id_segmento":71,"id_nodo":276,"fin_id_nodo":273},"geometry":{"type":"MultiLineString","coordinates":[[[1060587.028980489587411,865501.118657452519983],[1060594.297695027664304,865489.439658486517146]]]}},
{"type":"Feature","properties":{"fid":72,"full_id":"w210619623","osm_id":"210619623","osm_type":"way","highway":"service","ford":null,"width":null,"covered":null,"tunnel":null,"layer":null,"bridge":null,"disused:highway":null,"service":null,"noname":null,"motorroad":null,"smoothness":null,"motorcycle":null,"busway:right":null,"tactile_paving":null,"turn:lanes":null,"cycleway":null,"footway":null,"crossing":null,"lit":null,"motor_vehicle:conditional":null,"motor_vehicle":null,"horse":null,"operator":null,"emergency":null,"bus":null,"psv":null,"oneway:bicycle":null,"sidewalk":null,"foot":null,"bicycle":null,"cycleway:right":null,"access":"destination","maxspeed":null,"destination:street":null,"surface":null,"oneway":null,"name":null,"lanes":null,"alt_name":null,"longitud_m":41.094425317974228,"id_segmento":72,"id_nodo":274,"fin_id_nodo":259},"geometry":{"type":"MultiLineString","coordinates":[[[1060170.278254627948627,865313.919241516268812],[1060172.923544123535976,865316.661972540663555],[1060174.72415460087359,865320.742925717495382],[1060174.902053854428232,865324.978739331709221],[1060174.624648449243978,865353.567740381346084]]]}},
{"type":"Feature","properties":{"fid":73,"full_id":"w210619623","osm_id":"210619623","osm_type":"way","highway":"service","ford":null,"width":null,"covered":null,"tunnel":null,"layer":null,"bridge":null,"disused:highway":null,"service":null,"noname":null,"motorroad":null,"smoothness":null,"motorcycle":null,"busway:right":null,"tactile_paving":null,"turn:lanes":null,"cycleway":null,"footway":null,"crossing":null,"lit":null,"motor_vehicle:conditional":null,"motor_vehicle":null,"horse":null,"operator":null,"emergency":null,"bus":null,"psv":null,"oneway:bicycle":null,"sidewalk":null,"foot":null,"bicycle":null,"cycleway:right":null,"access":"destination","maxspeed":null,"destination:street":null,"surface":null,"oneway":null,"name":null,"lanes":null,"alt_name":null,"longitud_m":61.9122722135942,"id_segmento":73,"id_nodo":259,"fin_id_nodo":256},"geometry":{"type":"MultiLineString","coordinates":[[[1060174.624648449243978,865353.567740381346084],[1060175.136388645507395,865383.284805053030141],[1060174.958621218800545,865387.299432990024798],[1060173.936133796814829,865390.042223762255162],[1060171.880000769160688,865392.785031382460147],[1060169.056957956869155,865394.808979303343222],[1060165.355857633752748,865395.926056661061011],[1060150.873710632091388,865396.313379583647475]]]}},
{"type":"Feature","properties":{"fid":74,"full_id":"w210634404","osm_id":"210634404","osm_type":"way","highway":"steps","ford":null,"width":null,"covered":null,"tunnel":null,"layer":null,"bridge":null,"disused:highway":null,"service":null,"noname":null,"motorroad":null,"smoothness":null,"motorcycle":null,"busway:right":null,"tactile_paving":null,"turn:lanes":null,"cycleway":null,"footway":null,"crossing":null,"lit":null,"motor_vehicle:conditional":null,"motor_vehicle":null,"horse":null,"operator":null,"emergency":null,"bus":null,"psv":null,"oneway:bicycle":null,"sidewalk":null,"foot":null,"bicycle":null,"cycleway:right":null,"access":null,"maxspeed":null,"destination:street":null,"surface":null,"oneway":null,"name":null,"lanes":null,"alt_name":null,"longitud_m":5.1744750644399256,"id_segmento":74,"id_nodo":258,"fin_id_nodo":252},"geometry":{"type":"MultiLineString","coordinates":[[[1060278.185928857885301,865128.083529168390669],[1060275.518516296287999,865132.518458817852661]]]}},
{"type":"Feature","properties":{"fid":75,"full_id":"w210634405","osm_id":"210634405","osm_type":"way","highway":"footway","ford":null,"width":null,"covered":null,"tunnel":null,"layer":null,"bridge":null,"disused:highway":null,"service":null,"noname":null,"motorroad":null,"smoothness":null,"motorcycle":null,"busway:right":null,"tactile_paving":null,"turn:lanes":null,"cycleway":null,"footway":null,"crossing":null,"lit":null,"motor_vehicle:conditional":null,"motor_vehicle":null,"horse":null,"operator":null,"emergency":null,"bus":null,"psv":null,"oneway:bicycle":null,"sidewalk":null,"foot":null,"bicycle":null,"cycleway:right":null,"access":null,"maxspeed":null,"destination:street":null,"surface":null,"oneway":null,"name":null,"lanes":null,"alt_name":null,"longitud_m":39.507390179182842,"id_segmento":75,"id_nodo":254,"fin_id_nodo":248},"geometry":{"type":"MultiLineString","coordinates":[[[1060483.259521504165605,865129.197608216083609],[1060443.880816275719553,865125.935567514854483]]]}},
{"type":"Feature","properties":{"fid":76,"full_id":"w210634407","osm_id":"210634407","osm_type":"way","highway":"steps","ford":null,"width":null,"covered":null,"tunnel":null,"layer":null,"bridge":null,"disused:highway":null,"service":null,"noname":null,"motorroad":null,"smoothness":null,"motorcycle":null,"busway:right":null,"tactile_paving":null,"turn:lanes":null,"cycleway":null,"footway":null,"crossing":null,"lit":null,"motor_vehicle:conditional":null,"motor_vehicle":null,"horse":null,"operator":null,"emergency":null,"bus":null,"psv":null,"oneway:bicycle":null,"sidewalk":null,"foot":null,"bicycle":null,"cycleway:right":null,"access":null,"maxspeed":null,"destination:street":null,"surface":null,"oneway":null,"name":null,"lanes":null,"alt_name":null,"longitud_m":20.38080326113413,"id_segmento":76,"id_nodo":250,"fin_id_nodo":254},"geometry":{"type":"MultiLineString","coordinates":[[[1060503.643507894594222,865129.175218718126416],[1060483.259521504165605,865129.197608216083609]]]}},
{"type":"Feature","properties":{"fid":77,"full_id":"w210634409","osm_id":"210634409","osm_type":"way","highway":"footway","ford":null,"width":null,"covered":null,"tunnel":null,"layer":null,"bridge":null,"disused:highway":null,"service":null,"noname":null,"motorroad":null,"smoothness":null,"motorcycle":null,"busway:right":null,"tactile_paving":null,"turn:lanes":null,"cycleway":null,"footway":null,"crossing":null,"lit":null,"motor_vehicle:conditional":null,"motor_vehicle":null,"horse":null,"operator":null,"emergency":null,"bus":null,"psv":null,"oneway:bicycle":null,"sidewalk":null,"foot":null,"bicycle":null,"cycleway:right":null,"access":null,"maxspeed":null,"destination:street":null,"surface":null,"oneway":null,"name":null,"lanes":null,"alt_name":null,"longitud_m":35.772127135344874,"id_segmento":77,"id_nodo":265,"fin_id_nodo":258},"geometry":{"type":"MultiLineString","coordinates":[[[1060313.963495252653956,865128.1935838048812],[1060278.185928857885301,865128.083529168390669]]]}},
{"type":"Feature","properties":{"fid":78,"full_id":"w210634409","osm_id":"210634409","osm_type":"way","highway":"footway","ford":null,"width":null,"covered":null,"tunnel":null,"layer":null,"bridge":null,"disused:highway":null,"service":null,"noname":null,"motorroad":null,"smoothness":null,"motorcycle":null,"busway:right":null,"tactile_paving":null,"turn:lanes":null,"cycleway":null,"footway":null,"crossing":null,"lit":null,"motor_vehicle:conditional":null,"motor_vehicle":null,"horse":null,"operator":null,"emergency":null,"bus":null,"psv":null,"oneway:bicycle":null,"sidewalk":null,"foot":null,"bicycle":null,"cycleway:right":null,"access":null,"maxspeed":null,"destination:street":null,"surface":null,"oneway":null,"name":null,"lanes":null,"alt_name":null,"longitud_m":86.924477364251501,"id_segmento":78,"id_nodo":258,"fin_id_nodo":262},"geometry":{"type":"MultiLineString","coordinates":[[[1060278.185928857885301,865128.083529168390669],[1060191.248331207083538,865127.78628581832163]]]}},
{"type":"Feature","properties":{"fid":79,"full_id":"w297310315","osm_id":"297310315","osm_type":"way","highway":"tertiary","ford":null,"width":null,"covered":null,"tunnel":null,"layer":null,"bridge":null,"disused:highway":null,"service":null,"noname":null,"motorroad":null,"smoothness":null,"motorcycle":null,"busway:right":null,"tactile_paving":null,"turn:lanes":null,"cycleway":null,"footway":null,"crossing":null,"lit":null,"motor_vehicle:conditional":"no @ (Su 08:00-13:00)","motor_vehicle":null,"horse":null,"operator":null,"emergency":null,"bus":null,"psv":null,"oneway:bicycle":"yes","sidewalk":null,"foot":null,"bicycle":null,"cycleway:right":"lane","access":null,"maxspeed":"30","destination:street":null,"surface":"asphalt","oneway":"yes","name":"Calle 16","lanes":"3","alt_name":null,"longitud_m":597.04119045922675,"id_segmento":79,"id_nodo":263,"fin_id_nodo":260},"geometry":{"type":"MultiLineString","coordinates":[[[1060957.984616137575358,865440.961695225909352],[1060920.456783853005618,864845.005877634044737]]]}},
{"type":"Feature","properties":{"fid":80,"full_id":"w297310315","osm_id":"297310315","osm_type":"way","highway":"tertiary","ford":null,"width":null,"covered":null,"tunnel":null,"layer":null,"bridge":null,"disused:highway":null,"service":null,"noname":null,"motorroad":null,"smoothness":null,"motorcycle":null,"busway:right":null,"tactile_paving":null,"turn:lanes":null,"cycleway":null,"footway":null,"crossing":null,"lit":null,"motor_vehicle:conditional":"no @ (Su 08:00-13:00)","motor_vehicle":null,"horse":null,"operator":null,"emergency":null,"bus":null,"psv":null,"oneway:bicycle":"yes","sidewalk":null,"foot":null,"bicycle":null,"cycleway:right":"lane","access":null,"maxspeed":"30","destination:street":null,"surface":"asphalt","oneway":"yes","name":"Calle 16","lanes":"3","alt_name":null,"longitud_m":234.58059956700473,"id_segmento":80,"id_nodo":260,"fin_id_nodo":239},"geometry":{"type":"MultiLineString","coordinates":[[[1060920.456783853005618,864845.005877634044737],[1060903.416061051655561,864611.007588154403493]]]}},
{"type":"Feature","properties":{"fid":81,"full_id":"w297310315","osm_id":"297310315","osm_type":"way","highway":"tertiary","ford":null,"width":null,"covered":null,"tunnel":null,"layer":null,"bridge":null,"disused:highway":null,"service":null,"noname":null,"motorroad":null,"smoothness":null,"motorcycle":null,"busway:right":null,"tactile_paving":null,"turn:lanes":null,"cycleway":null,"footway":null,"crossing":null,"lit":null,"motor_vehicle:conditional":"no @ (Su 08:00-13:00)","motor_vehicle":null,"horse":null,"operator":null,"emergency":null,"bus":null,"psv":null,"oneway:bicycle":"yes","sidewalk":null,"foot":null,"bicycle":null,"cycleway:right":"lane","access":null,"maxspeed":"30","destination:street":null,"surface":"asphalt","oneway":"yes","name":"Calle 16","lanes":"3","alt_name":null,"longitud_m":5.9728379724399403,"id_segmento":81,"id_nodo":239,"fin_id_nodo":236},"geometry":{"type":"MultiLineString","coordinates":[[[1060903.416061051655561,864611.007588154403493],[1060903.026996910106391,864605.046481895144098]]]}},
{"type":"Feature","properties":{"fid":82,"full_id":"w297310321","osm_id":"297310321","osm_type":"way","highway":"secondary","ford":null,"width":null,"covered":null,"tunnel":null,"layer":null,"bridge":null,"disused:highway":null,"service":null,"noname":null,"motorroad":null,"smoothness":null,"motorcycle":null,"busway:right":null,"tactile_paving":null,"turn:lanes":null,"cycleway":null,"footway":null,"crossing":null,"lit":"yes","motor_vehicle:conditional":null,"motor_vehicle":null,"horse":null,"operator":null,"emergency":null,"bus":null,"psv":null,"oneway:bicycle":null,"sidewalk":null,"foot":null,"bicycle":null,"cycleway:right":null,"access":null,"maxspeed":"50","destination:street":null,"surface":"asphalt","oneway":"yes","name":"Calle 13","lanes":"3","alt_name":"Avenida Pasoancho","longitud_m":27.467078091308199,"id_segmento":82,"id_nodo":136,"fin_id_nodo":234},"geometry":{"type":"MultiLineString","coordinates":[[[1060062.255849642446265,864612.821539023309015],[1060060.522445749025792,864640.238250860362314]]]}},
{"type":"Feature","properties":{"fid":83,"full_id":"w297310321","osm_id":"297310321","osm_type":"way","highway":"secondary","ford":null,"width":null,"covered":null,"tunnel":null,"layer":null,"bridge":null,"disused:highway":null,"service":null,"noname":null,"motorroad":null,"smoothness":null,"motorcycle":null,"busway:right":null,"tactile_paving":null,"turn:lanes":null,"cycleway":null,"footway":null,"crossing":null,"lit":"yes","motor_vehicle:conditional":null,"motor_vehicle":null,"horse":null,"operator":null,"emergency":null,"bus":null,"psv":null,"oneway:bicycle":null,"sidewalk":null,"foot":null,"bicycle":null,"cycleway:right":null,"access":null,"maxspeed":"50","destination:street":null,"surface":"asphalt","oneway":"yes","name":"Calle 13","lanes":"3","alt_name":"Avenida Pasoancho","longitud_m":72.026734333282036,"id_segmento":83,"id_nodo":234,"fin_id_nodo":232},"geometry":{"type":"MultiLineString","coordinates":[[[1060060.522445749025792,864640.238250860362314],[1060058.111814195523039,864712.236113766557537]]]}},
{"type":"Feature","properties":{"fid":84,"full_id":"w297310321","osm_id":"297310321","osm_type":"way","highway":"secondary","ford":null,"width":null,"covered":null,"tunnel":null,"layer":null,"bridge":null,"disused:highway":null,"service":null,"noname":null,"motorroad":null,"smoothness":null,"motorcycle":null,"busway:right":null,"tactile_paving":null,"turn:lanes":null,"cycleway":null,"footway":null,"crossing":null,"lit":"yes","motor_vehicle:conditional":null,"motor_vehicle":null,"horse":null,"operator":null,"emergency":null,"bus":null,"psv":null,"oneway:bicycle":null,"sidewalk":null,"foot":null,"bicycle":null,"cycleway:right":null,"access":null,"maxspeed":"50","destination:street":null,"surface":"asphalt","oneway":"yes","name":"Calle 13","lanes":"3","alt_name":"Avenida Pasoancho","longitud_m":51.912827495541706,"id_segmento":84,"id_nodo":232,"fin_id_nodo":245},"geometry":{"type":"MultiLineString","coordinates":[[[1060058.111814195523039,864712.236113766557537],[1060055.145115780876949,864764.072384585510008]]]}},
{"type":"Feature","properties":{"fid":85,"full_id":"w297310321","osm_id":"297310321","osm_type":"way","highway":"secondary","ford":null,"width":null,"covered":null,"tunnel":null,"layer":null,"bridge":null,"disused:highway":null,"service":null,"noname":null,"motorroad":null,"smoothness":null,"motorcycle":null,"busway:right":null,"tactile_paving":null,"turn:lanes":null,"cycleway":null,"footway":null,"crossing":null,"lit":"yes","motor_vehicle:conditional":null,"motor_vehicle":null,"horse":null,"operator":null,"emergency":null,"bus":null,"psv":null,"oneway:bicycle":null,"sidewalk":null,"foot":null,"bicycle":null,"cycleway:right":null,"access":null,"maxspeed":"50","destination:street":null,"surface":"asphalt","oneway":"yes","name":"Calle 13","lanes":"3","alt_name":"Avenida Pasoancho","longitud_m":6.5057909653178916,"id_segmento":85,"id_nodo":245,"fin_id_nodo":244},"geometry":{"type":"MultiLineString","coordinates":[[[1060055.145115780876949,864764.072384585510008],[1060054.922935971291736,864770.575417450279929]]]}},
{"type":"Feature","properties":{"fid":86,"full_id":"w297310321","osm_id":"297310321","osm_type":"way","highway":"secondary","ford":null,"width":null,"covered":null,"tunnel":null,"layer":null,"bridge":null,"disused:highway":null,"service":null,"noname":null,"motorroad":null,"smoothness":null,"motorcycle":null,"busway:right":null,"tactile_paving":null,"turn:lanes":null,"cycleway":null,"footway":null,"crossing":null,"lit":"yes","motor_vehicle:conditional":null,"motor_vehicle":null,"horse":null,"operator":null,"emergency":null,"bus":null,"psv":null,"oneway:bicycle":null,"sidewalk":null,"foot":null,"bicycle":null,"cycleway:right":null,"access":null,"maxspeed":"50","destination:street":null,"surface":"asphalt","oneway":"yes","name":"Calle 13","lanes":"3","alt_name":"Avenida Pasoancho","longitud_m":8.285282737099859,"id_segmento":86,"id_nodo":244,"fin_id_nodo":241},"geometry":{"type":"MultiLineString","coordinates":[[[1060054.922935971291736,864770.575417450279929],[1060054.700786554487422,864778.859041588613763]]]}},
{"type":"Feature","properties":{"fid":87,"full_id":"w297310321","osm_id":"297310321","osm_type":"way","highway":"secondary","ford":null,"width":null,"covered":null,"tunnel":null,"layer":null,"bridge":null,"disused:highway":null,"service":null,"noname":null,"motorroad":null,"smoothness":null,"motorcycle":null,"busway:right":null,"tactile_paving":null,"turn:lanes":null,"cycleway":null,"footway":null,"crossing":null,"lit":"yes","motor_vehicle:conditional":null,"motor_vehicle":null,"horse":null,"operator":null,"emergency":null,"bus":null,"psv":null,"oneway:bicycle":null,"sidewalk":null,"foot":null,"bicycle":null,"cycleway:right":null,"access":null,"maxspeed":"50","destination:street":null,"surface":"asphalt","oneway":"yes","name":"Calle 13","lanes":"3","alt_name":"Avenida Pasoancho","longitud_m":4.9004254868472428,"id_segmento":87,"id_nodo":241,"fin_id_nodo":240},"geometry":{"type":"MultiLineString","coordinates":[[[1060054.700786554487422,864778.859041588613763],[1060054.567495714873075,864783.758434803807177]]]}},
{"type":"Feature","properties":{"fid":88,"full_id":"w297310321","osm_id":"297310321","osm_type":"way","highway":"secondary","ford":null,"width":null,"covered":null,"tunnel":null,"layer":null,"bridge":null,"disused:highway":null,"service":null,"noname":null,"motorroad":null,"smoothness":null,"motorcycle":null,"busway:right":null,"tactile_paving":null,"turn:lanes":null,"cycleway":null,"footway":null,"crossing":null,"lit":"yes","motor_vehicle:conditional":null,"motor_vehicle":null,"horse":null,"operator":null,"emergency":null,"bus":null,"psv":null,"oneway:bicycle":null,"sidewalk":null,"foot":null,"bicycle":null,"cycleway:right":null,"access":null,"maxspeed":"50","destination:street":null,"surface":"asphalt","oneway":"yes","name":"Calle 13","lanes":"3","alt_name":"Avenida Pasoancho","longitud_m":58.712101565600292,"id_segmento":88,"id_nodo":240,"fin_id_nodo":221},"geometry":{"type":"MultiLineString","coordinates":[[[1060054.567495714873075,864783.758434803807177],[1060052.745714444667101,864842.451621113228612]]]}},
{"type":"Feature","properties":{"fid":89,"full_id":"w297310321","osm_id":"297310321","osm_type":"way","highway":"secondary","ford":null,"width":null,"covered":null,"tunnel":null,"layer":null,"bridge":null,"disused:highway":null,"service":null,"noname":null,"motorroad":null,"smoothness":null,"motorcycle":null,"busway:right":null,"tactile_paving":null,"turn:lanes":null,"cycleway":null,"footway":null,"crossing":null,"lit":"yes","motor_vehicle:conditional":null,"motor_vehicle":null,"horse":null,"operator":null,"emergency":null,"bus":null,"psv":null,"oneway:bicycle":null,"sidewalk":null,"foot":null,"bicycle":null,"cycleway:right":null,"access":null,"maxspeed":"50","destination:street":null,"surface":"asphalt","oneway":"yes","name":"Calle 13","lanes":"3","alt_name":"Avenida Pasoancho","longitud_m":36.364682901619005,"id_segmento":89,"id_nodo":221,"fin_id_nodo":217},"geometry":{"type":"MultiLineString","coordinates":[[[1060052.745714444667101,864842.451621113228612],[1060051.045812840107828,864878.782348462962545]]]}},
{"type":"Feature","properties":{"fid":90,"full_id":"w408879184","osm_id":"408879184","osm_type":"way","highway":"primary","ford":null,"width":null,"covered":null,"tunnel":null,"layer":null,"bridge":null,"disused:highway":null,"service":null,"noname":null,"motorroad":null,"smoothness":null,"motorcycle":null,"busway:right":null,"tactile_paving":null,"turn:lanes":null,"cycleway":null,"footway":null,"crossing":null,"lit":null,"motor_vehicle:conditional":null,"motor_vehicle":null,"horse":null,"operator":null,"emergency":null,"bus":null,"psv":null,"oneway:bicycle":null,"sidewalk":null,"foot":null,"bicycle":null,"cycleway:right":null,"access":null,"maxspeed":null,"destination:street":null,"surface":null,"oneway":"yes","name":"Avenida Carrera 100","lanes":"2","alt_name":"Carrera 100","longitud_m":64.734363479658214,"id_segmento":90,"id_nodo":219,"fin_id_nodo":215},"geometry":{"type":"MultiLineString","coordinates":[[[1060745.963068866403773,864209.292309968383051],[1060688.367588963825256,864238.866250918479636]]]}},
{"type":"Feature","properties":{"fid":91,"full_id":"w408879184","osm_id":"408879184","osm_type":"way","highway":"primary","ford":null,"width":null,"covered":null,"tunnel":null,"layer":null,"bridge":null,"disused:highway":null,"service":null,"noname":null,"motorroad":null,"smoothness":null,"motorcycle":null,"busway:right":null,"tactile_paving":null,"turn:lanes":null,"cycleway":null,"footway":null,"crossing":null,"lit":null,"motor_vehicle:conditional":null,"motor_vehicle":null,"horse":null,"operator":null,"emergency":null,"bus":null,"psv":null,"oneway:bicycle":null,"sidewalk":null,"foot":null,"bicycle":null,"cycleway:right":null,"access":null,"maxspeed":null,"destination:street":null,"surface":null,"oneway":"yes","name":"Avenida Carrera 100","lanes":"2","alt_name":"Carrera 100","longitud_m":156.44535687684404,"id_segmento":91,"id_nodo":215,"fin_id_nodo":212},"geometry":{"type":"MultiLineString","coordinates":[[[1060688.367588963825256,864238.866250918479636],[1060550.592080167727545,864313.033411920536309]]]}},
{"type":"Feature","properties":{"fid":92,"full_id":"w408879184","osm_id":"408879184","osm_type":"way","highway":"primary","ford":null,"width":null,"covered":null,"tunnel":null,"layer":null,"bridge":null,"disused:highway":null,"service":null,"noname":null,"motorroad":null,"smoothness":null,"motorcycle":null,"busway:right":null,"tactile_paving":null,"turn:lanes":null,"cycleway":null,"footway":null,"crossing":null,"lit":null,"motor_vehicle:conditional":null,"motor_vehicle":null,"horse":null,"operator":null,"emergency":null,"bus":null,"psv":null,"oneway:bicycle":null,"sidewalk":null,"foot":null,"bicycle":null,"cycleway:right":null,"access":null,"maxspeed":null,"destination:street":null,"surface":null,"oneway":"yes","name":"Avenida Carrera 100","lanes":"2","alt_name":"Carrera 100","longitud_m":260.79425529021984,"id_segmento":92,"id_nodo":212,"fin_id_nodo":230},"geometry":{"type":"MultiLineString","coordinates":[[[1060550.592080167727545,864313.033411920536309],[1060318.799252621363848,864432.645897967275232]]]}},
{"type":"Feature","properties":{"fid":93,"full_id":"w408879184","osm_id":"408879184","osm_type":"way","highway":"primary","ford":null,"width":null,"covered":null,"tunnel":null,"layer":null,"bridge":null,"disused:highway":null,"service":null,"noname":null,"motorroad":null,"smoothness":null,"motorcycle":null,"busway:right":null,"tactile_paving":null,"turn:lanes":null,"cycleway":null,"footway":null,"crossing":null,"lit":null,"motor_vehicle:conditional":null,"motor_vehicle":null,"horse":null,"operator":null,"emergency":null,"bus":null,"psv":null,"oneway:bicycle":null,"sidewalk":null,"foot":null,"bicycle":null,"cycleway:right":null,"access":null,"maxspeed":null,"destination:street":null,"surface":null,"oneway":"yes","name":"Avenida Carrera 100","lanes":"2","alt_name":"Carrera 100","longitud_m":3.6293667010820996,"id_segmento":93,"id_nodo":230,"fin_id_nodo":227},"geometry":{"type":"MultiLineString","coordinates":[[[1060318.799252621363848,864432.645897967275232],[1060315.564937412040308,864434.293822635081597]]]}},
{"type":"Feature","properties":{"fid":94,"full_id":"w478159781","osm_id":"478159781","osm_type":"way","highway":"tertiary_link","ford":null,"width":null,"covered":null,"tunnel":null,"layer":null,"bridge":null,"disused:highway":null,"service":null,"noname":null,"motorroad":null,"smoothness":null,"motorcycle":null,"busway:right":null,"tactile_paving":null,"turn:lanes":null,"cycleway":null,"footway":null,"crossing":null,"lit":null,"motor_vehicle:conditional":null,"motor_vehicle":null,"horse":null,"operator":null,"emergency":null,"bus":null,"psv":null,"oneway:bicycle":null,"sidewalk":null,"foot":null,"bicycle":null,"cycleway:right":null,"access":null,"maxspeed":null,"destination:street":"Calle 16","surface":"asphalt","oneway":"yes","name":null,"lanes":"1","alt_name":null,"longitud_m":7.8053907831091802,"id_segmento":94,"id_nodo":228,"fin_id_nodo":225},"geometry":{"type":"MultiLineString","coordinates":[[[1060925.875258678104728,865477.602351094945334],[1060933.132975787157193,865474.726795660913922]]]}},
{"type":"Feature","properties":{"fid":95,"full_id":"w478159781","osm_id":"478159781","osm_type":"way","highway":"tertiary_link","ford":null,"width":null,"covered":null,"tunnel":null,"layer":null,"bridge":null,"disused:highway":null,"service":null,"noname":null,"motorroad":null,"smoothness":null,"motorcycle":null,"busway:right":null,"tactile_paving":null,"turn:lanes":null,"cycleway":null,"footway":null,"crossing":null,"lit":null,"motor_vehicle:conditional":null,"motor_vehicle":null,"horse":null,"operator":null,"emergency":null,"bus":null,"psv":null,"oneway:bicycle":null,"sidewalk":null,"foot":null,"bicycle":null,"cycleway:right":null,"access":null,"maxspeed":null,"destination:street":"Calle 16","surface":"asphalt","oneway":"yes","name":null,"lanes":"1","alt_name":null,"longitud_m":7.7960483351314602,"id_segmento":95,"id_nodo":225,"fin_id_nodo":223},"geometry":{"type":"MultiLineString","coordinates":[[[1060933.132975787157193,865474.726795660913922],[1060939.790501851355657,865470.667871831450611]]]}},
{"type":"Feature","properties":{"fid":96,"full_id":"w478159781","osm_id":"478159781","osm_type":"way","highway":"tertiary_link","ford":null,"width":null,"covered":null,"tunnel":null,"layer":null,"bridge":null,"disused:highway":null,"service":null,"noname":null,"motorroad":null,"smoothness":null,"motorcycle":null,"busway:right":null,"tactile_paving":null,"turn:lanes":null,"cycleway":null,"footway":null,"crossing":null,"lit":null,"motor_vehicle:conditional":null,"motor_vehicle":null,"horse":null,"operator":null,"emergency":null,"bus":null,"psv":null,"oneway:bicycle":null,"sidewalk":null,"foot":null,"bicycle":null,"cycleway:right":null,"access":null,"maxspeed":null,"destination:street":"Calle 16","surface":"asphalt","oneway":"yes","name":null,"lanes":"1","alt_name":null,"longitud_m":7.7882725514650319,"id_segmento":96,"id_nodo":223,"fin_id_nodo":314},"geometry":{"type":"MultiLineString","coordinates":[[[1060939.790501851355657,865470.667871831450611],[1060945.670006804401055,865465.558295971597545]]]}},
{"type":"Feature","properties":{"fid":97,"full_id":"w478159781","osm_id":"478159781","osm_type":"way","highway":"tertiary_link","ford":null,"width":null,"covered":null,"tunnel":null,"layer":null,"bridge":null,"disused:highway":null,"service":null,"noname":null,"motorroad":null,"smoothness":null,"motorcycle":null,"busway:right":null,"tactile_paving":null,"turn:lanes":null,"cycleway":null,"footway":null,"crossing":null,"lit":null,"motor_vehicle:conditional":null,"motor_vehicle":null,"horse":null,"operator":null,"emergency":null,"bus":null,"psv":null,"oneway:bicycle":null,"sidewalk":null,"foot":null,"bicycle":null,"cycleway:right":null,"access":null,"maxspeed":null,"destination:street":"Calle 16","surface":"asphalt","oneway":"yes","name":null,"lanes":"1","alt_name":null,"longitud_m":6.9884054587862217,"id_segmento":97,"id_nodo":314,"fin_id_nodo":313},"geometry":{"type":"MultiLineString","coordinates":[[[1060945.670006804401055,865465.558295971597545],[1060950.137973243370652,865460.18330331670586]]]}},
{"type":"Feature","properties":{"fid":98,"full_id":"w478159781","osm_id":"478159781","osm_type":"way","highway":"tertiary_link","ford":null,"width":null,"covered":null,"tunnel":null,"layer":null,"bridge":null,"disused:highway":null,"service":null,"noname":null,"motorroad":null,"smoothness":null,"motorcycle":null,"busway:right":null,"tactile_paving":null,"turn:lanes":null,"cycleway":null,"footway":null,"crossing":null,"lit":null,"motor_vehicle:conditional":null,"motor_vehicle":null,"horse":null,"operator":null,"emergency":null,"bus":null,"psv":null,"oneway:bicycle":null,"sidewalk":null,"foot":null,"bicycle":null,"cycleway:right":null,"access":null,"maxspeed":null,"destination:street":"Calle 16","surface":"asphalt","oneway":"yes","name":null,"lanes":"1","alt_name":null,"longitud_m":6.9764957838098711,"id_segmento":98,"id_nodo":313,"fin_id_nodo":311},"geometry":{"type":"MultiLineString","coordinates":[[[1060950.137973243370652,865460.18330331670586],[1060953.727892215130851,865454.200042159412988]]]}},
{"type":"Feature","properties":{"fid":99,"full_id":"w478159781","osm_id":"478159781","osm_type":"way","highway":"tertiary_link","ford":null,"width":null,"covered":null,"tunnel":null,"layer":null,"bridge":null,"disused:highway":null,"service":null,"noname":null,"motorroad":null,"smoothness":null,"motorcycle":null,"busway:right":null,"tactile_paving":null,"turn:lanes":null,"cycleway":null,"footway":null,"crossing":null,"lit":null,"motor_vehicle:conditional":null,"motor_vehicle":null,"horse":null,"operator":null,"emergency":null,"bus":null,"psv":null,"oneway:bicycle":null,"sidewalk":null,"foot":null,"bicycle":null,"cycleway:right":null,"access":null,"maxspeed":null,"destination:street":"Calle 16","surface":"asphalt","oneway":"yes","name":null,"lanes":"1","alt_name":null,"longitud_m":6.9783820546528741,"id_segmento":99,"id_nodo":311,"fin_id_nodo":310},"geometry":{"type":"MultiLineString","coordinates":[[[1060953.727892215130851,865454.200042159412988],[1060956.373078013304621,865447.741227881400846]]]}},
{"type":"Feature","properties":{"fid":100,"full_id":"w478159781","osm_id":"478159781","osm_type":"way","highway":"tertiary_link","ford":null,"width":null,"covered":null,"tunnel":null,"layer":null,"bridge":null,"disused:highway":null,"service":null,"noname":null,"motorroad":null,"smoothness":null,"motorcycle":null,"busway:right":null,"tactile_paving":null,"turn:lanes":null,"cycleway":null,"footway":null,"crossing":null,"lit":null,"motor_vehicle:conditional":null,"motor_vehicle":null,"horse":null,"operator":null,"emergency":null,"bus":null,"psv":null,"oneway:bicycle":null,"sidewalk":null,"foot":null,"bicycle":null,"cycleway:right":null,"access":null,"maxspeed":null,"destination:street":"Calle 16","surface":"asphalt","oneway":"yes","name":null,"lanes":"1","alt_name":null,"longitud_m":6.9673290919777573,"id_segmento":100,"id_nodo":310,"fin_id_nodo":263},"geometry":{"type":"MultiLineString","coordinates":[[[1060956.373078013304621,865447.741227881400846],[1060957.984616137575358,865440.961695225909352]]]}},
{"type":"Feature","properties":{"fid":101,"full_id":"w518953951","osm_id":"518953951","osm_type":"way","highway":"service","ford":null,"width":null,"covered":null,"tunnel":null,"layer":null,"bridge":null,"disused:highway":null,"service":null,"noname":null,"motorroad":null,"smoothness":null,"motorcycle":null,"busway:right":null,"tactile_paving":null,"turn:lanes":null,"cycleway":null,"footway":null,"crossing":null,"lit":null,"motor_vehicle:conditional":null,"motor_vehicle":null,"horse":null,"operator":null,"emergency":null,"bus":null,"psv":null,"oneway:bicycle":null,"sidewalk":null,"foot":null,"bicycle":null,"cycleway:right":"lane","access":"destination","maxspeed":null,"destination:street":null,"surface":null,"oneway":"yes","name":"Avenida Garcés","lanes":null,"alt_name":null,"longitud_m":19.031410970902449,"id_segmento":101,"id_nodo":319,"fin_id_nodo":317},"geometry":{"type":"MultiLineString","coordinates":[[[1060174.549297673627734,864810.631177584873512],[1060192.977262426866218,864815.397555388044566]]]}},
{"type":"Feature","properties":{"fid":102,"full_id":"w518953951","osm_id":"518953951","osm_type":"way","highway":"service","ford":null,"width":null,"covered":null,"tunnel":null,"layer":null,"bridge":null,"disused:highway":null,"service":null,"noname":null,"motorroad":null,"smoothness":null,"motorcycle":null,"busway:right":null,"tactile_paving":null,"turn:lanes":null,"cycleway":null,"footway":null,"crossing":null,"lit":null,"motor_vehicle:conditional":null,"motor_vehicle":null,"horse":null,"operator":null,"emergency":null,"bus":null,"psv":null,"oneway:bicycle":null,"sidewalk":null,"foot":null,"bicycle":null,"cycleway:right":"lane","access":"destination","maxspeed":null,"destination:street":null,"surface":null,"oneway":"yes","name":"Avenida Garcés","lanes":null,"alt_name":null,"longitud_m":74.65050204615028,"id_segmento":102,"id_nodo":317,"fin_id_nodo":316},"geometry":{"type":"MultiLineString","coordinates":[[[1060192.977262426866218,864815.397555388044566],[1060264.955250727245584,864835.237295454600826]]]}},
{"type":"Feature","properties":{"fid":103,"full_id":"w518953951","osm_id":"518953951","osm_type":"way","highway":"service","ford":null,"width":null,"covered":null,"tunnel":null,"layer":null,"bridge":null,"disused:highway":null,"service":null,"noname":null,"motorroad":null,"smoothness":null,"motorcycle":null,"busway:right":null,"tactile_paving":null,"turn:lanes":null,"cycleway":null,"footway":null,"crossing":null,"lit":null,"motor_vehicle:conditional":null,"motor_vehicle":null,"horse":null,"operator":null,"emergency":null,"bus":null,"psv":null,"oneway:bicycle":null,"sidewalk":null,"foot":null,"bicycle":null,"cycleway:right":"lane","access":"destination","maxspeed":null,"destination:street":null,"surface":null,"oneway":"yes","name":"Avenida Garcés","lanes":null,"alt_name":null,"longitud_m":76.714785176256271,"id_segmento":103,"id_nodo":316,"fin_id_nodo":315},"geometry":{"type":"MultiLineString","coordinates":[[[1060264.955250727245584,864835.237295454600826],[1060329.953236236236989,864851.294813462416641],[1060339.70068528293632,864852.024601431330666]]]}},
{"type":"Feature","properties":{"fid":104,"full_id":"w518953951","osm_id":"518953951","osm_type":"way","highway":"service","ford":null,"width":null,"covered":null,"tunnel":null,"layer":null,"bridge":null,"disused:highway":null,"service":null,"noname":null,"motorroad":null,"smoothness":null,"motorcycle":null,"busway:right":null,"tactile_paving":null,"turn:lanes":null,"cycleway":null,"footway":null,"crossing":null,"lit":null,"motor_vehicle:conditional":null,"motor_vehicle":null,"horse":null,"operator":null,"emergency":null,"bus":null,"psv":null,"oneway:bicycle":null,"sidewalk":null,"foot":null,"bicycle":null,"cycleway:right":"lane","access":"destination","maxspeed":null,"destination:street":null,"surface":null,"oneway":"yes","name":"Avenida Garcés","lanes":null,"alt_name":null,"longitud_m":7.6117800953034713,"id_segmento":104,"id_nodo":315,"fin_id_nodo":183},"geometry":{"type":"MultiLineString","coordinates":[[[1060339.70068528293632,864852.024601431330666],[1060347.291914135217667,864852.599587819422595]]]}},
{"type":"Feature","properties":{"fid":105,"full_id":"w518953951","osm_id":"518953951","osm_type":"way","highway":"service","ford":null,"width":null,"covered":null,"tunnel":null,"layer":null,"bridge":null,"disused:highway":null,"service":null,"noname":null,"motorroad":null,"smoothness":null,"motorcycle":null,"busway:right":null,"tactile_paving":null,"turn:lanes":null,"cycleway":null,"footway":null,"crossing":null,"lit":null,"motor_vehicle:conditional":null,"motor_vehicle":null,"horse":null,"operator":null,"emergency":null,"bus":null,"psv":null,"oneway:bicycle":null,"sidewalk":null,"foot":null,"bicycle":null,"cycleway:right":"lane","access":"destination","maxspeed":null,"destination:street":null,"surface":null,"oneway":"yes","name":"Avenida Garcés","lanes":null,"alt_name":null,"longitud_m":80.031750347610483,"id_segmento":105,"id_nodo":183,"fin_id_nodo":304},"geometry":{"type":"MultiLineString","coordinates":[[[1060347.291914135217667,864852.599587819422595],[1060390.5274025532417,864851.614661613595672],[1060424.59323218325153,864837.701239218236879]]]}},
{"type":"Feature","properties":{"fid":106,"full_id":"w518953951","osm_id":"518953951","osm_type":"way","highway":"service","ford":null,"width":null,"covered":null,"tunnel":null,"layer":null,"bridge":null,"disused:highway":null,"service":null,"noname":null,"motorroad":null,"smoothness":null,"motorcycle":null,"busway:right":null,"tactile_paving":null,"turn:lanes":null,"cycleway":null,"footway":null,"crossing":null,"lit":null,"motor_vehicle:conditional":null,"motor_vehicle":null,"horse":null,"operator":null,"emergency":null,"bus":null,"psv":null,"oneway:bicycle":null,"sidewalk":null,"foot":null,"bicycle":null,"cycleway:right":"lane","access":"destination","maxspeed":null,"destination:street":null,"surface":null,"oneway":"yes","name":"Avenida Garcés","lanes":null,"alt_name":null,"longitud_m":39.884591915986618,"id_segmento":106,"id_nodo":304,"fin_id_nodo":181},"geometry":{"type":"MultiLineString","coordinates":[[[1060424.59323218325153,864837.701239218236879],[1060460.415117585100234,864820.149204352754168]]]}},
{"type":"Feature","properties":{"fid":107,"full_id":"w518953951","osm_id":"518953951","osm_type":"way","highway":"service","ford":null,"width":null,"covered":null,"tunnel":null,"layer":null,"bridge":null,"disused:highway":null,"service":null,"noname":null,"motorroad":null,"smoothness":null,"motorcycle":null,"busway:right":null,"tactile_paving":null,"turn:lanes":null,"cycleway":null,"footway":null,"crossing":null,"lit":null,"motor_vehicle:conditional":null,"motor_vehicle":null,"horse":null,"operator":null,"emergency":null,"bus":null,"psv":null,"oneway:bicycle":null,"sidewalk":null,"foot":null,"bicycle":null,"cycleway:right":"lane","access":"destination","maxspeed":null,"destination:street":null,"surface":null,"oneway":"yes","name":"Avenida Garcés","lanes":null,"alt_name":null,"longitud_m":29.08449966040946,"id_segmento":107,"id_nodo":181,"fin_id_nodo":172},"geometry":{"type":"MultiLineString","coordinates":[[[1060460.415117585100234,864820.149204352754168],[1060486.33402507356368,864806.943725370103493]]]}},
{"type":"Feature","properties":{"fid":108,"full_id":"w518953951","osm_id":"518953951","osm_type":"way","highway":"service","ford":null,"width":null,"covered":null,"tunnel":null,"layer":null,"bridge":null,"disused:highway":null,"service":null,"noname":null,"motorroad":null,"smoothness":null,"motorcycle":null,"busway:right":null,"tactile_paving":null,"turn:lanes":null,"cycleway":null,"footway":null,"crossing":null,"lit":null,"motor_vehicle:conditional":null,"motor_vehicle":null,"horse":null,"operator":null,"emergency":null,"bus":null,"psv":null,"oneway:bicycle":null,"sidewalk":null,"foot":null,"bicycle":null,"cycleway:right":"lane","access":"destination","maxspeed":null,"destination:street":null,"surface":null,"oneway":"yes","name":"Avenida Garcés","lanes":null,"alt_name":null,"longitud_m":6.1664053553176608,"id_segmento":108,"id_nodo":172,"fin_id_nodo":174},"geometry":{"type":"MultiLineString","coordinates":[[[1060486.33402507356368,864806.943725370103493],[1060491.85791062284261,864804.200877744355239]]]}},
{"type":"Feature","properties":{"fid":109,"full_id":"w518953951","osm_id":"518953951","osm_type":"way","highway":"service","ford":null,"width":null,"covered":null,"tunnel":null,"layer":null,"bridge":null,"disused:highway":null,"service":null,"noname":null,"motorroad":null,"smoothness":null,"motorcycle":null,"busway:right":null,"tactile_paving":null,"turn:lanes":null,"cycleway":null,"footway":null,"crossing":null,"lit":null,"motor_vehicle:conditional":null,"motor_vehicle":null,"horse":null,"operator":null,"emergency":null,"bus":null,"psv":null,"oneway:bicycle":null,"sidewalk":null,"foot":null,"bicycle":null,"cycleway:right":"lane","access":"destination","maxspeed":null,"destination:street":null,"surface":null,"oneway":"yes","name":"Avenida Garcés","lanes":null,"alt_name":null,"longitud_m":165.18140035731204,"id_segmento":109,"id_nodo":174,"fin_id_nodo":308},"geometry":{"type":"MultiLineString","coordinates":[[[1060491.85791062284261,864804.200877744355239],[1060639.735873740864918,864730.542260276852176]]]}},
{"type":"Feature","properties":{"fid":110,"full_id":"w518953951","osm_id":"518953951","osm_type":"way","highway":"service","ford":null,"width":null,"covered":null,"tunnel":null,"layer":null,"bridge":null,"disused:highway":null,"service":null,"noname":null,"motorroad":null,"smoothness":null,"motorcycle":null,"busway:right":null,"tactile_paving":null,"turn:lanes":null,"cycleway":null,"footway":null,"crossing":null,"lit":null,"motor_vehicle:conditional":null,"motor_vehicle":null,"horse":null,"operator":null,"emergency":null,"bus":null,"psv":null,"oneway:bicycle":null,"sidewalk":null,"foot":null,"bicycle":null,"cycleway:right":"lane","access":"destination","maxspeed":null,"destination:street":null,"surface":null,"oneway":"yes","name":"Avenida Garcés","lanes":null,"alt_name":null,"longitud_m":50.653125749002633,"id_segmento":110,"id_nodo":308,"fin_id_nodo":306},"geometry":{"type":"MultiLineString","coordinates":[[[1060639.735873740864918,864730.542260276852176],[1060684.404931555036455,864706.642001316533424]]]}},
{"type":"Feature","properties":{"fid":111,"full_id":"w518953951","osm_id":"518953951","osm_type":"way","highway":"service","ford":null,"width":null,"covered":null,"tunnel":null,"layer":null,"bridge":null,"disused:highway":null,"service":null,"noname":null,"motorroad":null,"smoothness":null,"motorcycle":null,"busway:right":null,"tactile_paving":null,"turn:lanes":null,"cycleway":null,"footway":null,"crossing":null,"lit":null,"motor_vehicle:conditional":null,"motor_vehicle":null,"horse":null,"operator":null,"emergency":null,"bus":null,"psv":null,"oneway:bicycle":null,"sidewalk":null,"foot":null,"bicycle":null,"cycleway:right":"lane","access":"destination","maxspeed":null,"destination:street":null,"surface":null,"oneway":"yes","name":"Avenida Garcés","lanes":null,"alt_name":null,"longitud_m":134.18768663092712,"id_segmento":111,"id_nodo":306,"fin_id_nodo":305},"geometry":{"type":"MultiLineString","coordinates":[[[1060684.404931555036455,864706.642001316533424],[1060805.141586377518252,864648.036008072202094]]]}},
{"type":"Feature","properties":{"fid":112,"full_id":"w518953951","osm_id":"518953951","osm_type":"way","highway":"service","ford":null,"width":null,"covered":null,"tunnel":null,"layer":null,"bridge":null,"disused:highway":null,"service":null,"noname":null,"motorroad":null,"smoothness":null,"motorcycle":null,"busway:right":null,"tactile_paving":null,"turn:lanes":null,"cycleway":null,"footway":null,"crossing":null,"lit":null,"motor_vehicle:conditional":null,"motor_vehicle":null,"horse":null,"operator":null,"emergency":null,"bus":null,"psv":null,"oneway:bicycle":null,"sidewalk":null,"foot":null,"bicycle":null,"cycleway:right":"lane","access":"destination","maxspeed":null,"destination:street":null,"surface":null,"oneway":"yes","name":"Avenida Garcés","lanes":null,"alt_name":null,"longitud_m":17.090120622155183,"id_segmento":112,"id_nodo":305,"fin_id_nodo":295},"geometry":{"type":"MultiLineString","coordinates":[[[1060805.141586377518252,864648.036008072202094],[1060815.667010238161311,864642.926377141731791],[1060820.490699377143756,864640.515340987010859]]]}},
{"type":"Feature","properties":{"fid":113,"full_id":"w566855927","osm_id":"566855927","osm_type":"way","highway":"footway","ford":null,"width":null,"covered":null,"tunnel":null,"layer":null,"bridge":null,"disused:highway":null,"service":null,"noname":null,"motorroad":null,"smoothness":null,"motorcycle":null,"busway:right":null,"tactile_paving":null,"turn:lanes":null,"cycleway":null,"footway":null,"crossing":null,"lit":null,"motor_vehicle:conditional":null,"motor_vehicle":null,"horse":null,"operator":null,"emergency":null,"bus":null,"psv":null,"oneway:bicycle":null,"sidewalk":null,"foot":null,"bicycle":null,"cycleway:right":null,"access":null,"maxspeed":null,"destination:street":null,"surface":null,"oneway":null,"name":null,"lanes":null,"alt_name":null,"longitud_m":31.137988392536325,"id_segmento":113,"id_nodo":296,"fin_id_nodo":267},"geometry":{"type":"MultiLineString","coordinates":[[[1060554.546036530751735,864979.239927804097533],[1060585.688898782944307,864979.217418122570962]]]}},
{"type":"Feature","properties":{"fid":114,"full_id":"w566855927","osm_id":"566855927","osm_type":"way","highway":"footway","ford":null,"width":null,"covered":null,"tunnel":null,"layer":null,"bridge":null,"disused:highway":null,"service":null,"noname":null,"motorroad":null,"smoothness":null,"motorcycle":null,"busway:right":null,"tactile_paving":null,"turn:lanes":null,"cycleway":null,"footway":null,"crossing":null,"lit":null,"motor_vehicle:conditional":null,"motor_vehicle":null,"horse":null,"operator":null,"emergency":null,"bus":null,"psv":null,"oneway:bicycle":null,"sidewalk":null,"foot":null,"bicycle":null,"cycleway:right":null,"access":null,"maxspeed":null,"destination:street":null,"surface":null,"oneway":null,"name":null,"lanes":null,"alt_name":null,"longitud_m":2.7782804344781247,"id_segmento":114,"id_nodo":267,"fin_id_nodo":293},"geometry":{"type":"MultiLineString","coordinates":[[[1060585.688898782944307,864979.217418122570962],[1060588.467527043772861,864979.239502868847921]]]}},
{"type":"Feature","properties":{"fid":115,"full_id":"w566855927","osm_id":"566855927","osm_type":"way","highway":"footway","ford":null,"width":null,"covered":null,"tunnel":null,"layer":null,"bridge":null,"disused:highway":null,"service":null,"noname":null,"motorroad":null,"smoothness":null,"motorcycle":null,"busway:right":null,"tactile_paving":null,"turn:lanes":null,"cycleway":null,"footway":null,"crossing":null,"lit":null,"motor_vehicle:conditional":null,"motor_vehicle":null,"horse":null,"operator":null,"emergency":null,"bus":null,"psv":null,"oneway:bicycle":null,"sidewalk":null,"foot":null,"bicycle":null,"cycleway:right":null,"access":null,"maxspeed":null,"destination:street":null,"surface":null,"oneway":null,"name":null,"lanes":null,"alt_name":null,"longitud_m":84.012682314802362,"id_segmento":115,"id_nodo":293,"fin_id_nodo":292},"geometry":{"type":"MultiLineString","coordinates":[[[1060588.467527043772861,864979.239502868847921],[1060641.261459386674687,864979.283101391978562],[1060672.493236988782883,864979.194258703966625]]]}},
{"type":"Feature","properties":{"fid":116,"full_id":"w566855927","osm_id":"566855927","osm_type":"way","highway":"footway","ford":null,"width":null,"covered":null,"tunnel":null,"layer":null,"bridge":null,"disused:highway":null,"service":null,"noname":null,"motorroad":null,"smoothness":null,"motorcycle":null,"busway:right":null,"tactile_paving":null,"turn:lanes":null,"cycleway":null,"footway":null,"crossing":null,"lit":null,"motor_vehicle:conditional":null,"motor_vehicle":null,"horse":null,"operator":null,"emergency":null,"bus":null,"psv":null,"oneway:bicycle":null,"sidewalk":null,"foot":null,"bicycle":null,"cycleway:right":null,"access":null,"maxspeed":null,"destination:street":null,"surface":null,"oneway":null,"name":null,"lanes":null,"alt_name":null,"longitud_m":40.107863887726268,"id_segmento":116,"id_nodo":292,"fin_id_nodo":301},"geometry":{"type":"MultiLineString","coordinates":[[[1060672.493236988782883,864979.194258703966625],[1060672.415417956421152,864977.656978939892724],[1060687.597839413909242,864977.468791537219658],[1060687.730951381847262,864954.077792848809622]]]}},
{"type":"Feature","properties":{"fid":117,"full_id":"w566855929","osm_id":"566855929","osm_type":"way","highway":"footway","ford":null,"width":null,"covered":null,"tunnel":null,"layer":null,"bridge":null,"disused:highway":null,"service":null,"noname":null,"motorroad":null,"smoothness":null,"motorcycle":null,"busway:right":null,"tactile_paving":null,"turn:lanes":null,"cycleway":null,"footway":null,"crossing":null,"lit":null,"motor_vehicle:conditional":null,"motor_vehicle":null,"horse":null,"operator":null,"emergency":null,"bus":null,"psv":null,"oneway:bicycle":null,"sidewalk":null,"foot":null,"bicycle":null,"cycleway:right":null,"access":null,"maxspeed":null,"destination:street":null,"surface":null,"oneway":null,"name":null,"lanes":null,"alt_name":null,"longitud_m":7.8124727029834036,"id_segmento":117,"id_nodo":296,"fin_id_nodo":300},"geometry":{"type":"MultiLineString","coordinates":[[[1060554.546036530751735,864979.239927804097533],[1060546.732533928006887,864979.18472935562022]]]}},
{"type":"Feature","properties":{"fid":118,"full_id":"w566855929","osm_id":"566855929","osm_type":"way","highway":"footway","ford":null,"width":null,"covered":null,"tunnel":null,"layer":null,"bridge":null,"disused:highway":null,"service":null,"noname":null,"motorroad":null,"smoothness":null,"motorcycle":null,"busway:right":null,"tactile_paving":null,"turn:lanes":null,"cycleway":null,"footway":null,"crossing":null,"lit":null,"motor_vehicle:conditional":null,"motor_vehicle":null,"horse":null,"operator":null,"emergency":null,"bus":null,"psv":null,"oneway:bicycle":null,"sidewalk":null,"foot":null,"bicycle":null,"cycleway:right":null,"access":null,"maxspeed":null,"destination:street":null,"surface":null,"oneway":null,"name":null,"lanes":null,"alt_name":null,"longitud_m":40.151630582462786,"id_segmento":118,"id_nodo":300,"fin_id_nodo":299},"geometry":{"type":"MultiLineString","coordinates":[[[1060546.732533928006887,864979.18472935562022],[1060506.575798192527145,864978.875581333762966]]]}},
{"type":"Feature","properties":{"fid":119,"full_id":"w566855929","osm_id":"566855929","osm_type":"way","highway":"footway","ford":null,"width":null,"covered":null,"tunnel":null,"layer":null,"bridge":null,"disused:highway":null,"service":null,"noname":null,"motorroad":null,"smoothness":null,"motorcycle":null,"busway:right":null,"tactile_paving":null,"turn:lanes":null,"cycleway":null,"footway":null,"crossing":null,"lit":null,"motor_vehicle:conditional":null,"motor_vehicle":null,"horse":null,"operator":null,"emergency":null,"bus":null,"psv":null,"oneway:bicycle":null,"sidewalk":null,"foot":null,"bicycle":null,"cycleway:right":null,"access":null,"maxspeed":null,"destination:street":null,"surface":null,"oneway":null,"name":null,"lanes":null,"alt_name":null,"longitud_m":72.858458444041446,"id_segmento":119,"id_nodo":299,"fin_id_nodo":297},"geometry":{"type":"MultiLineString","coordinates":[[[1060506.575798192527145,864978.875581333762966],[1060505.453953816788271,865034.814916963689029],[1060498.607618477661163,865050.287350019207224]]]}},
{"type":"Feature","properties":{"fid":120,"full_id":"w566855931","osm_id":"566855931","osm_type":"way","highway":"footway","ford":null,"width":null,"covered":null,"tunnel":null,"layer":null,"bridge":null,"disused:highway":null,"service":null,"noname":null,"motorroad":null,"smoothness":null,"motorcycle":null,"busway:right":null,"tactile_paving":null,"turn:lanes":null,"cycleway":null,"footway":null,"crossing":null,"lit":null,"motor_vehicle:conditional":null,"motor_vehicle":null,"horse":null,"operator":null,"emergency":null,"bus":null,"psv":null,"oneway:bicycle":null,"sidewalk":null,"foot":null,"bicycle":null,"cycleway:right":null,"access":null,"maxspeed":null,"destination:street":null,"surface":null,"oneway":null,"name":null,"lanes":null,"alt_name":null,"longitud_m":82.051678650958351,"id_segmento":120,"id_nodo":254,"fin_id_nodo":283},"geometry":{"type":"MultiLineString","coordinates":[[[1060483.259521504165605,865129.197608216083609],[1060482.59157594316639,865047.135584528092295]]]}},
{"type":"Feature","properties":{"fid":121,"full_id":"w566855931","osm_id":"566855931","osm_type":"way","highway":"footway","ford":null,"width":null,"covered":null,"tunnel":null,"layer":null,"bridge":null,"disused:highway":null,"service":null,"noname":null,"motorroad":null,"smoothness":null,"motorcycle":null,"busway:right":null,"tactile_paving":null,"turn:lanes":null,"cycleway":null,"footway":null,"crossing":null,"lit":null,"motor_vehicle:conditional":null,"motor_vehicle":null,"horse":null,"operator":null,"emergency":null,"bus":null,"psv":null,"oneway:bicycle":null,"sidewalk":null,"foot":null,"bicycle":null,"cycleway:right":null,"access":null,"maxspeed":null,"destination:street":null,"surface":null,"oneway":null,"name":null,"lanes":null,"alt_name":null,"longitud_m":69.74646549136105,"id_segmento":121,"id_nodo":283,"fin_id_nodo":282},"geometry":{"type":"MultiLineString","coordinates":[[[1060482.59157594316639,865047.135584528092295],[1060488.593252160120755,865035.146927212248556],[1060489.070440780604258,864978.798395772930235]]]}},
{"type":"Feature","properties":{"fid":122,"full_id":"w566855934","osm_id":"566855934","osm_type":"way","highway":"footway","ford":null,"width":null,"covered":null,"tunnel":null,"layer":null,"bridge":null,"disused:highway":null,"service":null,"noname":null,"motorroad":null,"smoothness":null,"motorcycle":null,"busway:right":null,"tactile_paving":null,"turn:lanes":null,"cycleway":null,"footway":"crossing","crossing":"zebra","lit":null,"motor_vehicle:conditional":null,"motor_vehicle":null,"horse":null,"operator":null,"emergency":null,"bus":null,"psv":null,"oneway:bicycle":null,"sidewalk":null,"foot":null,"bicycle":null,"cycleway:right":null,"access":null,"maxspeed":null,"destination:street":null,"surface":null,"oneway":null,"name":null,"lanes":null,"alt_name":null,"longitud_m":13.369357374850487,"id_segmento":122,"id_nodo":265,"fin_id_nodo":280},"geometry":{"type":"MultiLineString","coordinates":[[[1060313.963495252653956,865128.1935838048812],[1060313.852154121501371,865114.822561557870358]]]}},
{"type":"Feature","properties":{"fid":123,"full_id":"w566855935","osm_id":"566855935","osm_type":"way","highway":"footway","ford":null,"width":null,"covered":null,"tunnel":null,"layer":null,"bridge":null,"disused:highway":null,"service":null,"noname":null,"motorroad":null,"smoothness":null,"motorcycle":null,"busway:right":null,"tactile_paving":"no","turn:lanes":null,"cycleway":null,"footway":null,"crossing":null,"lit":null,"motor_vehicle:conditional":null,"motor_vehicle":null,"horse":"no","operator":null,"emergency":null,"bus":null,"psv":null,"oneway:bicycle":null,"sidewalk":null,"foot":"yes","bicycle":"yes","cycleway:right":null,"access":null,"maxspeed":null,"destination:street":null,"surface":"concrete","oneway":null,"name":null,"lanes":null,"alt_name":null,"longitud_m":78.708804634703341,"id_segmento":123,"id_nodo":281,"fin_id_nodo":279},"geometry":{"type":"MultiLineString","coordinates":[[[1060133.546964353648946,864759.492386456229724],[1060094.734775639604777,864745.458441721042618],[1060095.123159915441647,864708.010720497346483]]]}},
{"type":"Feature","properties":{"fid":124,"full_id":"w566855935","osm_id":"566855935","osm_type":"way","highway":"footway","ford":null,"width":null,"covered":null,"tunnel":null,"layer":null,"bridge":null,"disused:highway":null,"service":null,"noname":null,"motorroad":null,"smoothness":null,"motorcycle":null,"busway:right":null,"tactile_paving":"no","turn:lanes":null,"cycleway":null,"footway":null,"crossing":null,"lit":null,"motor_vehicle:conditional":null,"motor_vehicle":null,"horse":"no","operator":null,"emergency":null,"bus":null,"psv":null,"oneway:bicycle":null,"sidewalk":null,"foot":"yes","bicycle":"yes","cycleway:right":null,"access":null,"maxspeed":null,"destination:street":null,"surface":"concrete","oneway":null,"name":null,"lanes":null,"alt_name":null,"longitud_m":15.775678406562223,"id_segmento":124,"id_nodo":279,"fin_id_nodo":290},"geometry":{"type":"MultiLineString","coordinates":[[[1060095.123159915441647,864708.010720497346483],[1060095.600822217296809,864692.239761087927036]]]}},
{"type":"Feature","properties":{"fid":125,"full_id":"w566855935","osm_id":"566855935","osm_type":"way","highway":"footway","ford":null,"width":null,"covered":null,"tunnel":null,"layer":null,"bridge":null,"disused:highway":null,"service":null,"noname":null,"motorroad":null,"smoothness":null,"motorcycle":null,"busway:right":null,"tactile_paving":"no","turn:lanes":null,"cycleway":null,"footway":null,"crossing":null,"lit":null,"motor_vehicle:conditional":null,"motor_vehicle":null,"horse":"no","operator":null,"emergency":null,"bus":null,"psv":null,"oneway:bicycle":null,"sidewalk":null,"foot":"yes","bicycle":"yes","cycleway:right":null,"access":null,"maxspeed":null,"destination:street":null,"surface":"concrete","oneway":null,"name":null,"lanes":null,"alt_name":null,"longitud_m":29.911977378685478,"id_segmento":125,"id_nodo":290,"fin_id_nodo":289},"geometry":{"type":"MultiLineString","coordinates":[[[1060095.600822217296809,864692.239761087927036],[1060095.411376272561029,864662.323618998518214]]]}},
{"type":"Feature","properties":{"fid":126,"full_id":"w566855935","osm_id":"566855935","osm_type":"way","highway":"footway","ford":null,"width":null,"covered":null,"tunnel":null,"layer":null,"bridge":null,"disused:highway":null,"service":null,"noname":null,"motorroad":null,"smoothness":null,"motorcycle":null,"busway:right":null,"tactile_paving":"no","turn:lanes":null,"cycleway":null,"footway":null,"crossing":null,"lit":null,"motor_vehicle:conditional":null,"motor_vehicle":null,"horse":"no","operator":null,"emergency":null,"bus":null,"psv":null,"oneway:bicycle":null,"sidewalk":null,"foot":"yes","bicycle":"yes","cycleway:right":null,"access":null,"maxspeed":null,"destination:street":null,"surface":"concrete","oneway":null,"name":null,"lanes":null,"alt_name":null,"longitud_m":53.266428877424573,"id_segmento":126,"id_nodo":289,"fin_id_nodo":286},"geometry":{"type":"MultiLineString","coordinates":[[[1060095.411376272561029,864662.323618998518214],[1060094.477443533251062,864643.677194599295035],[1060088.819988231640309,864634.641619819798507],[1060089.11990766832605,864624.278794676763937],[1060099.133963284781203,864615.110238035209477]]]}},
{"type":"Feature","properties":{"fid":127,"full_id":"w566855935","osm_id":"566855935","osm_type":"way","highway":"footway","ford":null,"width":null,"covered":null,"tunnel":null,"layer":null,"bridge":null,"disused:highway":null,"service":null,"noname":null,"motorroad":null,"smoothness":null,"motorcycle":null,"busway:right":null,"tactile_paving":"no","turn:lanes":null,"cycleway":null,"footway":null,"crossing":null,"lit":null,"motor_vehicle:conditional":null,"motor_vehicle":null,"horse":"no","operator":null,"emergency":null,"bus":null,"psv":null,"oneway:bicycle":null,"sidewalk":null,"foot":"yes","bicycle":"yes","cycleway:right":null,"access":null,"maxspeed":null,"destination:street":null,"surface":"concrete","oneway":null,"name":null,"lanes":null,"alt_name":null,"longitud_m":39.954005352579408,"id_segmento":127,"id_nodo":286,"fin_id_nodo":284},"geometry":{"type":"MultiLineString","coordinates":[[[1060099.133963284781203,864615.110238035209477],[1060118.961748624918982,864580.416022295248695]]]}},
{"type":"Feature","properties":{"fid":128,"full_id":"w566855935","osm_id":"566855935","osm_type":"way","highway":"footway","ford":null,"width":null,"covered":null,"tunnel":null,"layer":null,"bridge":null,"disused:highway":null,"service":null,"noname":null,"motorroad":null,"smoothness":null,"motorcycle":null,"busway:right":null,"tactile_paving":"no","turn:lanes":null,"cycleway":null,"footway":null,"crossing":null,"lit":null,"motor_vehicle:conditional":null,"motor_vehicle":null,"horse":"no","operator":null,"emergency":null,"bus":null,"psv":null,"oneway:bicycle":null,"sidewalk":null,"foot":"yes","bicycle":"yes","cycleway:right":null,"access":null,"maxspeed":null,"destination:street":null,"surface":"concrete","oneway":null,"name":null,"lanes":null,"alt_name":null,"longitud_m":135.99796323048972,"id_segmento":128,"id_nodo":284,"fin_id_nodo":21},"geometry":{"type":"MultiLineString","coordinates":[[[1060118.961748624918982,864580.416022295248695],[1060122.651678709778935,864574.233659012825228],[1060144.113391660386696,864544.018547721556388],[1060208.211016927147284,864542.54658262594603],[1060228.195284961955622,864561.646148507599719]]]}},
{"type":"Feature","properties":{"fid":129,"full_id":"w566855935","osm_id":"566855935","osm_type":"way","highway":"footway","ford":null,"width":null,"covered":null,"tunnel":null,"layer":null,"bridge":null,"disused:highway":null,"service":null,"noname":null,"motorroad":null,"smoothness":null,"motorcycle":null,"busway:right":null,"tactile_paving":"no","turn:lanes":null,"cycleway":null,"footway":null,"crossing":null,"lit":null,"motor_vehicle:conditional":null,"motor_vehicle":null,"horse":"no","operator":null,"emergency":null,"bus":null,"psv":null,"oneway:bicycle":null,"sidewalk":null,"foot":"yes","bicycle":"yes","cycleway:right":null,"access":null,"maxspeed":null,"destination:street":null,"surface":"concrete","oneway":null,"name":null,"lanes":null,"alt_name":null,"longitud_m":23.295746840759953,"id_segmento":129,"id_nodo":21,"fin_id_nodo":20},"geometry":{"type":"MultiLineString","coordinates":[[[1060228.195284961955622,864561.646148507599719],[1060240.409876646474004,864541.805082469363697]]]}},
{"type":"Feature","properties":{"fid":130,"full_id":"w569500386","osm_id":"569500386","osm_type":"way","highway":"tertiary","ford":null,"width":null,"covered":null,"tunnel":null,"layer":null,"bridge":null,"disused:highway":null,"service":null,"noname":null,"motorroad":null,"smoothness":null,"motorcycle":null,"busway:right":null,"tactile_paving":null,"turn:lanes":"through|through|through","cycleway":null,"footway":null,"crossing":null,"lit":null,"motor_vehicle:conditional":null,"motor_vehicle":null,"horse":null,"operator":null,"emergency":null,"bus":null,"psv":null,"oneway:bicycle":null,"sidewalk":null,"foot":null,"bicycle":null,"cycleway:right":null,"access":null,"maxspeed":"30","destination:street":null,"surface":"asphalt","oneway":"yes","name":"Carrera 86","lanes":"3","alt_name":null,"longitud_m":16.104013308019628,"id_segmento":130,"id_nodo":276,"fin_id_nodo":275},"geometry":{"type":"MultiLineString","coordinates":[[[1060587.028980489587411,865501.118657452519983],[1060603.100474445382133,865500.056740673840977]]]}},
{"type":"Feature","properties":{"fid":131,"full_id":"w569500386","osm_id":"569500386","osm_type":"way","highway":"tertiary","ford":null,"width":null,"covered":null,"tunnel":null,"layer":null,"bridge":null,"disused:highway":null,"service":null,"noname":null,"motorroad":null,"smoothness":null,"motorcycle":null,"busway:right":null,"tactile_paving":null,"turn:lanes":"through|through|through","cycleway":null,"footway":null,"crossing":null,"lit":null,"motor_vehicle:conditional":null,"motor_vehicle":null,"horse":null,"operator":null,"emergency":null,"bus":null,"psv":null,"oneway:bicycle":null,"sidewalk":null,"foot":null,"bicycle":null,"cycleway:right":null,"access":null,"maxspeed":"30","destination:street":null,"surface":"asphalt","oneway":"yes","name":"Carrera 86","lanes":"3","alt_name":null,"longitud_m":11.719957238529016,"id_segmento":131,"id_nodo":275,"fin_id_nodo":19},"geometry":{"type":"MultiLineString","coordinates":[[[1060603.100474445382133,865500.056740673840977],[1060614.792874822858721,865499.227130345650949]]]}},
{"type":"Feature","properties":{"fid":132,"full_id":"w569500387","osm_id":"569500387","osm_type":"way","highway":"tertiary","ford":null,"width":null,"covered":null,"tunnel":null,"layer":null,"bridge":null,"disused:highway":null,"service":null,"noname":null,"motorroad":null,"smoothness":null,"motorcycle":null,"busway:right":"lane","tactile_paving":null,"turn:lanes":null,"cycleway":null,"footway":null,"crossing":null,"lit":null,"motor_vehicle:conditional":null,"motor_vehicle":null,"horse":null,"operator":null,"emergency":null,"bus":null,"psv":null,"oneway:bicycle":null,"sidewalk":null,"foot":null,"bicycle":null,"cycleway:right":null,"access":null,"maxspeed":"30","destination:street":null,"surface":"asphalt","oneway":"yes","name":"Carrera 86","lanes":"3","alt_name":null,"longitud_m":15.001874900948978,"id_segmento":132,"id_nodo":9,"fin_id_nodo":29},"geometry":{"type":"MultiLineString","coordinates":[[[1060566.211617024382576,865502.490304296370596],[1060581.182780012488365,865501.494755479856394]]]}},
{"type":"Feature","properties":{"fid":133,"full_id":"w569500387","osm_id":"569500387","osm_type":"way","highway":"tertiary","ford":null,"width":null,"covered":null,"tunnel":null,"layer":null,"bridge":null,"disused:highway":null,"service":null,"noname":null,"motorroad":null,"smoothness":null,"motorcycle":null,"busway:right":"lane","tactile_paving":null,"turn:lanes":null,"cycleway":null,"footway":null,"crossing":null,"lit":null,"motor_vehicle:conditional":null,"motor_vehicle":null,"horse":null,"operator":null,"emergency":null,"bus":null,"psv":null,"oneway:bicycle":null,"sidewalk":null,"foot":null,"bicycle":null,"cycleway:right":null,"access":null,"maxspeed":"30","destination:street":null,"surface":"asphalt","oneway":"yes","name":"Carrera 86","lanes":"3","alt_name":null,"longitud_m":5.8573670702820841,"id_segmento":133,"id_nodo":29,"fin_id_nodo":276},"geometry":{"type":"MultiLineString","coordinates":[[[1060581.182780012488365,865501.494755479856394],[1060587.028980489587411,865501.118657452519983]]]}},
{"type":"Feature","properties":{"fid":134,"full_id":"w569500388","osm_id":"569500388","osm_type":"way","highway":"tertiary","ford":null,"width":null,"covered":null,"tunnel":null,"layer":null,"bridge":null,"disused:highway":null,"service":null,"noname":null,"motorroad":null,"smoothness":null,"motorcycle":null,"busway:right":null,"tactile_paving":null,"turn:lanes":null,"cycleway":null,"footway":null,"crossing":null,"lit":null,"motor_vehicle:conditional":null,"motor_vehicle":null,"horse":null,"operator":null,"emergency":null,"bus":null,"psv":null,"oneway:bicycle":null,"sidewalk":null,"foot":null,"bicycle":null,"cycleway:right":null,"access":null,"maxspeed":"30","destination:street":null,"surface":"asphalt","oneway":"yes","name":"Carrera 86","lanes":"3","alt_name":null,"longitud_m":55.276274320680301,"id_segmento":134,"id_nodo":19,"fin_id_nodo":257},"geometry":{"type":"MultiLineString","coordinates":[[[1060614.792874822858721,865499.227130345650949],[1060669.976123094791546,865495.875425282167271]]]}},
{"type":"Feature","properties":{"fid":135,"full_id":"w569795994","osm_id":"569795994","osm_type":"way","highway":"tertiary","ford":null,"width":null,"covered":null,"tunnel":null,"layer":null,"bridge":null,"disused:highway":null,"service":null,"noname":null,"motorroad":null,"smoothness":null,"motorcycle":null,"busway:right":null,"tactile_paving":null,"turn:lanes":"through|through|through;right","cycleway":null,"footway":null,"crossing":null,"lit":null,"motor_vehicle:conditional":null,"motor_vehicle":null,"horse":null,"operator":null,"emergency":null,"bus":null,"psv":null,"oneway:bicycle":null,"sidewalk":null,"foot":null,"bicycle":null,"cycleway:right":null,"access":null,"maxspeed":"30","destination:street":null,"surface":"asphalt","oneway":"yes","name":"Carrera 86","lanes":"3","alt_name":null,"longitud_m":131.50705718515937,"id_segmento":135,"id_nodo":251,"fin_id_nodo":228},"geometry":{"type":"MultiLineString","coordinates":[[[1060794.735839954577386,865487.70102707343176],[1060925.875258678104728,865477.602351094945334]]]}},
{"type":"Feature","properties":{"fid":136,"full_id":"w569802534","osm_id":"569802534","osm_type":"way","highway":"tertiary","ford":null,"width":null,"covered":null,"tunnel":null,"layer":null,"bridge":null,"disused:highway":null,"service":null,"noname":null,"motorroad":null,"smoothness":null,"motorcycle":null,"busway:right":null,"tactile_paving":null,"turn:lanes":null,"cycleway":null,"footway":null,"crossing":null,"lit":null,"motor_vehicle:conditional":null,"motor_vehicle":null,"horse":null,"operator":null,"emergency":null,"bus":null,"psv":null,"oneway:bicycle":null,"sidewalk":null,"foot":null,"bicycle":null,"cycleway:right":null,"access":null,"maxspeed":"30","destination:street":null,"surface":"asphalt","oneway":"yes","name":"Carrera 86","lanes":"3","alt_name":null,"longitud_m":13.995283062015822,"id_segmento":136,"id_nodo":102,"fin_id_nodo":320},"geometry":{"type":"MultiLineString","coordinates":[[[1060130.992134790867567,865531.218382370192558],[1060144.962990965461358,865530.355503548285924]]]}},
{"type":"Feature","properties":{"fid":137,"full_id":"w569802534","osm_id":"569802534","osm_type":"way","highway":"tertiary","ford":null,"width":null,"covered":null,"tunnel":null,"layer":null,"bridge":null,"disused:highway":null,"service":null,"noname":null,"motorroad":null,"smoothness":null,"motorcycle":null,"busway:right":null,"tactile_paving":null,"turn:lanes":null,"cycleway":null,"footway":null,"crossing":null,"lit":null,"motor_vehicle:conditional":null,"motor_vehicle":null,"horse":null,"operator":null,"emergency":null,"bus":null,"psv":null,"oneway:bicycle":null,"sidewalk":null,"foot":null,"bicycle":null,"cycleway:right":null,"access":null,"maxspeed":"30","destination:street":null,"surface":"asphalt","oneway":"yes","name":"Carrera 86","lanes":"3","alt_name":null,"longitud_m":190.94550472124263,"id_segmento":137,"id_nodo":320,"fin_id_nodo":11},"geometry":{"type":"MultiLineString","coordinates":[[[1060144.962990965461358,865530.355503548285924],[1060335.520144031383097,865517.722488766303286]]]}},
{"type":"Feature","properties":{"fid":138,"full_id":"w569802534","osm_id":"569802534","osm_type":"way","highway":"tertiary","ford":null,"width":null,"covered":null,"tunnel":null,"layer":null,"bridge":null,"disused:highway":null,"service":null,"noname":null,"motorroad":null,"smoothness":null,"motorcycle":null,"busway:right":null,"tactile_paving":null,"turn:lanes":null,"cycleway":null,"footway":null,"crossing":null,"lit":null,"motor_vehicle:conditional":null,"motor_vehicle":null,"horse":null,"operator":null,"emergency":null,"bus":null,"psv":null,"oneway:bicycle":null,"sidewalk":null,"foot":null,"bicycle":null,"cycleway:right":null,"access":null,"maxspeed":"30","destination:street":null,"surface":"asphalt","oneway":"yes","name":"Carrera 86","lanes":"3","alt_name":null,"longitud_m":30.882653757807468,"id_segmento":138,"id_nodo":11,"fin_id_nodo":10},"geometry":{"type":"MultiLineString","coordinates":[[[1060335.520144031383097,865517.722488766303286],[1060366.340503267711028,865515.687077127979137]]]}},
{"type":"Feature","properties":{"fid":139,"full_id":"w569802534","osm_id":"569802534","osm_type":"way","highway":"tertiary","ford":null,"width":null,"covered":null,"tunnel":null,"layer":null,"bridge":null,"disused:highway":null,"service":null,"noname":null,"motorroad":null,"smoothness":null,"motorcycle":null,"busway:right":null,"tactile_paving":null,"turn:lanes":null,"cycleway":null,"footway":null,"crossing":null,"lit":null,"motor_vehicle:conditional":null,"motor_vehicle":null,"horse":null,"operator":null,"emergency":null,"bus":null,"psv":null,"oneway:bicycle":null,"sidewalk":null,"foot":null,"bicycle":null,"cycleway:right":null,"access":null,"maxspeed":"30","destination:street":null,"surface":"asphalt","oneway":"yes","name":"Carrera 86","lanes":"3","alt_name":null,"longitud_m":200.27490226540573,"id_segmento":139,"id_nodo":10,"fin_id_nodo":9},"geometry":{"type":"MultiLineString","coordinates":[[[1060366.340503267711028,865515.687077127979137],[1060566.211617024382576,865502.490304296370596]]]}},
{"type":"Feature","properties":{"fid":140,"full_id":"w570301002","osm_id":"570301002","osm_type":"way","highway":"footway","ford":null,"width":null,"covered":null,"tunnel":null,"layer":null,"bridge":null,"disused:highway":null,"service":null,"noname":null,"motorroad":null,"smoothness":null,"motorcycle":null,"busway:right":null,"tactile_paving":null,"turn:lanes":null,"cycleway":null,"footway":null,"crossing":null,"lit":null,"motor_vehicle:conditional":null,"motor_vehicle":null,"horse":null,"operator":null,"emergency":null,"bus":null,"psv":null,"oneway:bicycle":null,"sidewalk":null,"foot":null,"bicycle":null,"cycleway:right":null,"access":null,"maxspeed":null,"destination:street":null,"surface":null,"oneway":null,"name":null,"lanes":null,"alt_name":null,"longitud_m":37.619048182582084,"id_segmento":140,"id_nodo":265,"fin_id_nodo":141},"geometry":{"type":"MultiLineString","coordinates":[[[1060313.963495252653956,865128.1935838048812],[1060313.7973298500292,865165.818254073034041]]]}},
{"type":"Feature","properties":{"fid":141,"full_id":"w570301002","osm_id":"570301002","osm_type":"way","highway":"footway","ford":null,"width":null,"covered":null,"tunnel":null,"layer":null,"bridge":null,"disused:highway":null,"service":null,"noname":null,"motorroad":null,"smoothness":null,"motorcycle":null,"busway:right":null,"tactile_paving":null,"turn:lanes":null,"cycleway":null,"footway":null,"crossing":null,"lit":null,"motor_vehicle:conditional":null,"motor_vehicle":null,"horse":null,"operator":null,"emergency":null,"bus":null,"psv":null,"oneway:bicycle":null,"sidewalk":null,"foot":null,"bicycle":null,"cycleway:right":null,"access":null,"maxspeed":null,"destination:street":null,"surface":null,"oneway":null,"name":null,"lanes":null,"alt_name":null,"longitud_m":71.644345009879146,"id_segmento":141,"id_nodo":141,"fin_id_nodo":264},"geometry":{"type":"MultiLineString","coordinates":[[[1060313.7973298500292,865165.818254073034041],[1060313.464946794556454,865237.473233343916945]]]}},
{"type":"Feature","properties":{"fid":142,"full_id":"w598233412","osm_id":"598233412","osm_type":"way","highway":"service","ford":null,"width":null,"covered":null,"tunnel":null,"layer":null,"bridge":null,"disused:highway":null,"service":null,"noname":null,"motorroad":null,"smoothness":null,"motorcycle":null,"busway:right":null,"tactile_paving":null,"turn:lanes":null,"cycleway":null,"footway":null,"crossing":null,"lit":null,"motor_vehicle:conditional":null,"motor_vehicle":null,"horse":null,"operator":null,"emergency":null,"bus":null,"psv":null,"oneway:bicycle":null,"sidewalk":null,"foot":null,"bicycle":null,"cycleway:right":null,"access":"destination","maxspeed":null,"destination:street":null,"surface":null,"oneway":null,"name":null,"lanes":null,"alt_name":null,"longitud_m":21.71372676574245,"id_segmento":142,"id_nodo":317,"fin_id_nodo":322},"geometry":{"type":"MultiLineString","coordinates":[[[1060192.977262426866218,864815.397555388044566],[1060198.245217737276107,864794.328983916668221]]]}},
{"type":"Feature","properties":{"fid":143,"full_id":"w598233412","osm_id":"598233412","osm_type":"way","highway":"service","ford":null,"width":null,"covered":null,"tunnel":null,"layer":null,"bridge":null,"disused:highway":null,"service":null,"noname":null,"motorroad":null,"smoothness":null,"motorcycle":null,"busway:right":null,"tactile_paving":null,"turn:lanes":null,"cycleway":null,"footway":null,"crossing":null,"lit":null,"motor_vehicle:conditional":null,"motor_vehicle":null,"horse":null,"operator":null,"emergency":null,"bus":null,"psv":null,"oneway:bicycle":null,"sidewalk":null,"foot":null,"bicycle":null,"cycleway:right":null,"access":"destination","maxspeed":null,"destination:street":null,"surface":null,"oneway":null,"name":null,"lanes":null,"alt_name":null,"longitud_m":11.447248397229535,"id_segmento":143,"id_nodo":322,"fin_id_nodo":1},"geometry":{"type":"MultiLineString","coordinates":[[[1060198.245217737276107,864794.328983916668221],[1060201.801696860929951,864783.446306949714199]]]}},
{"type":"Feature","properties":{"fid":144,"full_id":"w598233412","osm_id":"598233412","osm_type":"way","highway":"service","ford":null,"width":null,"covered":null,"tunnel":null,"layer":null,"bridge":null,"disused:highway":null,"service":null,"noname":null,"motorroad":null,"smoothness":null,"motorcycle":null,"busway:right":null,"tactile_paving":null,"turn:lanes":null,"cycleway":null,"footway":null,"crossing":null,"lit":null,"motor_vehicle:conditional":null,"motor_vehicle":null,"horse":null,"operator":null,"emergency":null,"bus":null,"psv":null,"oneway:bicycle":null,"sidewalk":null,"foot":null,"bicycle":null,"cycleway:right":null,"access":"destination","maxspeed":null,"destination:street":null,"surface":null,"oneway":null,"name":null,"lanes":null,"alt_name":null,"longitud_m":60.922961955963274,"id_segmento":144,"id_nodo":1,"fin_id_nodo":7},"geometry":{"type":"MultiLineString","coordinates":[[[1060201.801696860929951,864783.446306949714199],[1060205.080309911165386,864772.342443079920486],[1060206.869670857209712,864767.299249151255935],[1060209.559325656155124,864763.306700345943682],[1060213.72722512180917,864760.044059920473956],[1060218.350812864257023,864756.27267206821125],[1060226.33100425824523,864753.385997242759913],[1060245.770320006413385,864752.976488038431853]]]}},
{"type":"Feature","properties":{"fid":145,"full_id":"w598233412","osm_id":"598233412","osm_type":"way","highway":"service","ford":null,"width":null,"covered":null,"tunnel":null,"layer":null,"bridge":null,"disused:highway":null,"service":null,"noname":null,"motorroad":null,"smoothness":null,"motorcycle":null,"busway:right":null,"tactile_paving":null,"turn:lanes":null,"cycleway":null,"footway":null,"crossing":null,"lit":null,"motor_vehicle:conditional":null,"motor_vehicle":null,"horse":null,"operator":null,"emergency":null,"bus":null,"psv":null,"oneway:bicycle":null,"sidewalk":null,"foot":null,"bicycle":null,"cycleway:right":null,"access":"destination","maxspeed":null,"destination:street":null,"surface":null,"oneway":null,"name":null,"lanes":null,"alt_name":null,"longitud_m":141.71480207481801,"id_segmento":145,"id_nodo":7,"fin_id_nodo":5},"geometry":{"type":"MultiLineString","coordinates":[[[1060245.770320006413385,864752.976488038431853],[1060277.669036546256393,864753.009173994068988],[1060282.292695423820987,864753.827511776471511],[1060290.050685028778389,864756.791359319817275],[1060297.497519815107808,864763.305335106211714],[1060303.310585004743189,864774.409058848628774],[1060306.367186305811629,864781.520318395225331],[1060307.634326797444373,864787.215979522909038],[1060308.901531391311437,864797.280172050581314],[1060307.634538206271827,864801.582365013775416],[1060306.589843209367245,864806.3932950157905],[1060303.611207168083638,864810.319488271372393],[1060300.554761792998761,864813.714823273941875],[1060292.952484588837251,864817.795920685399324],[1060289.529229549923912,864819.123121389653534],[1060284.983390730572864,864819.344381980830804],[1060270.301057417178527,864816.601832450018264]]]}},
{"type":"Feature","properties":{"fid":146,"full_id":"w598337566","osm_id":"598337566","osm_type":"way","highway":"service","ford":null,"width":null,"covered":null,"tunnel":null,"layer":null,"bridge":null,"disused:highway":null,"service":null,"noname":null,"motorroad":null,"smoothness":"good","motorcycle":"yes","busway:right":null,"tactile_paving":null,"turn:lanes":null,"cycleway":null,"footway":null,"crossing":null,"lit":null,"motor_vehicle:conditional":null,"motor_vehicle":null,"horse":null,"operator":null,"emergency":null,"bus":null,"psv":null,"oneway:bicycle":null,"sidewalk":null,"foot":null,"bicycle":null,"cycleway:right":null,"access":null,"maxspeed":null,"destination:street":null,"surface":"asphalt","oneway":"no","name":null,"lanes":null,"alt_name":null,"longitud_m":6.3712485972121362,"id_segmento":146,"id_nodo":307,"fin_id_nodo":231},"geometry":{"type":"MultiLineString","coordinates":[[[1060321.366835032356903,864440.686169381253421],[1060320.977807444054633,864439.469622128759511],[1060319.432811727980152,864434.614492540014908]]]}},
{"type":"Feature","properties":{"fid":147,"full_id":"w598337566","osm_id":"598337566","osm_type":"way","highway":"service","ford":null,"width":null,"covered":null,"tunnel":null,"layer":null,"bridge":null,"disused:highway":null,"service":null,"noname":null,"motorroad":null,"smoothness":"good","motorcycle":"yes","busway:right":null,"tactile_paving":null,"turn:lanes":null,"cycleway":null,"footway":null,"crossing":null,"lit":null,"motor_vehicle:conditional":null,"motor_vehicle":null,"horse":null,"operator":null,"emergency":null,"bus":null,"psv":null,"oneway:bicycle":null,"sidewalk":null,"foot":null,"bicycle":null,"cycleway:right":null,"access":null,"maxspeed":null,"destination:street":null,"surface":"asphalt","oneway":"no","name":null,"lanes":null,"alt_name":null,"longitud_m":2.0677045287513391,"id_segmento":147,"id_nodo":231,"fin_id_nodo":230},"geometry":{"type":"MultiLineString","coordinates":[[[1060319.432811727980152,864434.614492540014908],[1060318.799252621363848,864432.645897967275232]]]}},
{"type":"Feature","properties":{"fid":148,"full_id":"w598337569","osm_id":"598337569","osm_type":"way","highway":"footway","ford":null,"width":null,"covered":null,"tunnel":null,"layer":null,"bridge":null,"disused:highway":null,"service":null,"noname":null,"motorroad":null,"smoothness":null,"motorcycle":null,"busway:right":null,"tactile_paving":null,"turn:lanes":null,"cycleway":null,"footway":"crossing","crossing":"zebra","lit":null,"motor_vehicle:conditional":null,"motor_vehicle":null,"horse":null,"operator":null,"emergency":null,"bus":null,"psv":null,"oneway:bicycle":null,"sidewalk":"both","foot":"yes","bicycle":"no","cycleway:right":null,"access":null,"maxspeed":null,"destination:street":null,"surface":null,"oneway":null,"name":null,"lanes":null,"alt_name":null,"longitud_m":6.1017223418638391,"id_segmento":148,"id_nodo":6,"fin_id_nodo":303},"geometry":{"type":"MultiLineString","coordinates":[[[1060048.86903744074516,864976.427357586915605],[1060054.970906366361305,864976.526787415146828]]]}},
{"type":"Feature","properties":{"fid":149,"full_id":"w598337569","osm_id":"598337569","osm_type":"way","highway":"footway","ford":null,"width":null,"covered":null,"tunnel":null,"layer":null,"bridge":null,"disused:highway":null,"service":null,"noname":null,"motorroad":null,"smoothness":null,"motorcycle":null,"busway:right":null,"tactile_paving":null,"turn:lanes":null,"cycleway":null,"footway":"crossing","crossing":"zebra","lit":null,"motor_vehicle:conditional":null,"motor_vehicle":null,"horse":null,"operator":null,"emergency":null,"bus":null,"psv":null,"oneway:bicycle":null,"sidewalk":"both","foot":"yes","bicycle":"no","cycleway:right":null,"access":null,"maxspeed":null,"destination:street":null,"surface":null,"oneway":null,"name":null,"lanes":null,"alt_name":null,"longitud_m":5.3897387857371397,"id_segmento":149,"id_nodo":303,"fin_id_nodo":92},"geometry":{"type":"MultiLineString","coordinates":[[[1060054.970906366361305,864976.526787415146828],[1060060.361444428330287,864976.504574626451358]]]}},
{"type":"Feature","properties":{"fid":150,"full_id":"w598337570","osm_id":"598337570","osm_type":"way","highway":"footway","ford":null,"width":null,"covered":null,"tunnel":null,"layer":null,"bridge":null,"disused:highway":null,"service":null,"noname":null,"motorroad":null,"smoothness":null,"motorcycle":null,"busway:right":null,"tactile_paving":null,"turn:lanes":null,"cycleway":null,"footway":"crossing","crossing":null,"lit":null,"motor_vehicle:conditional":null,"motor_vehicle":null,"horse":null,"operator":null,"emergency":null,"bus":null,"psv":null,"oneway:bicycle":null,"sidewalk":null,"foot":null,"bicycle":null,"cycleway:right":null,"access":null,"maxspeed":null,"destination:street":null,"surface":null,"oneway":"no","name":null,"lanes":null,"alt_name":null,"longitud_m":11.799052089035596,"id_segmento":150,"id_nodo":315,"fin_id_nodo":164},"geometry":{"type":"MultiLineString","coordinates":[[[1060339.70068528293632,864852.024601431330666],[1060339.122814706293866,864857.897243266110308],[1060338.556058714399114,864863.769884940353222]]]}},
{"type":"Feature","properties":{"fid":151,"full_id":"w598409424","osm_id":"598409424","osm_type":"way","highway":"service","ford":null,"width":null,"covered":null,"tunnel":null,"layer":null,"bridge":null,"disused:highway":null,"service":null,"noname":null,"motorroad":null,"smoothness":null,"motorcycle":null,"busway:right":null,"tactile_paving":null,"turn:lanes":null,"cycleway":null,"footway":null,"crossing":null,"lit":null,"motor_vehicle:conditional":null,"motor_vehicle":null,"horse":null,"operator":null,"emergency":null,"bus":null,"psv":null,"oneway:bicycle":null,"sidewalk":null,"foot":null,"bicycle":null,"cycleway:right":null,"access":"destination","maxspeed":null,"destination:street":null,"surface":null,"oneway":null,"name":null,"lanes":null,"alt_name":null,"longitud_m":16.399667319224861,"id_segmento":151,"id_nodo":8,"fin_id_nodo":159},"geometry":{"type":"MultiLineString","coordinates":[[[1060128.757026205770671,865463.954095909488387],[1060128.301261243177578,865459.563452990376391],[1060125.989394904347137,865456.024428235832602],[1060122.843965136678889,865453.790447125560604],[1060119.076145346276462,865452.773029602481984]]]}},
{"type":"Feature","properties":{"fid":152,"full_id":"w598409424","osm_id":"598409424","osm_type":"way","highway":"service","ford":null,"width":null,"covered":null,"tunnel":null,"layer":null,"bridge":null,"disused:highway":null,"service":null,"noname":null,"motorroad":null,"smoothness":null,"motorcycle":null,"busway:right":null,"tactile_paving":null,"turn:lanes":null,"cycleway":null,"footway":null,"crossing":null,"lit":null,"motor_vehicle:conditional":null,"motor_vehicle":null,"horse":null,"operator":null,"emergency":null,"bus":null,"psv":null,"oneway:bicycle":null,"sidewalk":null,"foot":null,"bicycle":null,"cycleway:right":null,"access":"destination","maxspeed":null,"destination:street":null,"surface":null,"oneway":null,"name":null,"lanes":null,"alt_name":null,"longitud_m":48.001972856473905,"id_segmento":152,"id_nodo":159,"fin_id_nodo":2},"geometry":{"type":"MultiLineString","coordinates":[[[1060119.076145346276462,865452.773029602481984],[1060071.106088885571808,865450.827361123403534]]]}},
{"type":"Feature","properties":{"fid":153,"full_id":"w598676013","osm_id":"598676013","osm_type":"way","highway":"service","ford":null,"width":null,"covered":null,"tunnel":null,"layer":null,"bridge":null,"disused:highway":null,"service":null,"noname":null,"motorroad":null,"smoothness":null,"motorcycle":null,"busway:right":null,"tactile_paving":null,"turn:lanes":null,"cycleway":null,"footway":null,"crossing":null,"lit":null,"motor_vehicle:conditional":null,"motor_vehicle":null,"horse":null,"operator":null,"emergency":null,"bus":null,"psv":null,"oneway:bicycle":null,"sidewalk":null,"foot":null,"bicycle":null,"cycleway:right":null,"access":"destination","maxspeed":null,"destination:street":null,"surface":null,"oneway":null,"name":null,"lanes":null,"alt_name":null,"longitud_m":59.360543606701071,"id_segmento":153,"id_nodo":324,"fin_id_nodo":1},"geometry":{"type":"MultiLineString","coordinates":[[[1060145.017271428136155,864766.116880328743719],[1060201.801696860929951,864783.446306949714199]]]}},
{"type":"Feature","properties":{"fid":154,"full_id":"w598676013","osm_id":"598676013","osm_type":"way","highway":"service","ford":null,"width":null,"covered":null,"tunnel":null,"layer":null,"bridge":null,"disused:highway":null,"service":null,"noname":null,"motorroad":null,"smoothness":null,"motorcycle":null,"busway:right":null,"tactile_paving":null,"turn:lanes":null,"cycleway":null,"footway":null,"crossing":null,"lit":null,"motor_vehicle:conditional":null,"motor_vehicle":null,"horse":null,"operator":null,"emergency":null,"bus":null,"psv":null,"oneway:bicycle":null,"sidewalk":null,"foot":null,"bicycle":null,"cycleway:right":null,"access":"destination","maxspeed":null,"destination:street":null,"surface":null,"oneway":null,"name":null,"lanes":null,"alt_name":null,"longitud_m":75.180546949324182,"id_segmento":154,"id_nodo":1,"fin_id_nodo":323},"geometry":{"type":"MultiLineString","coordinates":[[[1060201.801696860929951,864783.446306949714199],[1060273.501883742865175,864806.095188839593902]]]}},
{"type":"Feature","properties":{"fid":155,"full_id":"w598676014","osm_id":"598676014","osm_type":"way","highway":"service","ford":null,"width":null,"covered":null,"tunnel":null,"layer":null,"bridge":null,"disused:highway":null,"service":null,"noname":null,"motorroad":null,"smoothness":null,"motorcycle":null,"busway:right":null,"tactile_paving":null,"turn:lanes":null,"cycleway":null,"footway":null,"crossing":null,"lit":null,"motor_vehicle:conditional":null,"motor_vehicle":null,"horse":null,"operator":null,"emergency":null,"bus":null,"psv":null,"oneway:bicycle":null,"sidewalk":null,"foot":null,"bicycle":null,"cycleway:right":null,"access":"destination","maxspeed":null,"destination:street":null,"surface":null,"oneway":null,"name":null,"lanes":null,"alt_name":null,"longitud_m":71.083394721499189,"id_segmento":155,"id_nodo":324,"fin_id_nodo":322},"geometry":{"type":"MultiLineString","coordinates":[[[1060145.017271428136155,864766.116880328743719],[1060141.59418261051178,864777.663131375680678],[1060198.245217737276107,864794.328983916668221]]]}},
{"type":"Feature","properties":{"fid":156,"full_id":"w598676014","osm_id":"598676014","osm_type":"way","highway":"service","ford":null,"width":null,"covered":null,"tunnel":null,"layer":null,"bridge":null,"disused:highway":null,"service":null,"noname":null,"motorroad":null,"smoothness":null,"motorcycle":null,"busway:right":null,"tactile_paving":null,"turn:lanes":null,"cycleway":null,"footway":null,"crossing":null,"lit":null,"motor_vehicle:conditional":null,"motor_vehicle":null,"horse":null,"operator":null,"emergency":null,"bus":null,"psv":null,"oneway:bicycle":null,"sidewalk":null,"foot":null,"bicycle":null,"cycleway:right":null,"access":"destination","maxspeed":null,"destination:street":null,"surface":null,"oneway":null,"name":null,"lanes":null,"alt_name":null,"longitud_m":75.407818861745767,"id_segmento":156,"id_nodo":322,"fin_id_nodo":5},"geometry":{"type":"MultiLineString","coordinates":[[[1060198.245217737276107,864794.328983916668221],[1060270.301057417178527,864816.601832450018264]]]}},
{"type":"Feature","properties":{"fid":157,"full_id":"w598676014","osm_id":"598676014","osm_type":"way","highway":"service","ford":null,"width":null,"covered":null,"tunnel":null,"layer":null,"bridge":null,"disused:highway":null,"service":null,"noname":null,"motorroad":null,"smoothness":null,"motorcycle":null,"busway:right":null,"tactile_paving":null,"turn:lanes":null,"cycleway":null,"footway":null,"crossing":null,"lit":null,"motor_vehicle:conditional":null,"motor_vehicle":null,"horse":null,"operator":null,"emergency":null,"bus":null,"psv":null,"oneway:bicycle":null,"sidewalk":null,"foot":null,"bicycle":null,"cycleway:right":null,"access":"destination","maxspeed":null,"destination:street":null,"surface":null,"oneway":null,"name":null,"lanes":null,"alt_name":null,"longitud_m":10.981642099497289,"id_segmento":157,"id_nodo":5,"fin_id_nodo":323},"geometry":{"type":"MultiLineString","coordinates":[[[1060270.301057417178527,864816.601832450018264],[1060273.501883742865175,864806.095188839593902]]]}},
{"type":"Feature","properties":{"fid":158,"full_id":"w599029881","osm_id":"599029881","osm_type":"way","highway":"service","ford":null,"width":null,"covered":null,"tunnel":null,"layer":null,"bridge":null,"disused:highway":null,"service":null,"noname":null,"motorroad":null,"smoothness":null,"motorcycle":null,"busway:right":null,"tactile_paving":null,"turn:lanes":null,"cycleway":null,"footway":null,"crossing":null,"lit":null,"motor_vehicle:conditional":null,"motor_vehicle":null,"horse":null,"operator":null,"emergency":null,"bus":null,"psv":null,"oneway:bicycle":null,"sidewalk":null,"foot":null,"bicycle":null,"cycleway:right":null,"access":"destination","maxspeed":null,"destination:street":null,"surface":null,"oneway":null,"name":null,"lanes":null,"alt_name":null,"longitud_m":14.138978305251047,"id_segmento":158,"id_nodo":80,"fin_id_nodo":304},"geometry":{"type":"MultiLineString","coordinates":[[[1060430.706394930370152,864850.452842164319009],[1060427.649813811993226,864844.082570433733054],[1060424.59323218325153,864837.701239218236879]]]}},
{"type":"Feature","properties":{"fid":159,"full_id":"w600004521","osm_id":"600004521","osm_type":"way","highway":"service","ford":null,"width":null,"covered":null,"tunnel":null,"layer":null,"bridge":null,"disused:highway":null,"service":"driveway","noname":null,"motorroad":null,"smoothness":null,"motorcycle":null,"busway:right":null,"tactile_paving":null,"turn:lanes":null,"cycleway":null,"footway":null,"crossing":null,"lit":null,"motor_vehicle:conditional":null,"motor_vehicle":null,"horse":null,"operator":null,"emergency":null,"bus":null,"psv":null,"oneway:bicycle":null,"sidewalk":null,"foot":null,"bicycle":null,"cycleway:right":null,"access":"destination","maxspeed":null,"destination:street":null,"surface":null,"oneway":null,"name":null,"lanes":null,"alt_name":null,"longitud_m":83.628390276689032,"id_segmento":159,"id_nodo":169,"fin_id_nodo":3},"geometry":{"type":"MultiLineString","coordinates":[[[1060712.063377279788256,865204.698504154221155],[1060735.359395358711481,865209.299028176115826],[1060739.871883551590145,865209.851957371458411],[1060743.639689155388623,865209.29893756355159],[1060746.284917661454529,865207.451960040256381],[1060747.062876999378204,865202.309250074787997],[1060748.551759540103376,865159.221136990003288]]]}},
{"type":"Feature","properties":{"fid":160,"full_id":"w600004544","osm_id":"600004544","osm_type":"way","highway":"path","ford":null,"width":null,"covered":null,"tunnel":null,"layer":null,"bridge":null,"disused:highway":null,"service":null,"noname":null,"motorroad":null,"smoothness":null,"motorcycle":null,"busway:right":null,"tactile_paving":null,"turn:lanes":null,"cycleway":null,"footway":null,"crossing":null,"lit":null,"motor_vehicle:conditional":null,"motor_vehicle":null,"horse":null,"operator":null,"emergency":null,"bus":null,"psv":null,"oneway:bicycle":null,"sidewalk":null,"foot":null,"bicycle":null,"cycleway:right":null,"access":null,"maxspeed":null,"destination:street":null,"surface":null,"oneway":null,"name":null,"lanes":null,"alt_name":null,"longitud_m":5.5627556909394986,"id_segmento":160,"id_nodo":4,"fin_id_nodo":44},"geometry":{"type":"MultiLineString","coordinates":[[[1060141.741453277878463,864948.832142244325951],[1060136.217528458219022,864948.168659581220709]]]}},
{"type":"Feature","properties":{"fid":161,"full_id":"w600004553","osm_id":"600004553","osm_type":"way","highway":"footway","ford":null,"width":null,"covered":null,"tunnel":null,"layer":null,"bridge":null,"disused:highway":null,"service":null,"noname":null,"motorroad":null,"smoothness":null,"motorcycle":null,"busway:right":null,"tactile_paving":null,"turn:lanes":null,"cycleway":null,"footway":null,"crossing":null,"lit":null,"motor_vehicle:conditional":null,"motor_vehicle":null,"horse":null,"operator":null,"emergency":null,"bus":null,"psv":null,"oneway:bicycle":null,"sidewalk":null,"foot":null,"bicycle":"yes","cycleway:right":null,"access":null,"maxspeed":null,"destination:street":null,"surface":null,"oneway":null,"name":null,"lanes":null,"alt_name":null,"longitud_m":61.207929105626718,"id_segmento":161,"id_nodo":39,"fin_id_nodo":42},"geometry":{"type":"MultiLineString","coordinates":[[[1060271.864712054375559,864584.328653586562723],[1060271.265447151381522,864645.543400055146776]]]}},
{"type":"Feature","properties":{"fid":162,"full_id":"w600004558","osm_id":"600004558","osm_type":"way","highway":"path","ford":null,"width":null,"covered":null,"tunnel":null,"layer":null,"bridge":null,"disused:highway":null,"service":null,"noname":null,"motorroad":null,"smoothness":null,"motorcycle":null,"busway:right":null,"tactile_paving":null,"turn:lanes":null,"cycleway":null,"footway":null,"crossing":null,"lit":null,"motor_vehicle:conditional":null,"motor_vehicle":null,"horse":null,"operator":null,"emergency":null,"bus":null,"psv":null,"oneway:bicycle":null,"sidewalk":null,"foot":null,"bicycle":"yes","cycleway:right":null,"access":null,"maxspeed":null,"destination:street":null,"surface":null,"oneway":null,"name":null,"lanes":null,"alt_name":null,"longitud_m":93.672069664218398,"id_segmento":162,"id_nodo":43,"fin_id_nodo":20},"geometry":{"type":"MultiLineString","coordinates":[[[1060318.889142252737656,864499.301943873520941],[1060307.107732381206006,864501.005294435890391],[1060281.099702624604106,864503.892236847430468],[1060240.409876646474004,864541.805082469363697]]]}},
{"type":"Feature","properties":{"fid":163,"full_id":"w600004560","osm_id":"600004560","osm_type":"way","highway":"path","ford":null,"width":null,"covered":null,"tunnel":null,"layer":null,"bridge":null,"disused:highway":null,"service":null,"noname":null,"motorroad":null,"smoothness":null,"motorcycle":null,"busway:right":null,"tactile_paving":null,"turn:lanes":null,"cycleway":null,"footway":null,"crossing":null,"lit":null,"motor_vehicle:conditional":null,"motor_vehicle":null,"horse":null,"operator":null,"emergency":null,"bus":null,"psv":null,"oneway:bicycle":null,"sidewalk":null,"foot":null,"bicycle":"yes","cycleway:right":null,"access":null,"maxspeed":null,"destination:street":null,"surface":null,"oneway":null,"name":null,"lanes":null,"alt_name":null,"longitud_m":27.125258715084009,"id_segmento":163,"id_nodo":89,"fin_id_nodo":7},"geometry":{"type":"MultiLineString","coordinates":[[[1060245.925508871674538,864725.847352733486332],[1060245.770320006413385,864752.976488038431853]]]}},
{"type":"Feature","properties":{"fid":164,"full_id":"w600004564","osm_id":"600004564","osm_type":"way","highway":"service","ford":null,"width":null,"covered":null,"tunnel":null,"layer":null,"bridge":null,"disused:highway":null,"service":null,"noname":null,"motorroad":null,"smoothness":null,"motorcycle":null,"busway:right":null,"tactile_paving":null,"turn:lanes":null,"cycleway":null,"footway":null,"crossing":null,"lit":null,"motor_vehicle:conditional":null,"motor_vehicle":null,"horse":null,"operator":null,"emergency":null,"bus":null,"psv":null,"oneway:bicycle":null,"sidewalk":null,"foot":null,"bicycle":null,"cycleway:right":null,"access":"destination","maxspeed":null,"destination:street":null,"surface":null,"oneway":null,"name":null,"lanes":null,"alt_name":null,"longitud_m":61.769947303967562,"id_segmento":164,"id_nodo":41,"fin_id_nodo":4},"geometry":{"type":"MultiLineString","coordinates":[[[1060149.487278452375904,864887.53985983133316],[1060141.741453277878463,864948.832142244325951]]]}},
{"type":"Feature","properties":{"fid":165,"full_id":"w600004564","osm_id":"600004564","osm_type":"way","highway":"service","ford":null,"width":null,"covered":null,"tunnel":null,"layer":null,"bridge":null,"disused:highway":null,"service":null,"noname":null,"motorroad":null,"smoothness":null,"motorcycle":null,"busway:right":null,"tactile_paving":null,"turn:lanes":null,"cycleway":null,"footway":null,"crossing":null,"lit":null,"motor_vehicle:conditional":null,"motor_vehicle":null,"horse":null,"operator":null,"emergency":null,"bus":null,"psv":null,"oneway:bicycle":null,"sidewalk":null,"foot":null,"bicycle":null,"cycleway:right":null,"access":"destination","maxspeed":null,"destination:street":null,"surface":null,"oneway":null,"name":null,"lanes":null,"alt_name":null,"longitud_m":14.175943287144932,"id_segmento":165,"id_nodo":4,"fin_id_nodo":45},"geometry":{"type":"MultiLineString","coordinates":[[[1060141.741453277878463,864948.832142244325951],[1060155.768004669575021,864950.900050801341422]]]}},
{"type":"Feature","properties":{"fid":166,"full_id":"w600004568","osm_id":"600004568","osm_type":"way","highway":"footway","ford":null,"width":null,"covered":null,"tunnel":null,"layer":null,"bridge":null,"disused:highway":null,"service":null,"noname":null,"motorroad":null,"smoothness":null,"motorcycle":null,"busway:right":null,"tactile_paving":null,"turn:lanes":null,"cycleway":null,"footway":null,"crossing":null,"lit":null,"motor_vehicle:conditional":null,"motor_vehicle":null,"horse":null,"operator":null,"emergency":null,"bus":null,"psv":null,"oneway:bicycle":null,"sidewalk":null,"foot":null,"bicycle":"yes","cycleway:right":null,"access":null,"maxspeed":null,"destination:street":null,"surface":null,"oneway":null,"name":null,"lanes":null,"alt_name":null,"longitud_m":23.590722546183798,"id_segmento":166,"id_nodo":46,"fin_id_nodo":43},"geometry":{"type":"MultiLineString","coordinates":[[[1060326.8136165314354,864484.99073839711491],[1060318.210935621755198,864484.349411117029376],[1060318.889142252737656,864499.301943873520941]]]}},
{"type":"Feature","properties":{"fid":167,"full_id":"w600004568","osm_id":"600004568","osm_type":"way","highway":"footway","ford":null,"width":null,"covered":null,"tunnel":null,"layer":null,"bridge":null,"disused:highway":null,"service":null,"noname":null,"motorroad":null,"smoothness":null,"motorcycle":null,"busway:right":null,"tactile_paving":null,"turn:lanes":null,"cycleway":null,"footway":null,"crossing":null,"lit":null,"motor_vehicle:conditional":null,"motor_vehicle":null,"horse":null,"operator":null,"emergency":null,"bus":null,"psv":null,"oneway:bicycle":null,"sidewalk":null,"foot":null,"bicycle":"yes","cycleway:right":null,"access":null,"maxspeed":null,"destination:street":null,"surface":null,"oneway":null,"name":null,"lanes":null,"alt_name":null,"longitud_m":51.130817255917925,"id_segmento":167,"id_nodo":43,"fin_id_nodo":116},"geometry":{"type":"MultiLineString","coordinates":[[[1060318.889142252737656,864499.301943873520941],[1060318.955853516701609,864500.938759702024981],[1060321.345581204397604,864507.596587126026861],[1060326.269546665716916,864522.40528236341197],[1060330.893366139382124,864533.652799722389318],[1060330.46011079242453,864548.306740529020317]]]}},
{"type":"Feature","properties":{"fid":168,"full_id":"w600004568","osm_id":"600004568","osm_type":"way","highway":"footway","ford":null,"width":null,"covered":null,"tunnel":null,"layer":null,"bridge":null,"disused:highway":null,"service":null,"noname":null,"motorroad":null,"smoothness":null,"motorcycle":null,"busway:right":null,"tactile_paving":null,"turn:lanes":null,"cycleway":null,"footway":null,"crossing":null,"lit":null,"motor_vehicle:conditional":null,"motor_vehicle":null,"horse":null,"operator":null,"emergency":null,"bus":null,"psv":null,"oneway:bicycle":null,"sidewalk":null,"foot":null,"bicycle":"yes","cycleway:right":null,"access":null,"maxspeed":null,"destination:street":null,"surface":null,"oneway":null,"name":null,"lanes":null,"alt_name":null,"longitud_m":15.852716263189739,"id_segmento":168,"id_nodo":116,"fin_id_nodo":211},"geometry":{"type":"MultiLineString","coordinates":[[[1060330.46011079242453,864548.306740529020317],[1060329.993529226863757,864564.155115728615783]]]}},
{"type":"Feature","properties":{"fid":169,"full_id":"w600004568","osm_id":"600004568","osm_type":"way","highway":"footway","ford":null,"width":null,"covered":null,"tunnel":null,"layer":null,"bridge":null,"disused:highway":null,"service":null,"noname":null,"motorroad":null,"smoothness":null,"motorcycle":null,"busway:right":null,"tactile_paving":null,"turn:lanes":null,"cycleway":null,"footway":null,"crossing":null,"lit":null,"motor_vehicle:conditional":null,"motor_vehicle":null,"horse":null,"operator":null,"emergency":null,"bus":null,"psv":null,"oneway:bicycle":null,"sidewalk":null,"foot":null,"bicycle":"yes","cycleway:right":null,"access":null,"maxspeed":null,"destination:street":null,"surface":null,"oneway":null,"name":null,"lanes":null,"alt_name":null,"longitud_m":61.520251615793775,"id_segmento":169,"id_nodo":211,"fin_id_nodo":39},"geometry":{"type":"MultiLineString","coordinates":[[[1060329.993529226863757,864564.155115728615783],[1060271.864712054375559,864584.328653586562723]]]}},
{"type":"Feature","properties":{"fid":170,"full_id":"w600004568","osm_id":"600004568","osm_type":"way","highway":"footway","ford":null,"width":null,"covered":null,"tunnel":null,"layer":null,"bridge":null,"disused:highway":null,"service":null,"noname":null,"motorroad":null,"smoothness":null,"motorcycle":null,"busway:right":null,"tactile_paving":null,"turn:lanes":null,"cycleway":null,"footway":null,"crossing":null,"lit":null,"motor_vehicle:conditional":null,"motor_vehicle":null,"horse":null,"operator":null,"emergency":null,"bus":null,"psv":null,"oneway:bicycle":null,"sidewalk":null,"foot":null,"bicycle":"yes","cycleway:right":null,"access":null,"maxspeed":null,"destination:street":null,"surface":null,"oneway":null,"name":null,"lanes":null,"alt_name":null,"longitud_m":49.20115647480705,"id_segmento":170,"id_nodo":39,"fin_id_nodo":21},"geometry":{"type":"MultiLineString","coordinates":[[[1060271.864712054375559,864584.328653586562723],[1060228.195284961955622,864561.646148507599719]]]}},
{"type":"Feature","properties":{"fid":171,"full_id":"w600004568","osm_id":"600004568","osm_type":"way","highway":"footway","ford":null,"width":null,"covered":null,"tunnel":null,"layer":null,"bridge":null,"disused:highway":null,"service":null,"noname":null,"motorroad":null,"smoothness":null,"motorcycle":null,"busway:right":null,"tactile_paving":null,"turn:lanes":null,"cycleway":null,"footway":null,"crossing":null,"lit":null,"motor_vehicle:conditional":null,"motor_vehicle":null,"horse":null,"operator":null,"emergency":null,"bus":null,"psv":null,"oneway:bicycle":null,"sidewalk":null,"foot":null,"bicycle":"yes","cycleway:right":null,"access":null,"maxspeed":null,"destination:street":null,"surface":null,"oneway":null,"name":null,"lanes":null,"alt_name":null,"longitud_m":23.236208747497649,"id_segmento":171,"id_nodo":21,"fin_id_nodo":38},"geometry":{"type":"MultiLineString","coordinates":[[[1060228.195284961955622,864561.646148507599719],[1060214.280152077553794,864580.259630351793021]]]}},
{"type":"Feature","properties":{"fid":172,"full_id":"w600004568","osm_id":"600004568","osm_type":"way","highway":"footway","ford":null,"width":null,"covered":null,"tunnel":null,"layer":null,"bridge":null,"disused:highway":null,"service":null,"noname":null,"motorroad":null,"smoothness":null,"motorcycle":null,"busway:right":null,"tactile_paving":null,"turn:lanes":null,"cycleway":null,"footway":null,"crossing":null,"lit":null,"motor_vehicle:conditional":null,"motor_vehicle":null,"horse":null,"operator":null,"emergency":null,"bus":null,"psv":null,"oneway:bicycle":null,"sidewalk":null,"foot":null,"bicycle":"yes","cycleway:right":null,"access":null,"maxspeed":null,"destination:street":null,"surface":null,"oneway":null,"name":null,"lanes":null,"alt_name":null,"longitud_m":59.146819785181165,"id_segmento":172,"id_nodo":38,"fin_id_nodo":118},"geometry":{"type":"MultiLineString","coordinates":[[[1060214.280152077553794,864580.259630351793021],[1060183.760393013246357,864630.935083930729888]]]}},
{"type":"Feature","properties":{"fid":173,"full_id":"w600004568","osm_id":"600004568","osm_type":"way","highway":"footway","ford":null,"width":null,"covered":null,"tunnel":null,"layer":null,"bridge":null,"disused:highway":null,"service":null,"noname":null,"motorroad":null,"smoothness":null,"motorcycle":null,"busway:right":null,"tactile_paving":null,"turn:lanes":null,"cycleway":null,"footway":null,"crossing":null,"lit":null,"motor_vehicle:conditional":null,"motor_vehicle":null,"horse":null,"operator":null,"emergency":null,"bus":null,"psv":null,"oneway:bicycle":null,"sidewalk":null,"foot":null,"bicycle":"yes","cycleway:right":null,"access":null,"maxspeed":null,"destination:street":null,"surface":null,"oneway":null,"name":null,"lanes":null,"alt_name":null,"longitud_m":30.641246569316454,"id_segmento":173,"id_nodo":118,"fin_id_nodo":37},"geometry":{"type":"MultiLineString","coordinates":[[[1060183.760393013246357,864630.935083930729888],[1060183.705306147690862,864661.581161961541511]]]}},
{"type":"Feature","properties":{"fid":174,"full_id":"w600004568","osm_id":"600004568","osm_type":"way","highway":"footway","ford":null,"width":null,"covered":null,"tunnel":null,"layer":null,"bridge":null,"disused:highway":null,"service":null,"noname":null,"motorroad":null,"smoothness":null,"motorcycle":null,"busway:right":null,"tactile_paving":null,"turn:lanes":null,"cycleway":null,"footway":null,"crossing":null,"lit":null,"motor_vehicle:conditional":null,"motor_vehicle":null,"horse":null,"operator":null,"emergency":null,"bus":null,"psv":null,"oneway:bicycle":null,"sidewalk":null,"foot":null,"bicycle":"yes","cycleway:right":null,"access":null,"maxspeed":null,"destination:street":null,"surface":null,"oneway":null,"name":null,"lanes":null,"alt_name":null,"longitud_m":31.842878044824921,"id_segmento":174,"id_nodo":37,"fin_id_nodo":36},"geometry":{"type":"MultiLineString","coordinates":[[[1060183.705306147690862,864661.581161961541511],[1060183.316611743532121,864681.422042445279658],[1060188.874051210936159,864692.061261982424185]]]}},
{"type":"Feature","properties":{"fid":175,"full_id":"w600004568","osm_id":"600004568","osm_type":"way","highway":"footway","ford":null,"width":null,"covered":null,"tunnel":null,"layer":null,"bridge":null,"disused:highway":null,"service":null,"noname":null,"motorroad":null,"smoothness":null,"motorcycle":null,"busway:right":null,"tactile_paving":null,"turn:lanes":null,"cycleway":null,"footway":null,"crossing":null,"lit":null,"motor_vehicle:conditional":null,"motor_vehicle":null,"horse":null,"operator":null,"emergency":null,"bus":null,"psv":null,"oneway:bicycle":null,"sidewalk":null,"foot":null,"bicycle":"yes","cycleway:right":null,"access":null,"maxspeed":null,"destination:street":null,"surface":null,"oneway":null,"name":null,"lanes":null,"alt_name":null,"longitud_m":37.138507620049097,"id_segmento":175,"id_nodo":36,"fin_id_nodo":110},"geometry":{"type":"MultiLineString","coordinates":[[[1060188.874051210936159,864692.061261982424185],[1060205.835358735639602,864725.106994183501229]]]}},
{"type":"Feature","properties":{"fid":176,"full_id":"w600477931","osm_id":"600477931","osm_type":"way","highway":"path","ford":null,"width":null,"covered":null,"tunnel":null,"layer":null,"bridge":null,"disused:highway":null,"service":null,"noname":null,"motorroad":null,"smoothness":null,"motorcycle":null,"busway:right":null,"tactile_paving":null,"turn:lanes":null,"cycleway":null,"footway":null,"crossing":null,"lit":null,"motor_vehicle:conditional":null,"motor_vehicle":null,"horse":null,"operator":null,"emergency":null,"bus":null,"psv":null,"oneway:bicycle":null,"sidewalk":null,"foot":null,"bicycle":"yes","cycleway:right":null,"access":null,"maxspeed":null,"destination:street":null,"surface":null,"oneway":null,"name":null,"lanes":null,"alt_name":null,"longitud_m":160.23227806249298,"id_segmento":176,"id_nodo":40,"fin_id_nodo":87},"geometry":{"type":"MultiLineString","coordinates":[[[1060167.692384402034804,864857.557058150297962],[1060144.474566313903779,864883.658032521023415],[1060132.648942969273776,864897.604350646957755],[1060120.423182350117713,864910.477898211334832],[1060111.031541249714792,864918.186578688910231],[1060092.248200786765665,864929.876865995465778],[1060073.320575900841504,864953.423021507100202],[1060069.597276200074703,864957.128042700816877],[1060067.919314441503957,864976.603979953448288]]]}},
{"type":"Feature","properties":{"fid":177,"full_id":"w600477932","osm_id":"600477932","osm_type":"way","highway":"service","ford":null,"width":null,"covered":null,"tunnel":null,"layer":null,"bridge":null,"disused:highway":null,"service":null,"noname":null,"motorroad":null,"smoothness":null,"motorcycle":null,"busway:right":null,"tactile_paving":null,"turn:lanes":null,"cycleway":null,"footway":null,"crossing":null,"lit":null,"motor_vehicle:conditional":null,"motor_vehicle":null,"horse":null,"operator":null,"emergency":null,"bus":null,"psv":null,"oneway:bicycle":null,"sidewalk":null,"foot":null,"bicycle":null,"cycleway:right":null,"access":"destination","maxspeed":null,"destination:street":null,"surface":null,"oneway":"yes","name":null,"lanes":null,"alt_name":null,"longitud_m":102.80427818052573,"id_segmento":177,"id_nodo":86,"fin_id_nodo":318},"geometry":{"type":"MultiLineString","coordinates":[[[1060332.359598589828238,864472.227908882196061],[1060344.007594475755468,864467.549537910614163],[1060345.063463338417932,864466.520982123212889],[1060345.563599538523704,864465.182766442885622],[1060345.374628761550412,864463.568071536137722],[1060343.329455985454842,864457.109310828964226],[1060343.17383076576516,864455.627330314135179],[1060343.707311962964013,864454.377590720541775],[1060344.674267440568656,864453.55916812364012],[1060397.323636415880173,864429.780326827079989],[1060404.626120994333178,864445.219387695309706]]]}},
{"type":"Feature","properties":{"fid":178,"full_id":"w600477932","osm_id":"600477932","osm_type":"way","highway":"service","ford":null,"width":null,"covered":null,"tunnel":null,"layer":null,"bridge":null,"disused:highway":null,"service":null,"noname":null,"motorroad":null,"smoothness":null,"motorcycle":null,"busway:right":null,"tactile_paving":null,"turn:lanes":null,"cycleway":null,"footway":null,"crossing":null,"lit":null,"motor_vehicle:conditional":null,"motor_vehicle":null,"horse":null,"operator":null,"emergency":null,"bus":null,"psv":null,"oneway:bicycle":null,"sidewalk":null,"foot":null,"bicycle":null,"cycleway:right":null,"access":"destination","maxspeed":null,"destination:street":null,"surface":null,"oneway":"yes","name":null,"lanes":null,"alt_name":null,"longitud_m":77.808803465121869,"id_segmento":178,"id_nodo":318,"fin_id_nodo":91},"geometry":{"type":"MultiLineString","coordinates":[[[1060404.626120994333178,864445.219387695309706],[1060334.326968514826149,864478.598193941405043]]]}},
{"type":"Feature","properties":{"fid":179,"full_id":"w600477933","osm_id":"600477933","osm_type":"way","highway":"footway","ford":null,"width":null,"covered":null,"tunnel":null,"layer":null,"bridge":null,"disused:highway":null,"service":null,"noname":null,"motorroad":null,"smoothness":null,"motorcycle":null,"busway:right":null,"tactile_paving":null,"turn:lanes":null,"cycleway":null,"footway":null,"crossing":null,"lit":null,"motor_vehicle:conditional":null,"motor_vehicle":null,"horse":null,"operator":null,"emergency":null,"bus":null,"psv":null,"oneway:bicycle":null,"sidewalk":null,"foot":null,"bicycle":"yes","cycleway:right":null,"access":null,"maxspeed":null,"destination:street":null,"surface":null,"oneway":null,"name":null,"lanes":null,"alt_name":null,"longitud_m":93.258778087083428,"id_segmento":179,"id_nodo":36,"fin_id_nodo":290},"geometry":{"type":"MultiLineString","coordinates":[[[1060188.874051210936159,864692.061261982424185],[1060095.600822217296809,864692.239761087927036]]]}},
{"type":"Feature","properties":{"fid":180,"full_id":"w600477934","osm_id":"600477934","osm_type":"way","highway":"footway","ford":null,"width":null,"covered":null,"tunnel":null,"layer":null,"bridge":null,"disused:highway":null,"service":null,"noname":null,"motorroad":null,"smoothness":null,"motorcycle":null,"busway:right":null,"tactile_paving":null,"turn:lanes":null,"cycleway":null,"footway":null,"crossing":null,"lit":null,"motor_vehicle:conditional":null,"motor_vehicle":null,"horse":null,"operator":null,"emergency":null,"bus":null,"psv":null,"oneway:bicycle":null,"sidewalk":null,"foot":null,"bicycle":"yes","cycleway:right":null,"access":null,"maxspeed":null,"destination:street":null,"surface":null,"oneway":null,"name":null,"lanes":null,"alt_name":null,"longitud_m":88.283209639767634,"id_segmento":180,"id_nodo":289,"fin_id_nodo":37},"geometry":{"type":"MultiLineString","coordinates":[[[1060095.411376272561029,864662.323618998518214],[1060183.705306147690862,864661.581161961541511]]]}},
{"type":"Feature","properties":{"fid":181,"full_id":"w600477939","osm_id":"600477939","osm_type":"way","highway":"footway","ford":null,"width":null,"covered":null,"tunnel":null,"layer":null,"bridge":null,"disused:highway":null,"service":null,"noname":null,"motorroad":null,"smoothness":null,"motorcycle":null,"busway:right":null,"tactile_paving":null,"turn:lanes":null,"cycleway":null,"footway":null,"crossing":null,"lit":null,"motor_vehicle:conditional":null,"motor_vehicle":null,"horse":null,"operator":null,"emergency":null,"bus":null,"psv":null,"oneway:bicycle":null,"sidewalk":null,"foot":null,"bicycle":"yes","cycleway:right":null,"access":null,"maxspeed":null,"destination:street":null,"surface":null,"oneway":null,"name":null,"lanes":null,"alt_name":null,"longitud_m":95.303589455929796,"id_segmento":181,"id_nodo":38,"fin_id_nodo":284},"geometry":{"type":"MultiLineString","coordinates":[[[1060214.280152077553794,864580.259630351793021],[1060118.961748624918982,864580.416022295248695]]]}},
{"type":"Feature","properties":{"fid":182,"full_id":"w600477940","osm_id":"600477940","osm_type":"way","highway":"service","ford":null,"width":null,"covered":null,"tunnel":null,"layer":null,"bridge":null,"disused:highway":"service","service":"driveway","noname":null,"motorroad":null,"smoothness":null,"motorcycle":null,"busway:right":null,"tactile_paving":null,"turn:lanes":null,"cycleway":null,"footway":null,"crossing":null,"lit":null,"motor_vehicle:conditional":null,"motor_vehicle":null,"horse":null,"operator":null,"emergency":null,"bus":null,"psv":null,"oneway:bicycle":null,"sidewalk":null,"foot":null,"bicycle":null,"cycleway:right":null,"access":"no","maxspeed":null,"destination:street":null,"surface":null,"oneway":null,"name":null,"lanes":null,"alt_name":null,"longitud_m":81.911751124803985,"id_segmento":182,"id_nodo":285,"fin_id_nodo":302},"geometry":{"type":"MultiLineString","coordinates":[[[1060072.326192086096853,864646.022203530999832],[1060087.697744809091091,864654.106487697688863],[1060087.475741487927735,864671.282008560374379],[1060087.253925506724045,864699.638757853186689],[1060069.893144416622818,864707.413935925462283]]]}},
{"type":"Feature","properties":{"fid":183,"full_id":"w600477942","osm_id":"600477942","osm_type":"way","highway":"footway","ford":null,"width":null,"covered":null,"tunnel":null,"layer":null,"bridge":null,"disused:highway":null,"service":null,"noname":null,"motorroad":null,"smoothness":null,"motorcycle":null,"busway:right":null,"tactile_paving":null,"turn:lanes":null,"cycleway":null,"footway":null,"crossing":null,"lit":null,"motor_vehicle:conditional":null,"motor_vehicle":null,"horse":null,"operator":null,"emergency":null,"bus":null,"psv":null,"oneway:bicycle":null,"sidewalk":null,"foot":null,"bicycle":null,"cycleway:right":null,"access":null,"maxspeed":null,"destination:street":null,"surface":null,"oneway":null,"name":null,"lanes":null,"alt_name":null,"longitud_m":25.233116588936891,"id_segmento":183,"id_nodo":279,"fin_id_nodo":302},"geometry":{"type":"MultiLineString","coordinates":[[[1060095.123159915441647,864708.010720497346483],[1060069.893144416622818,864707.413935925462283]]]}},
{"type":"Feature","properties":{"fid":184,"full_id":"w600477944","osm_id":"600477944","osm_type":"way","highway":"service","ford":null,"width":null,"covered":null,"tunnel":null,"layer":null,"bridge":null,"disused:highway":null,"service":null,"noname":null,"motorroad":null,"smoothness":null,"motorcycle":null,"busway:right":null,"tactile_paving":null,"turn:lanes":null,"cycleway":null,"footway":null,"crossing":null,"lit":null,"motor_vehicle:conditional":null,"motor_vehicle":null,"horse":null,"operator":null,"emergency":null,"bus":null,"psv":null,"oneway:bicycle":null,"sidewalk":null,"foot":null,"bicycle":null,"cycleway:right":null,"access":"destination","maxspeed":null,"destination:street":null,"surface":"asphalt","oneway":null,"name":null,"lanes":null,"alt_name":null,"longitud_m":19.383975888015286,"id_segmento":184,"id_nodo":5,"fin_id_nodo":316},"geometry":{"type":"MultiLineString","coordinates":[[[1060270.301057417178527,864816.601832450018264],[1060264.955250727245584,864835.237295454600826]]]}},
{"type":"Feature","properties":{"fid":185,"full_id":"w629060907","osm_id":"629060907","osm_type":"way","highway":"footway","ford":null,"width":null,"covered":null,"tunnel":null,"layer":null,"bridge":null,"disused:highway":null,"service":null,"noname":null,"motorroad":null,"smoothness":null,"motorcycle":null,"busway:right":null,"tactile_paving":null,"turn:lanes":null,"cycleway":null,"footway":null,"crossing":null,"lit":null,"motor_vehicle:conditional":null,"motor_vehicle":null,"horse":null,"operator":null,"emergency":null,"bus":null,"psv":null,"oneway:bicycle":null,"sidewalk":null,"foot":null,"bicycle":null,"cycleway:right":null,"access":null,"maxspeed":null,"destination:street":null,"surface":"ground","oneway":null,"name":null,"lanes":null,"alt_name":null,"longitud_m":43.422108678095718,"id_segmento":185,"id_nodo":151,"fin_id_nodo":32},"geometry":{"type":"MultiLineString","coordinates":[[[1060477.094372786581516,864542.354621409089305],[1060470.292192892637104,864536.968700779601932],[1060466.679819451877847,864526.218844459508546],[1060468.324606103124097,864513.511372717563063],[1060474.22632144484669,864504.707872999133542]]]}},
{"type":"Feature","properties":{"fid":186,"full_id":"w631064853","osm_id":"631064853","osm_type":"way","highway":"service","ford":null,"width":null,"covered":null,"tunnel":null,"layer":null,"bridge":null,"disused:highway":null,"service":null,"noname":null,"motorroad":null,"smoothness":null,"motorcycle":null,"busway:right":null,"tactile_paving":null,"turn:lanes":null,"cycleway":null,"footway":null,"crossing":null,"lit":null,"motor_vehicle:conditional":null,"motor_vehicle":null,"horse":null,"operator":null,"emergency":null,"bus":null,"psv":null,"oneway:bicycle":null,"sidewalk":null,"foot":null,"bicycle":null,"cycleway:right":null,"access":"destination","maxspeed":null,"destination:street":null,"surface":null,"oneway":null,"name":null,"lanes":null,"alt_name":null,"longitud_m":26.88191240132652,"id_segmento":186,"id_nodo":33,"fin_id_nodo":301},"geometry":{"type":"MultiLineString","coordinates":[[[1060714.616961226798594,864954.000071904156357],[1060709.204192881239578,864954.022251691087149],[1060687.730951381847262,864954.077792848809622]]]}},
{"type":"Feature","properties":{"fid":187,"full_id":"w631064854","osm_id":"631064854","osm_type":"way","highway":"service","ford":null,"width":null,"covered":null,"tunnel":null,"layer":null,"bridge":null,"disused:highway":null,"service":null,"noname":null,"motorroad":null,"smoothness":null,"motorcycle":null,"busway:right":null,"tactile_paving":null,"turn:lanes":null,"cycleway":null,"footway":null,"crossing":null,"lit":null,"motor_vehicle:conditional":null,"motor_vehicle":null,"horse":null,"operator":null,"emergency":null,"bus":null,"psv":null,"oneway:bicycle":null,"sidewalk":null,"foot":null,"bicycle":null,"cycleway:right":null,"access":"destination","maxspeed":null,"destination:street":null,"surface":null,"oneway":null,"name":null,"lanes":null,"alt_name":null,"longitud_m":44.648112765712355,"id_segmento":187,"id_nodo":31,"fin_id_nodo":27},"geometry":{"type":"MultiLineString","coordinates":[[[1060667.390188543358818,864848.658176258206367],[1060681.528341904049739,864891.016177954850718]]]}},
{"type":"Feature","properties":{"fid":188,"full_id":"w631064856","osm_id":"631064856","osm_type":"way","highway":"service","ford":null,"width":null,"covered":null,"tunnel":null,"layer":null,"bridge":null,"disused:highway":null,"service":null,"noname":null,"motorroad":null,"smoothness":null,"motorcycle":null,"busway:right":null,"tactile_paving":null,"turn:lanes":null,"cycleway":null,"footway":null,"crossing":null,"lit":null,"motor_vehicle:conditional":null,"motor_vehicle":null,"horse":null,"operator":null,"emergency":null,"bus":null,"psv":null,"oneway:bicycle":null,"sidewalk":null,"foot":null,"bicycle":null,"cycleway:right":null,"access":"destination","maxspeed":null,"destination:street":null,"surface":null,"oneway":null,"name":null,"lanes":null,"alt_name":null,"longitud_m":78.22079725633813,"id_segmento":188,"id_nodo":28,"fin_id_nodo":31},"geometry":{"type":"MultiLineString","coordinates":[[[1060652.408573212102056,864914.982611499493942],[1060648.084373651072383,864858.656256515067071],[1060667.390188543358818,864848.658176258206367]]]}},
{"type":"Feature","properties":{"fid":189,"full_id":"w631064856","osm_id":"631064856","osm_type":"way","highway":"service","ford":null,"width":null,"covered":null,"tunnel":null,"layer":null,"bridge":null,"disused:highway":null,"service":null,"noname":null,"motorroad":null,"smoothness":null,"motorcycle":null,"busway:right":null,"tactile_paving":null,"turn:lanes":null,"cycleway":null,"footway":null,"crossing":null,"lit":null,"motor_vehicle:conditional":null,"motor_vehicle":null,"horse":null,"operator":null,"emergency":null,"bus":null,"psv":null,"oneway:bicycle":null,"sidewalk":null,"foot":null,"bicycle":null,"cycleway:right":null,"access":"destination","maxspeed":null,"destination:street":null,"surface":null,"oneway":null,"name":null,"lanes":null,"alt_name":null,"longitud_m":26.910429814509804,"id_segmento":189,"id_nodo":31,"fin_id_nodo":35},"geometry":{"type":"MultiLineString","coordinates":[[[1060667.390188543358818,864848.658176258206367],[1060691.541919519659132,864836.779916752013378]]]}},
{"type":"Feature","properties":{"fid":190,"full_id":"w631064857","osm_id":"631064857","osm_type":"way","highway":"footway","ford":null,"width":null,"covered":null,"tunnel":null,"layer":null,"bridge":null,"disused:highway":null,"service":null,"noname":null,"motorroad":null,"smoothness":null,"motorcycle":null,"busway:right":null,"tactile_paving":null,"turn:lanes":null,"cycleway":null,"footway":null,"crossing":null,"lit":null,"motor_vehicle:conditional":null,"motor_vehicle":null,"horse":null,"operator":null,"emergency":null,"bus":null,"psv":null,"oneway:bicycle":null,"sidewalk":"both","foot":"yes","bicycle":"no","cycleway:right":null,"access":null,"maxspeed":null,"destination:street":null,"surface":null,"oneway":null,"name":null,"lanes":null,"alt_name":null,"longitud_m":55.344753134117838,"id_segmento":190,"id_nodo":163,"fin_id_nodo":34},"geometry":{"type":"MultiLineString","coordinates":[[[1060588.777738191420212,864897.144287699949928],[1060588.567233399255201,864952.497453811112791]]]}},
{"type":"Feature","properties":{"fid":191,"full_id":"w631064857","osm_id":"631064857","osm_type":"way","highway":"footway","ford":null,"width":null,"covered":null,"tunnel":null,"layer":null,"bridge":null,"disused:highway":null,"service":null,"noname":null,"motorroad":null,"smoothness":null,"motorcycle":null,"busway:right":null,"tactile_paving":null,"turn:lanes":null,"cycleway":null,"footway":null,"crossing":null,"lit":null,"motor_vehicle:conditional":null,"motor_vehicle":null,"horse":null,"operator":null,"emergency":null,"bus":null,"psv":null,"oneway:bicycle":null,"sidewalk":"both","foot":"yes","bicycle":"no","cycleway:right":null,"access":null,"maxspeed":null,"destination:street":null,"surface":null,"oneway":null,"name":null,"lanes":null,"alt_name":null,"longitud_m":26.737977311089043,"id_segmento":191,"id_nodo":34,"fin_id_nodo":293},"geometry":{"type":"MultiLineString","coordinates":[[[1060588.567233399255201,864952.497453811112791],[1060588.467527043772861,864979.239502868847921]]]}},
{"type":"Feature","properties":{"fid":192,"full_id":"w631064858","osm_id":"631064858","osm_type":"way","highway":"footway","ford":null,"width":null,"covered":null,"tunnel":null,"layer":null,"bridge":null,"disused:highway":null,"service":null,"noname":null,"motorroad":null,"smoothness":null,"motorcycle":null,"busway:right":null,"tactile_paving":null,"turn:lanes":null,"cycleway":null,"footway":null,"crossing":null,"lit":null,"motor_vehicle:conditional":null,"motor_vehicle":null,"horse":null,"operator":null,"emergency":null,"bus":null,"psv":null,"oneway:bicycle":null,"sidewalk":"both","foot":"yes","bicycle":"no","cycleway:right":null,"access":null,"maxspeed":null,"destination:street":null,"surface":null,"oneway":null,"name":null,"lanes":null,"alt_name":null,"longitud_m":43.266739548840391,"id_segmento":192,"id_nodo":34,"fin_id_nodo":296},"geometry":{"type":"MultiLineString","coordinates":[[[1060588.567233399255201,864952.497453811112791],[1060554.546036530751735,864979.239927804097533]]]}},
{"type":"Feature","properties":{"fid":193,"full_id":"w631066688","osm_id":"631066688","osm_type":"way","highway":"service","ford":null,"width":null,"covered":null,"tunnel":null,"layer":null,"bridge":null,"disused:highway":null,"service":null,"noname":null,"motorroad":null,"smoothness":null,"motorcycle":null,"busway:right":null,"tactile_paving":null,"turn:lanes":null,"cycleway":null,"footway":null,"crossing":null,"lit":null,"motor_vehicle:conditional":null,"motor_vehicle":null,"horse":null,"operator":null,"emergency":null,"bus":null,"psv":null,"oneway:bicycle":null,"sidewalk":null,"foot":null,"bicycle":null,"cycleway:right":null,"access":"destination","maxspeed":null,"destination:street":null,"surface":null,"oneway":null,"name":"Vía Circunvalar Universitaria","lanes":null,"alt_name":null,"longitud_m":6.523234452909259,"id_segmento":193,"id_nodo":308,"fin_id_nodo":64},"geometry":{"type":"MultiLineString","coordinates":[[[1060639.735873740864918,864730.542260276852176],[1060642.436775367939845,864736.481218984466977]]]}},
{"type":"Feature","properties":{"fid":194,"full_id":"w631066689","osm_id":"631066689","osm_type":"way","highway":"service","ford":null,"width":null,"covered":null,"tunnel":null,"layer":null,"bridge":null,"disused:highway":null,"service":null,"noname":null,"motorroad":null,"smoothness":null,"motorcycle":null,"busway:right":null,"tactile_paving":null,"turn:lanes":null,"cycleway":null,"footway":null,"crossing":null,"lit":null,"motor_vehicle:conditional":null,"motor_vehicle":null,"horse":null,"operator":null,"emergency":null,"bus":null,"psv":null,"oneway:bicycle":null,"sidewalk":null,"foot":null,"bicycle":null,"cycleway:right":"lane","access":"destination","maxspeed":null,"destination:street":null,"surface":null,"oneway":"yes","name":null,"lanes":null,"alt_name":null,"longitud_m":5.0806195197782946,"id_segmento":194,"id_nodo":187,"fin_id_nodo":319},"geometry":{"type":"MultiLineString","coordinates":[[[1060173.926964480662718,864815.674353058449924],[1060174.549297673627734,864810.631177584873512]]]}},
{"type":"Feature","properties":{"fid":195,"full_id":"w631068787","osm_id":"631068787","osm_type":"way","highway":"secondary","ford":null,"width":null,"covered":null,"tunnel":null,"layer":null,"bridge":null,"disused:highway":null,"service":null,"noname":null,"motorroad":null,"smoothness":null,"motorcycle":null,"busway:right":null,"tactile_paving":null,"turn:lanes":"through|through|through","cycleway":null,"footway":null,"crossing":null,"lit":null,"motor_vehicle:conditional":null,"motor_vehicle":null,"horse":null,"operator":null,"emergency":null,"bus":null,"psv":null,"oneway:bicycle":null,"sidewalk":null,"foot":null,"bicycle":null,"cycleway:right":null,"access":null,"maxspeed":"50","destination:street":null,"surface":"asphalt","oneway":"yes","name":"Calle 13","lanes":"3","alt_name":"Avenida Pasoancho","longitud_m":82.759541190006047,"id_segmento":195,"id_nodo":217,"fin_id_nodo":50},"geometry":{"type":"MultiLineString","coordinates":[[[1060051.045812840107828,864878.782348462962545],[1060049.013271159259602,864961.530110065476038]]]}},
{"type":"Feature","properties":{"fid":196,"full_id":"w631068787","osm_id":"631068787","osm_type":"way","highway":"secondary","ford":null,"width":null,"covered":null,"tunnel":null,"layer":null,"bridge":null,"disused:highway":null,"service":null,"noname":null,"motorroad":null,"smoothness":null,"motorcycle":null,"busway:right":null,"tactile_paving":null,"turn:lanes":"through|through|through","cycleway":null,"footway":null,"crossing":null,"lit":null,"motor_vehicle:conditional":null,"motor_vehicle":null,"horse":null,"operator":null,"emergency":null,"bus":null,"psv":null,"oneway:bicycle":null,"sidewalk":null,"foot":null,"bicycle":null,"cycleway:right":null,"access":null,"maxspeed":"50","destination:street":null,"surface":"asphalt","oneway":"yes","name":"Calle 13","lanes":"3","alt_name":"Avenida Pasoancho","longitud_m":14.89557381437975,"id_segmento":196,"id_nodo":50,"fin_id_nodo":6},"geometry":{"type":"MultiLineString","coordinates":[[[1060049.013271159259602,864961.530110065476038],[1060048.86903744074516,864976.427357586915605]]]}},
{"type":"Feature","properties":{"fid":197,"full_id":"w631068787","osm_id":"631068787","osm_type":"way","highway":"secondary","ford":null,"width":null,"covered":null,"tunnel":null,"layer":null,"bridge":null,"disused:highway":null,"service":null,"noname":null,"motorroad":null,"smoothness":null,"motorcycle":null,"busway:right":null,"tactile_paving":null,"turn:lanes":"through|through|through","cycleway":null,"footway":null,"crossing":null,"lit":null,"motor_vehicle:conditional":null,"motor_vehicle":null,"horse":null,"operator":null,"emergency":null,"bus":null,"psv":null,"oneway:bicycle":null,"sidewalk":null,"foot":null,"bicycle":null,"cycleway:right":null,"access":null,"maxspeed":"50","destination:street":null,"surface":"asphalt","oneway":"yes","name":"Calle 13","lanes":"3","alt_name":"Avenida Pasoancho","longitud_m":76.240215373751681,"id_segmento":197,"id_nodo":6,"fin_id_nodo":51},"geometry":{"type":"MultiLineString","coordinates":[[[1060048.86903744074516,864976.427357586915605],[1060047.180937635945156,865052.661024639965035]]]}},
{"type":"Feature","properties":{"fid":198,"full_id":"w631068787","osm_id":"631068787","osm_type":"way","highway":"secondary","ford":null,"width":null,"covered":null,"tunnel":null,"layer":null,"bridge":null,"disused:highway":null,"service":null,"noname":null,"motorroad":null,"smoothness":null,"motorcycle":null,"busway:right":null,"tactile_paving":null,"turn:lanes":"through|through|through","cycleway":null,"footway":null,"crossing":null,"lit":null,"motor_vehicle:conditional":null,"motor_vehicle":null,"horse":null,"operator":null,"emergency":null,"bus":null,"psv":null,"oneway:bicycle":null,"sidewalk":null,"foot":null,"bicycle":null,"cycleway:right":null,"access":null,"maxspeed":"50","destination:street":null,"surface":"asphalt","oneway":"yes","name":"Calle 13","lanes":"3","alt_name":"Avenida Pasoancho","longitud_m":12.065076610870989,"id_segmento":198,"id_nodo":51,"fin_id_nodo":242},"geometry":{"type":"MultiLineString","coordinates":[[[1060047.180937635945156,865052.661024639965035],[1060047.025541334645823,865064.727021638071164]]]}},
{"type":"Feature","properties":{"fid":199,"full_id":"w631068789","osm_id":"631068789","osm_type":"way","highway":"service","ford":null,"width":null,"covered":null,"tunnel":null,"layer":null,"bridge":null,"disused:highway":null,"service":null,"noname":null,"motorroad":null,"smoothness":null,"motorcycle":null,"busway:right":null,"tactile_paving":null,"turn:lanes":null,"cycleway":null,"footway":null,"crossing":null,"lit":null,"motor_vehicle:conditional":null,"motor_vehicle":null,"horse":null,"operator":null,"emergency":null,"bus":null,"psv":null,"oneway:bicycle":null,"sidewalk":null,"foot":null,"bicycle":null,"cycleway:right":null,"access":"destination","maxspeed":null,"destination:street":null,"surface":null,"oneway":null,"name":null,"lanes":null,"alt_name":null,"longitud_m":14.017526496059062,"id_segmento":199,"id_nodo":49,"fin_id_nodo":41},"geometry":{"type":"MultiLineString","coordinates":[[[1060163.424912591697648,864889.054792212322354],[1060149.487278452375904,864887.53985983133316]]]}},
{"type":"Feature","properties":{"fid":200,"full_id":"w631068790","osm_id":"631068790","osm_type":"way","highway":"service","ford":null,"width":null,"covered":null,"tunnel":null,"layer":null,"bridge":null,"disused:highway":null,"service":null,"noname":null,"motorroad":null,"smoothness":null,"motorcycle":null,"busway:right":null,"tactile_paving":null,"turn:lanes":null,"cycleway":null,"footway":null,"crossing":null,"lit":null,"motor_vehicle:conditional":null,"motor_vehicle":null,"horse":null,"operator":null,"emergency":null,"bus":null,"psv":null,"oneway:bicycle":null,"sidewalk":null,"foot":null,"bicycle":null,"cycleway:right":"lane","access":"destination","maxspeed":null,"destination:street":null,"surface":null,"oneway":null,"name":"Vía Circunvalar Universitaria","lanes":null,"alt_name":null,"longitud_m":31.780447724134557,"id_segmento":200,"id_nodo":49,"fin_id_nodo":40},"geometry":{"type":"MultiLineString","coordinates":[[[1060163.424912591697648,864889.054792212322354],[1060167.692384402034804,864857.557058150297962]]]}},
{"type":"Feature","properties":{"fid":201,"full_id":"w631068790","osm_id":"631068790","osm_type":"way","highway":"service","ford":null,"width":null,"covered":null,"tunnel":null,"layer":null,"bridge":null,"disused:highway":null,"service":null,"noname":null,"motorroad":null,"smoothness":null,"motorcycle":null,"busway:right":null,"tactile_paving":null,"turn:lanes":null,"cycleway":null,"footway":null,"crossing":null,"lit":null,"motor_vehicle:conditional":null,"motor_vehicle":null,"horse":null,"operator":null,"emergency":null,"bus":null,"psv":null,"oneway:bicycle":null,"sidewalk":null,"foot":null,"bicycle":null,"cycleway:right":"lane","access":"destination","maxspeed":null,"destination:street":null,"surface":null,"oneway":null,"name":"Vía Circunvalar Universitaria","lanes":null,"alt_name":null,"longitud_m":37.246033337972989,"id_segmento":201,"id_nodo":40,"fin_id_nodo":192},"geometry":{"type":"MultiLineString","coordinates":[[[1060167.692384402034804,864857.557058150297962],[1060173.293516997946426,864820.72858828981407]]]}},
{"type":"Feature","properties":{"fid":202,"full_id":"w631068791","osm_id":"631068791","osm_type":"way","highway":"primary","ford":null,"width":null,"covered":null,"tunnel":null,"layer":null,"bridge":null,"disused:highway":null,"service":null,"noname":null,"motorroad":null,"smoothness":null,"motorcycle":null,"busway:right":null,"tactile_paving":null,"turn:lanes":null,"cycleway":null,"footway":null,"crossing":null,"lit":null,"motor_vehicle:conditional":null,"motor_vehicle":null,"horse":null,"operator":null,"emergency":null,"bus":null,"psv":null,"oneway:bicycle":null,"sidewalk":null,"foot":null,"bicycle":null,"cycleway:right":null,"access":null,"maxspeed":null,"destination:street":null,"surface":null,"oneway":"yes","name":"Avenida Carrera 100","lanes":"2","alt_name":"Carrera 100","longitud_m":3.2271789044006907,"id_segmento":202,"id_nodo":227,"fin_id_nodo":309},"geometry":{"type":"MultiLineString","coordinates":[[[1060315.564937412040308,864434.293822635081597],[1060312.686285714851692,864435.753729334566742]]]}},
{"type":"Feature","properties":{"fid":203,"full_id":"w631068791","osm_id":"631068791","osm_type":"way","highway":"primary","ford":null,"width":null,"covered":null,"tunnel":null,"layer":null,"bridge":null,"disused:highway":null,"service":null,"noname":null,"motorroad":null,"smoothness":null,"motorcycle":null,"busway:right":null,"tactile_paving":null,"turn:lanes":null,"cycleway":null,"footway":null,"crossing":null,"lit":null,"motor_vehicle:conditional":null,"motor_vehicle":null,"horse":null,"operator":null,"emergency":null,"bus":null,"psv":null,"oneway:bicycle":null,"sidewalk":null,"foot":null,"bicycle":null,"cycleway:right":null,"access":null,"maxspeed":null,"destination:street":null,"surface":null,"oneway":"yes","name":"Avenida Carrera 100","lanes":"2","alt_name":"Carrera 100","longitud_m":227.69065598115668,"id_segmento":203,"id_nodo":309,"fin_id_nodo":131},"geometry":{"type":"MultiLineString","coordinates":[[[1060312.686285714851692,864435.753729334566742],[1060110.036088550463319,864539.639526440529153]]]}},
{"type":"Feature","properties":{"fid":204,"full_id":"w631068793","osm_id":"631068793","osm_type":"way","highway":"service","ford":null,"width":null,"covered":null,"tunnel":null,"layer":null,"bridge":null,"disused:highway":null,"service":null,"noname":null,"motorroad":null,"smoothness":null,"motorcycle":null,"busway:right":null,"tactile_paving":null,"turn:lanes":null,"cycleway":null,"footway":null,"crossing":null,"lit":null,"motor_vehicle:conditional":null,"motor_vehicle":null,"horse":null,"operator":null,"emergency":null,"bus":null,"psv":null,"oneway:bicycle":null,"sidewalk":"both","foot":"yes","bicycle":null,"cycleway:right":null,"access":"destination","maxspeed":"20","destination:street":null,"surface":null,"oneway":"no","name":null,"lanes":null,"alt_name":null,"longitud_m":73.602515581860558,"id_segmento":204,"id_nodo":152,"fin_id_nodo":46},"geometry":{"type":"MultiLineString","coordinates":[[[1060366.193276655860245,864538.960878415731713],[1060360.680444505764171,864538.131490305182524],[1060355.389891268918291,864536.45051211246755],[1060350.855119718238711,864534.2054849115666],[1060345.764600081602111,864530.566959833493456],[1060341.607694575563073,864526.342263900791295],[1060338.273257811786607,864521.542458213516511],[1060329.025718050543219,864505.915417965152301],[1060327.858636046759784,864502.254716554190964],[1060326.858255676925182,864497.443817077786662],[1060326.391361014219001,864491.726024696952663],[1060326.8136165314354,864484.99073839711491]]]}},
{"type":"Feature","properties":{"fid":205,"full_id":"w631068793","osm_id":"631068793","osm_type":"way","highway":"service","ford":null,"width":null,"covered":null,"tunnel":null,"layer":null,"bridge":null,"disused:highway":null,"service":null,"noname":null,"motorroad":null,"smoothness":null,"motorcycle":null,"busway:right":null,"tactile_paving":null,"turn:lanes":null,"cycleway":null,"footway":null,"crossing":null,"lit":null,"motor_vehicle:conditional":null,"motor_vehicle":null,"horse":null,"operator":null,"emergency":null,"bus":null,"psv":null,"oneway:bicycle":null,"sidewalk":"both","foot":"yes","bicycle":null,"cycleway:right":null,"access":"destination","maxspeed":"20","destination:street":null,"surface":null,"oneway":"no","name":null,"lanes":null,"alt_name":null,"longitud_m":3.8154713935812699,"id_segmento":205,"id_nodo":46,"fin_id_nodo":88},"geometry":{"type":"MultiLineString","coordinates":[[[1060326.8136165314354,864484.99073839711491],[1060327.524894108762965,864481.241532557760365]]]}},
{"type":"Feature","properties":{"fid":206,"full_id":"w631070694","osm_id":"631070694","osm_type":"way","highway":"service","ford":null,"width":null,"covered":null,"tunnel":null,"layer":null,"bridge":null,"disused:highway":null,"service":null,"noname":null,"motorroad":null,"smoothness":null,"motorcycle":null,"busway:right":null,"tactile_paving":null,"turn:lanes":null,"cycleway":null,"footway":null,"crossing":null,"lit":null,"motor_vehicle:conditional":null,"motor_vehicle":null,"horse":null,"operator":null,"emergency":null,"bus":null,"psv":null,"oneway:bicycle":null,"sidewalk":null,"foot":null,"bicycle":null,"cycleway:right":"lane","access":"destination","maxspeed":null,"destination:street":null,"surface":null,"oneway":null,"name":"Vía Circunvalar Universitaria","lanes":null,"alt_name":null,"longitud_m":22.817458457139352,"id_segmento":206,"id_nodo":272,"fin_id_nodo":201},"geometry":{"type":"MultiLineString","coordinates":[[[1060142.334710478084162,865206.464888437883928],[1060134.198785031680018,865199.132526605273597],[1060129.219409368466586,865193.978848551167175],[1060126.807498842710629,865189.94214465841651]]]}},
{"type":"Feature","properties":{"fid":207,"full_id":"w631070694","osm_id":"631070694","osm_type":"way","highway":"service","ford":null,"width":null,"covered":null,"tunnel":null,"layer":null,"bridge":null,"disused:highway":null,"service":null,"noname":null,"motorroad":null,"smoothness":null,"motorcycle":null,"busway:right":null,"tactile_paving":null,"turn:lanes":null,"cycleway":null,"footway":null,"crossing":null,"lit":null,"motor_vehicle:conditional":null,"motor_vehicle":null,"horse":null,"operator":null,"emergency":null,"bus":null,"psv":null,"oneway:bicycle":null,"sidewalk":null,"foot":null,"bicycle":null,"cycleway:right":"lane","access":"destination","maxspeed":null,"destination:street":null,"surface":null,"oneway":null,"name":"Vía Circunvalar Universitaria","lanes":null,"alt_name":null,"longitud_m":96.458842413162628,"id_segmento":207,"id_nodo":201,"fin_id_nodo":69},"geometry":{"type":"MultiLineString","coordinates":[[[1060126.807498842710629,865189.94214465841651],[1060124.740103023359552,865183.815175731782801],[1060124.273187216371298,865177.290035402867943],[1060125.828937605954707,865160.324624186381698],[1060134.674999299226329,865094.486837736098096]]]}},
{"type":"Feature","properties":{"fid":208,"full_id":"w631070694","osm_id":"631070694","osm_type":"way","highway":"service","ford":null,"width":null,"covered":null,"tunnel":null,"layer":null,"bridge":null,"disused:highway":null,"service":null,"noname":null,"motorroad":null,"smoothness":null,"motorcycle":null,"busway:right":null,"tactile_paving":null,"turn:lanes":null,"cycleway":null,"footway":null,"crossing":null,"lit":null,"motor_vehicle:conditional":null,"motor_vehicle":null,"horse":null,"operator":null,"emergency":null,"bus":null,"psv":null,"oneway:bicycle":null,"sidewalk":null,"foot":null,"bicycle":null,"cycleway:right":"lane","access":"destination","maxspeed":null,"destination:street":null,"surface":null,"oneway":null,"name":"Vía Circunvalar Universitaria","lanes":null,"alt_name":null,"longitud_m":12.809206467453579,"id_segmento":208,"id_nodo":69,"fin_id_nodo":70},"geometry":{"type":"MultiLineString","coordinates":[[[1060134.674999299226329,865094.486837736098096],[1060136.386425230186433,865081.790419310797006]]]}},
{"type":"Feature","properties":{"fid":209,"full_id":"w631070694","osm_id":"631070694","osm_type":"way","highway":"service","ford":null,"width":null,"covered":null,"tunnel":null,"layer":null,"bridge":null,"disused:highway":null,"service":null,"noname":null,"motorroad":null,"smoothness":null,"motorcycle":null,"busway:right":null,"tactile_paving":null,"turn:lanes":null,"cycleway":null,"footway":null,"crossing":null,"lit":null,"motor_vehicle:conditional":null,"motor_vehicle":null,"horse":null,"operator":null,"emergency":null,"bus":null,"psv":null,"oneway:bicycle":null,"sidewalk":null,"foot":null,"bicycle":null,"cycleway:right":"lane","access":"destination","maxspeed":null,"destination:street":null,"surface":null,"oneway":null,"name":"Vía Circunvalar Universitaria","lanes":null,"alt_name":null,"longitud_m":44.551342162634057,"id_segmento":209,"id_nodo":70,"fin_id_nodo":207},"geometry":{"type":"MultiLineString","coordinates":[[[1060136.386425230186433,865081.790419310797006],[1060142.798776006791741,865037.695794807630591]]]}},
{"type":"Feature","properties":{"fid":210,"full_id":"w631070694","osm_id":"631070694","osm_type":"way","highway":"service","ford":null,"width":null,"covered":null,"tunnel":null,"layer":null,"bridge":null,"disused:highway":null,"service":null,"noname":null,"motorroad":null,"smoothness":null,"motorcycle":null,"busway:right":null,"tactile_paving":null,"turn:lanes":null,"cycleway":null,"footway":null,"crossing":null,"lit":null,"motor_vehicle:conditional":null,"motor_vehicle":null,"horse":null,"operator":null,"emergency":null,"bus":null,"psv":null,"oneway:bicycle":null,"sidewalk":null,"foot":null,"bicycle":null,"cycleway:right":"lane","access":"destination","maxspeed":null,"destination:street":null,"surface":null,"oneway":null,"name":"Vía Circunvalar Universitaria","lanes":null,"alt_name":null,"longitud_m":19.867141488610507,"id_segmento":210,"id_nodo":207,"fin_id_nodo":158},"geometry":{"type":"MultiLineString","coordinates":[[[1060142.798776006791741,865037.695794807630591],[1060145.654885042225942,865018.03182650078088]]]}},
{"type":"Feature","properties":{"fid":211,"full_id":"w631070694","osm_id":"631070694","osm_type":"way","highway":"service","ford":null,"width":null,"covered":null,"tunnel":null,"layer":null,"bridge":null,"disused:highway":null,"service":null,"noname":null,"motorroad":null,"smoothness":null,"motorcycle":null,"busway:right":null,"tactile_paving":null,"turn:lanes":null,"cycleway":null,"footway":null,"crossing":null,"lit":null,"motor_vehicle:conditional":null,"motor_vehicle":null,"horse":null,"operator":null,"emergency":null,"bus":null,"psv":null,"oneway:bicycle":null,"sidewalk":null,"foot":null,"bicycle":null,"cycleway:right":"lane","access":"destination","maxspeed":null,"destination:street":null,"surface":null,"oneway":null,"name":"Vía Circunvalar Universitaria","lanes":null,"alt_name":null,"longitud_m":7.9519772651663185,"id_segmento":211,"id_nodo":158,"fin_id_nodo":147},"geometry":{"type":"MultiLineString","coordinates":[[[1060145.654885042225942,865018.03182650078088],[1060147.277477022260427,865010.245860189781524]]]}},
{"type":"Feature","properties":{"fid":212,"full_id":"w631070694","osm_id":"631070694","osm_type":"way","highway":"service","ford":null,"width":null,"covered":null,"tunnel":null,"layer":null,"bridge":null,"disused:highway":null,"service":null,"noname":null,"motorroad":null,"smoothness":null,"motorcycle":null,"busway:right":null,"tactile_paving":null,"turn:lanes":null,"cycleway":null,"footway":null,"crossing":null,"lit":null,"motor_vehicle:conditional":null,"motor_vehicle":null,"horse":null,"operator":null,"emergency":null,"bus":null,"psv":null,"oneway:bicycle":null,"sidewalk":null,"foot":null,"bicycle":null,"cycleway:right":"lane","access":"destination","maxspeed":null,"destination:street":null,"surface":null,"oneway":null,"name":"Vía Circunvalar Universitaria","lanes":null,"alt_name":null,"longitud_m":33.089875424756627,"id_segmento":212,"id_nodo":147,"fin_id_nodo":83},"geometry":{"type":"MultiLineString","coordinates":[[[1060147.277477022260427,865010.245860189781524],[1060151.322627131594345,864977.398861222201958]]]}},
{"type":"Feature","properties":{"fid":213,"full_id":"w631070694","osm_id":"631070694","osm_type":"way","highway":"service","ford":null,"width":null,"covered":null,"tunnel":null,"layer":null,"bridge":null,"disused:highway":null,"service":null,"noname":null,"motorroad":null,"smoothness":null,"motorcycle":null,"busway:right":null,"tactile_paving":null,"turn:lanes":null,"cycleway":null,"footway":null,"crossing":null,"lit":null,"motor_vehicle:conditional":null,"motor_vehicle":null,"horse":null,"operator":null,"emergency":null,"bus":null,"psv":null,"oneway:bicycle":null,"sidewalk":null,"foot":null,"bicycle":null,"cycleway:right":"lane","access":"destination","maxspeed":null,"destination:street":null,"surface":null,"oneway":null,"name":"Vía Circunvalar Universitaria","lanes":null,"alt_name":null,"longitud_m":26.864818876754281,"id_segmento":213,"id_nodo":83,"fin_id_nodo":45},"geometry":{"type":"MultiLineString","coordinates":[[[1060151.322627131594345,864977.398861222201958],[1060155.768004669575021,864950.900050801341422]]]}},
{"type":"Feature","properties":{"fid":214,"full_id":"w631070694","osm_id":"631070694","osm_type":"way","highway":"service","ford":null,"width":null,"covered":null,"tunnel":null,"layer":null,"bridge":null,"disused:highway":null,"service":null,"noname":null,"motorroad":null,"smoothness":null,"motorcycle":null,"busway:right":null,"tactile_paving":null,"turn:lanes":null,"cycleway":null,"footway":null,"crossing":null,"lit":null,"motor_vehicle:conditional":null,"motor_vehicle":null,"horse":null,"operator":null,"emergency":null,"bus":null,"psv":null,"oneway:bicycle":null,"sidewalk":null,"foot":null,"bicycle":null,"cycleway:right":"lane","access":"destination","maxspeed":null,"destination:street":null,"surface":null,"oneway":null,"name":"Vía Circunvalar Universitaria","lanes":null,"alt_name":null,"longitud_m":62.30752524171384,"id_segmento":214,"id_nodo":45,"fin_id_nodo":49},"geometry":{"type":"MultiLineString","coordinates":[[[1060155.768004669575021,864950.900050801341422],[1060163.424912591697648,864889.054792212322354]]]}},
{"type":"Feature","properties":{"fid":215,"full_id":"w631070697","osm_id":"631070697","osm_type":"way","highway":"service","ford":null,"width":null,"covered":null,"tunnel":null,"layer":null,"bridge":null,"disused:highway":null,"service":null,"noname":null,"motorroad":null,"smoothness":null,"motorcycle":null,"busway:right":null,"tactile_paving":null,"turn:lanes":null,"cycleway":null,"footway":null,"crossing":null,"lit":null,"motor_vehicle:conditional":null,"motor_vehicle":null,"horse":null,"operator":null,"emergency":null,"bus":null,"psv":null,"oneway:bicycle":null,"sidewalk":null,"foot":null,"bicycle":null,"cycleway:right":null,"access":"destination","maxspeed":null,"destination:street":null,"surface":null,"oneway":null,"name":null,"lanes":null,"alt_name":null,"longitud_m":15.788141416058792,"id_segmento":215,"id_nodo":321,"fin_id_nodo":171},"geometry":{"type":"MultiLineString","coordinates":[[[1060130.558460123836994,865518.345046483445913],[1060130.035822029225528,865502.563044350594282]]]}},
{"type":"Feature","properties":{"fid":216,"full_id":"w631070697","osm_id":"631070697","osm_type":"way","highway":"service","ford":null,"width":null,"covered":null,"tunnel":null,"layer":null,"bridge":null,"disused:highway":null,"service":null,"noname":null,"motorroad":null,"smoothness":null,"motorcycle":null,"busway:right":null,"tactile_paving":null,"turn:lanes":null,"cycleway":null,"footway":null,"crossing":null,"lit":null,"motor_vehicle:conditional":null,"motor_vehicle":null,"horse":null,"operator":null,"emergency":null,"bus":null,"psv":null,"oneway:bicycle":null,"sidewalk":null,"foot":null,"bicycle":null,"cycleway:right":null,"access":"destination","maxspeed":null,"destination:street":null,"surface":null,"oneway":null,"name":null,"lanes":null,"alt_name":null,"longitud_m":38.623974571592655,"id_segmento":216,"id_nodo":171,"fin_id_nodo":8},"geometry":{"type":"MultiLineString","coordinates":[[[1060130.035822029225528,865502.563044350594282],[1060128.757026205770671,865463.954095909488387]]]}},
{"type":"Feature","properties":{"fid":217,"full_id":"w631074489","osm_id":"631074489","osm_type":"way","highway":"tertiary","ford":null,"width":null,"covered":null,"tunnel":null,"layer":null,"bridge":null,"disused:highway":null,"service":null,"noname":null,"motorroad":null,"smoothness":null,"motorcycle":null,"busway:right":null,"tactile_paving":null,"turn:lanes":null,"cycleway":null,"footway":null,"crossing":null,"lit":null,"motor_vehicle:conditional":"no @ (Su 08:00-13:00)","motor_vehicle":null,"horse":null,"operator":null,"emergency":null,"bus":null,"psv":null,"oneway:bicycle":"yes","sidewalk":null,"foot":null,"bicycle":null,"cycleway:right":"lane","access":null,"maxspeed":null,"destination:street":null,"surface":"asphalt","oneway":"yes","name":"Calle 16","lanes":"3","alt_name":null,"longitud_m":5.9735719205217617,"id_segmento":217,"id_nodo":236,"fin_id_nodo":312},"geometry":{"type":"MultiLineString","coordinates":[[[1060903.026996910106391,864605.046481895144098],[1060902.62681817705743,864599.085375741822645]]]}},
{"type":"Feature","properties":{"fid":218,"full_id":"w631074489","osm_id":"631074489","osm_type":"way","highway":"tertiary","ford":null,"width":null,"covered":null,"tunnel":null,"layer":null,"bridge":null,"disused:highway":null,"service":null,"noname":null,"motorroad":null,"smoothness":null,"motorcycle":null,"busway:right":null,"tactile_paving":null,"turn:lanes":null,"cycleway":null,"footway":null,"crossing":null,"lit":null,"motor_vehicle:conditional":"no @ (Su 08:00-13:00)","motor_vehicle":null,"horse":null,"operator":null,"emergency":null,"bus":null,"psv":null,"oneway:bicycle":"yes","sidewalk":null,"foot":null,"bicycle":null,"cycleway:right":"lane","access":null,"maxspeed":null,"destination:street":null,"surface":"asphalt","oneway":"yes","name":"Calle 16","lanes":"3","alt_name":null,"longitud_m":73.819220053566454,"id_segmento":218,"id_nodo":312,"fin_id_nodo":298},"geometry":{"type":"MultiLineString","coordinates":[[[1060902.62681817705743,864599.085375741822645],[1060898.247003175551072,864525.384421695838682]]]}},
{"type":"Feature","properties":{"fid":219,"full_id":"w631074489","osm_id":"631074489","osm_type":"way","highway":"tertiary","ford":null,"width":null,"covered":null,"tunnel":null,"layer":null,"bridge":null,"disused:highway":null,"service":null,"noname":null,"motorroad":null,"smoothness":null,"motorcycle":null,"busway:right":null,"tactile_paving":null,"turn:lanes":null,"cycleway":null,"footway":null,"crossing":null,"lit":null,"motor_vehicle:conditional":"no @ (Su 08:00-13:00)","motor_vehicle":null,"horse":null,"operator":null,"emergency":null,"bus":null,"psv":null,"oneway:bicycle":"yes","sidewalk":null,"foot":null,"bicycle":null,"cycleway:right":"lane","access":null,"maxspeed":null,"destination:street":null,"surface":"asphalt","oneway":"yes","name":"Calle 16","lanes":"3","alt_name":null,"longitud_m":5.8403114820877597,"id_segmento":219,"id_nodo":298,"fin_id_nodo":249},"geometry":{"type":"MultiLineString","coordinates":[[[1060898.247003175551072,864525.384421695838682],[1060898.102459882386029,864519.544968449510634]]]}},
{"type":"Feature","properties":{"fid":220,"full_id":"w631076390","osm_id":"631076390","osm_type":"way","highway":"service","ford":null,"width":null,"covered":null,"tunnel":null,"layer":null,"bridge":null,"disused:highway":null,"service":null,"noname":null,"motorroad":null,"smoothness":null,"motorcycle":null,"busway:right":null,"tactile_paving":null,"turn:lanes":null,"cycleway":null,"footway":null,"crossing":null,"lit":null,"motor_vehicle:conditional":null,"motor_vehicle":null,"horse":null,"operator":null,"emergency":null,"bus":null,"psv":null,"oneway:bicycle":null,"sidewalk":null,"foot":null,"bicycle":null,"cycleway:right":null,"access":"destination","maxspeed":null,"destination:street":null,"surface":null,"oneway":null,"name":null,"lanes":null,"alt_name":null,"longitud_m":10.257129023666618,"id_segmento":220,"id_nodo":71,"fin_id_nodo":48},"geometry":{"type":"MultiLineString","coordinates":[[[1060696.201782655902207,865095.219968620571308],[1060685.943098743213341,865095.186906847404316]]]}},
{"type":"Feature","properties":{"fid":221,"full_id":"w631076391","osm_id":"631076391","osm_type":"way","highway":"service","ford":null,"width":null,"covered":null,"tunnel":null,"layer":null,"bridge":null,"disused:highway":null,"service":null,"noname":null,"motorroad":null,"smoothness":null,"motorcycle":null,"busway:right":null,"tactile_paving":null,"turn:lanes":null,"cycleway":null,"footway":null,"crossing":null,"lit":null,"motor_vehicle:conditional":null,"motor_vehicle":null,"horse":null,"operator":null,"emergency":null,"bus":null,"psv":null,"oneway:bicycle":null,"sidewalk":null,"foot":null,"bicycle":null,"cycleway:right":null,"access":"destination","maxspeed":null,"destination:street":null,"surface":null,"oneway":null,"name":null,"lanes":null,"alt_name":null,"longitud_m":7.441941071966264,"id_segmento":221,"id_nodo":48,"fin_id_nodo":237},"geometry":{"type":"MultiLineString","coordinates":[[[1060685.943098743213341,865095.186906847404316],[1060685.965244166087359,865087.743813878507353]]]}},
{"type":"Feature","properties":{"fid":222,"full_id":"w631076394","osm_id":"631076394","osm_type":"way","highway":"service","ford":null,"width":null,"covered":null,"tunnel":null,"layer":null,"bridge":null,"disused:highway":null,"service":null,"noname":null,"motorroad":null,"smoothness":null,"motorcycle":null,"busway:right":null,"tactile_paving":null,"turn:lanes":null,"cycleway":null,"footway":null,"crossing":null,"lit":null,"motor_vehicle:conditional":null,"motor_vehicle":null,"horse":null,"operator":null,"emergency":null,"bus":null,"psv":null,"oneway:bicycle":null,"sidewalk":null,"foot":null,"bicycle":null,"cycleway:right":null,"access":"destination","maxspeed":null,"destination:street":null,"surface":null,"oneway":null,"name":null,"lanes":null,"alt_name":null,"longitud_m":1.6113895382483492,"id_segmento":222,"id_nodo":47,"fin_id_nodo":233},"geometry":{"type":"MultiLineString","coordinates":[[[1060687.553401450160891,864979.260442892089486],[1060685.941797092091292,864979.249401756562293]]]}},
{"type":"Feature","properties":{"fid":223,"full_id":"w631076394","osm_id":"631076394","osm_type":"way","highway":"service","ford":null,"width":null,"covered":null,"tunnel":null,"layer":null,"bridge":null,"disused:highway":null,"service":null,"noname":null,"motorroad":null,"smoothness":null,"motorcycle":null,"busway:right":null,"tactile_paving":null,"turn:lanes":null,"cycleway":null,"footway":null,"crossing":null,"lit":null,"motor_vehicle:conditional":null,"motor_vehicle":null,"horse":null,"operator":null,"emergency":null,"bus":null,"psv":null,"oneway:bicycle":null,"sidewalk":null,"foot":null,"bicycle":null,"cycleway:right":null,"access":"destination","maxspeed":null,"destination:street":null,"surface":null,"oneway":null,"name":null,"lanes":null,"alt_name":null,"longitud_m":13.446564937705135,"id_segmento":223,"id_nodo":233,"fin_id_nodo":292},"geometry":{"type":"MultiLineString","coordinates":[[[1060685.941797092091292,864979.249401756562293],[1060672.493236988782883,864979.194258703966625]]]}},
{"type":"Feature","properties":{"fid":224,"full_id":"w631076395","osm_id":"631076395","osm_type":"way","highway":"service","ford":null,"width":null,"covered":null,"tunnel":null,"layer":null,"bridge":null,"disused:highway":null,"service":null,"noname":null,"motorroad":null,"smoothness":null,"motorcycle":null,"busway:right":null,"tactile_paving":null,"turn:lanes":null,"cycleway":null,"footway":null,"crossing":null,"lit":null,"motor_vehicle:conditional":null,"motor_vehicle":null,"horse":null,"operator":null,"emergency":null,"bus":null,"psv":null,"oneway:bicycle":null,"sidewalk":null,"foot":null,"bicycle":null,"cycleway:right":null,"access":"destination","maxspeed":null,"destination:street":null,"surface":null,"oneway":null,"name":null,"lanes":null,"alt_name":null,"longitud_m":27.250146805164317,"id_segmento":224,"id_nodo":47,"fin_id_nodo":73},"geometry":{"type":"MultiLineString","coordinates":[[[1060687.553401450160891,864979.260442892089486],[1060714.806181508814916,864978.961526340339333]]]}},
{"type":"Feature","properties":{"fid":225,"full_id":"w631076396","osm_id":"631076396","osm_type":"way","highway":"service","ford":null,"width":null,"covered":null,"tunnel":null,"layer":null,"bridge":null,"disused:highway":null,"service":null,"noname":null,"motorroad":null,"smoothness":null,"motorcycle":null,"busway:right":null,"tactile_paving":null,"turn:lanes":null,"cycleway":null,"footway":null,"crossing":null,"lit":null,"motor_vehicle:conditional":null,"motor_vehicle":null,"horse":null,"operator":null,"emergency":null,"bus":null,"psv":null,"oneway:bicycle":null,"sidewalk":null,"foot":null,"bicycle":null,"cycleway:right":null,"access":"destination","maxspeed":null,"destination:street":null,"surface":null,"oneway":null,"name":null,"lanes":null,"alt_name":null,"longitud_m":17.969383675406341,"id_segmento":225,"id_nodo":74,"fin_id_nodo":71},"geometry":{"type":"MultiLineString","coordinates":[[[1060714.173929714597762,865095.264004427241161],[1060696.201782655902207,865095.219968620571308]]]}},
{"type":"Feature","properties":{"fid":226,"full_id":"w631126126","osm_id":"631126126","osm_type":"way","highway":"service","ford":null,"width":null,"covered":null,"tunnel":null,"layer":null,"bridge":null,"disused:highway":null,"service":null,"noname":null,"motorroad":null,"smoothness":null,"motorcycle":null,"busway:right":null,"tactile_paving":null,"turn:lanes":null,"cycleway":null,"footway":null,"crossing":null,"lit":null,"motor_vehicle:conditional":null,"motor_vehicle":null,"horse":null,"operator":null,"emergency":null,"bus":null,"psv":null,"oneway:bicycle":null,"sidewalk":null,"foot":null,"bicycle":null,"cycleway:right":null,"access":"destination","maxspeed":null,"destination:street":null,"surface":null,"oneway":"yes","name":null,"lanes":null,"alt_name":null,"longitud_m":15.489168414756108,"id_segmento":226,"id_nodo":72,"fin_id_nodo":69},"geometry":{"type":"MultiLineString","coordinates":[[[1060150.157506559975445,865095.01744066120591],[1060134.674999299226329,865094.486837736098096]]]}},
{"type":"Feature","properties":{"fid":227,"full_id":"w631126127","osm_id":"631126127","osm_type":"way","highway":"service","ford":null,"width":null,"covered":null,"tunnel":null,"layer":null,"bridge":null,"disused:highway":null,"service":null,"noname":null,"motorroad":null,"smoothness":null,"motorcycle":null,"busway:right":null,"tactile_paving":null,"turn:lanes":null,"cycleway":null,"footway":null,"crossing":null,"lit":null,"motor_vehicle:conditional":null,"motor_vehicle":null,"horse":null,"operator":null,"emergency":null,"bus":null,"psv":null,"oneway:bicycle":null,"sidewalk":null,"foot":null,"bicycle":null,"cycleway:right":null,"access":"destination","maxspeed":null,"destination:street":null,"surface":null,"oneway":"yes","name":null,"lanes":null,"alt_name":null,"longitud_m":212.49276173027062,"id_segmento":227,"id_nodo":70,"fin_id_nodo":67},"geometry":{"type":"MultiLineString","coordinates":[[[1060136.386425230186433,865081.790419310797006],[1060155.836804330116138,865081.889633803628385],[1060256.067392389290035,865082.82809648104012],[1060256.067678247112781,865101.629370794980787],[1060182.033983424073085,865100.723659236566164]]]}},
{"type":"Feature","properties":{"fid":228,"full_id":"w631126128","osm_id":"631126128","osm_type":"way","highway":"service","ford":null,"width":null,"covered":null,"tunnel":null,"layer":null,"bridge":null,"disused:highway":null,"service":"parking_aisle","noname":null,"motorroad":null,"smoothness":null,"motorcycle":null,"busway:right":null,"tactile_paving":null,"turn:lanes":null,"cycleway":null,"footway":null,"crossing":null,"lit":null,"motor_vehicle:conditional":null,"motor_vehicle":null,"horse":null,"operator":null,"emergency":null,"bus":null,"psv":null,"oneway:bicycle":null,"sidewalk":null,"foot":null,"bicycle":null,"cycleway:right":null,"access":"destination","maxspeed":null,"destination:street":null,"surface":null,"oneway":null,"name":null,"lanes":null,"alt_name":null,"longitud_m":31.371111476224449,"id_segmento":228,"id_nodo":68,"fin_id_nodo":78},"geometry":{"type":"MultiLineString","coordinates":[[[1060464.266075197840109,865221.678014150704257],[1060464.343459865776822,865190.302004137774929]]]}},
{"type":"Feature","properties":{"fid":229,"full_id":"w631126129","osm_id":"631126129","osm_type":"way","highway":"service","ford":null,"width":null,"covered":null,"tunnel":null,"layer":null,"bridge":null,"disused:highway":null,"service":"parking_aisle","noname":null,"motorroad":null,"smoothness":null,"motorcycle":null,"busway:right":null,"tactile_paving":null,"turn:lanes":null,"cycleway":null,"footway":null,"crossing":null,"lit":null,"motor_vehicle:conditional":null,"motor_vehicle":null,"horse":null,"operator":null,"emergency":null,"bus":null,"psv":null,"oneway:bicycle":null,"sidewalk":null,"foot":null,"bicycle":null,"cycleway:right":null,"access":"destination","maxspeed":null,"destination:street":null,"surface":null,"oneway":null,"name":null,"lanes":null,"alt_name":null,"longitud_m":31.371111476044494,"id_segmento":229,"id_nodo":79,"fin_id_nodo":76},"geometry":{"type":"MultiLineString","coordinates":[[[1060446.082773797679693,865221.634023584425449],[1060446.160153188044205,865190.25801355834119]]]}},
{"type":"Feature","properties":{"fid":230,"full_id":"w631126130","osm_id":"631126130","osm_type":"way","highway":"service","ford":null,"width":null,"covered":null,"tunnel":null,"layer":null,"bridge":null,"disused:highway":null,"service":"parking_aisle","noname":null,"motorroad":null,"smoothness":null,"motorcycle":null,"busway:right":null,"tactile_paving":null,"turn:lanes":null,"cycleway":null,"footway":null,"crossing":null,"lit":null,"motor_vehicle:conditional":null,"motor_vehicle":null,"horse":null,"operator":null,"emergency":null,"bus":null,"psv":null,"oneway:bicycle":null,"sidewalk":null,"foot":null,"bicycle":null,"cycleway:right":null,"access":"destination","maxspeed":null,"destination:street":null,"surface":null,"oneway":null,"name":null,"lanes":null,"alt_name":null,"longitud_m":46.509049506709161,"id_segmento":230,"id_nodo":77,"fin_id_nodo":75},"geometry":{"type":"MultiLineString","coordinates":[[[1060498.998441677540541,865190.390017246594653],[1060498.921046808129176,865221.754967661341652],[1060483.772004453465343,865222.02059863798786]]]}},
{"type":"Feature","properties":{"fid":231,"full_id":"w631126130","osm_id":"631126130","osm_type":"way","highway":"service","ford":null,"width":null,"covered":null,"tunnel":null,"layer":null,"bridge":null,"disused:highway":null,"service":"parking_aisle","noname":null,"motorroad":null,"smoothness":null,"motorcycle":null,"busway:right":null,"tactile_paving":null,"turn:lanes":null,"cycleway":null,"footway":null,"crossing":null,"lit":null,"motor_vehicle:conditional":null,"motor_vehicle":null,"horse":null,"operator":null,"emergency":null,"bus":null,"psv":null,"oneway:bicycle":null,"sidewalk":null,"foot":null,"bicycle":null,"cycleway:right":null,"access":"destination","maxspeed":null,"destination:street":null,"surface":null,"oneway":null,"name":null,"lanes":null,"alt_name":null,"longitud_m":19.505879276041799,"id_segmento":231,"id_nodo":75,"fin_id_nodo":68},"geometry":{"type":"MultiLineString","coordinates":[[[1060483.772004453465343,865222.02059863798786],[1060464.266075197840109,865221.678014150704257]]]}},
{"type":"Feature","properties":{"fid":232,"full_id":"w631126130","osm_id":"631126130","osm_type":"way","highway":"service","ford":null,"width":null,"covered":null,"tunnel":null,"layer":null,"bridge":null,"disused:highway":null,"service":"parking_aisle","noname":null,"motorroad":null,"smoothness":null,"motorcycle":null,"busway:right":null,"tactile_paving":null,"turn:lanes":null,"cycleway":null,"footway":null,"crossing":null,"lit":null,"motor_vehicle:conditional":null,"motor_vehicle":null,"horse":null,"operator":null,"emergency":null,"bus":null,"psv":null,"oneway:bicycle":null,"sidewalk":null,"foot":null,"bicycle":null,"cycleway:right":null,"access":"destination","maxspeed":null,"destination:street":null,"surface":null,"oneway":null,"name":null,"lanes":null,"alt_name":null,"longitud_m":18.180504182026887,"id_segmento":232,"id_nodo":68,"fin_id_nodo":79},"geometry":{"type":"MultiLineString","coordinates":[[[1060464.266075197840109,865221.678014150704257],[1060446.082773797679693,865221.634023584425449]]]}},
{"type":"Feature","properties":{"fid":233,"full_id":"w631126130","osm_id":"631126130","osm_type":"way","highway":"service","ford":null,"width":null,"covered":null,"tunnel":null,"layer":null,"bridge":null,"disused:highway":null,"service":"parking_aisle","noname":null,"motorroad":null,"smoothness":null,"motorcycle":null,"busway:right":null,"tactile_paving":null,"turn:lanes":null,"cycleway":null,"footway":null,"crossing":null,"lit":null,"motor_vehicle:conditional":null,"motor_vehicle":null,"horse":null,"operator":null,"emergency":null,"bus":null,"psv":null,"oneway:bicycle":null,"sidewalk":null,"foot":null,"bicycle":null,"cycleway:right":null,"access":"destination","maxspeed":null,"destination:street":null,"surface":null,"oneway":null,"name":null,"lanes":null,"alt_name":null,"longitud_m":45.684365131361538,"id_segmento":233,"id_nodo":79,"fin_id_nodo":60},"geometry":{"type":"MultiLineString","coordinates":[[[1060446.082773797679693,865221.634023584425449],[1060431.767314027994871,865221.60104208951816],[1060431.844689263496548,865190.225032053072937]]]}},
{"type":"Feature","properties":{"fid":234,"full_id":"w631126131","osm_id":"631126131","osm_type":"way","highway":"service","ford":null,"width":null,"covered":null,"tunnel":null,"layer":null,"bridge":null,"disused:highway":null,"service":null,"noname":null,"motorroad":null,"smoothness":null,"motorcycle":null,"busway:right":null,"tactile_paving":null,"turn:lanes":null,"cycleway":null,"footway":null,"crossing":null,"lit":null,"motor_vehicle:conditional":null,"motor_vehicle":null,"horse":null,"operator":null,"emergency":null,"bus":null,"psv":null,"oneway:bicycle":null,"sidewalk":null,"foot":null,"bicycle":null,"cycleway:right":null,"access":"destination","maxspeed":null,"destination:street":null,"surface":null,"oneway":null,"name":null,"lanes":null,"alt_name":null,"longitud_m":40.858715445384675,"id_segmento":234,"id_nodo":199,"fin_id_nodo":75},"geometry":{"type":"MultiLineString","coordinates":[[[1060483.683624076424167,865262.885722527746111],[1060483.749908950645477,865232.206465784227476],[1060483.772004453465343,865222.02059863798786]]]}},
{"type":"Feature","properties":{"fid":235,"full_id":"w631126131","osm_id":"631126131","osm_type":"way","highway":"service","ford":null,"width":null,"covered":null,"tunnel":null,"layer":null,"bridge":null,"disused:highway":null,"service":null,"noname":null,"motorroad":null,"smoothness":null,"motorcycle":null,"busway:right":null,"tactile_paving":null,"turn:lanes":null,"cycleway":null,"footway":null,"crossing":null,"lit":null,"motor_vehicle:conditional":null,"motor_vehicle":null,"horse":null,"operator":null,"emergency":null,"bus":null,"psv":null,"oneway:bicycle":null,"sidewalk":null,"foot":null,"bicycle":null,"cycleway:right":null,"access":"destination","maxspeed":null,"destination:street":null,"surface":null,"oneway":null,"name":null,"lanes":null,"alt_name":null,"longitud_m":31.66957792903322,"id_segmento":235,"id_nodo":75,"fin_id_nodo":58},"geometry":{"type":"MultiLineString","coordinates":[[[1060483.772004453465343,865222.02059863798786],[1060483.760474948445335,865190.345981352147646]]]}},
{"type":"Feature","properties":{"fid":236,"full_id":"w631126132","osm_id":"631126132","osm_type":"way","highway":"service","ford":null,"width":null,"covered":null,"tunnel":null,"layer":null,"bridge":null,"disused:highway":null,"service":null,"noname":null,"motorroad":null,"smoothness":null,"motorcycle":null,"busway:right":null,"tactile_paving":null,"turn:lanes":null,"cycleway":null,"footway":null,"crossing":null,"lit":null,"motor_vehicle:conditional":null,"motor_vehicle":null,"horse":null,"operator":null,"emergency":null,"bus":null,"psv":null,"oneway:bicycle":null,"sidewalk":null,"foot":null,"bicycle":null,"cycleway:right":null,"access":"destination","maxspeed":null,"destination:street":null,"surface":null,"oneway":null,"name":null,"lanes":null,"alt_name":null,"longitud_m":133.67271296364726,"id_segmento":236,"id_nodo":194,"fin_id_nodo":65},"geometry":{"type":"MultiLineString","coordinates":[[[1060481.489724109880626,864931.563060067710467],[1060480.155991377541795,864932.270890595973469],[1060478.599961932981387,864932.492102902615443],[1060426.039408525684848,864932.227390638086945],[1060424.072127282386646,864931.364771294640377],[1060423.171836163848639,864930.247766941902228],[1060422.74945763242431,864928.279168807785027],[1060422.593712403671816,864917.883172236499377],[1060423.171644705347717,864916.224228217615746],[1060424.972176182316616,864914.720101214013994],[1060426.97278621676378,864914.476762798381969],[1060482.912158274790272,864914.46494099451229]]]}},
{"type":"Feature","properties":{"fid":237,"full_id":"w631131749","osm_id":"631131749","osm_type":"way","highway":"service","ford":null,"width":null,"covered":null,"tunnel":null,"layer":"1","bridge":"yes","disused:highway":null,"service":null,"noname":null,"motorroad":null,"smoothness":null,"motorcycle":null,"busway:right":null,"tactile_paving":null,"turn:lanes":null,"cycleway":null,"footway":null,"crossing":null,"lit":null,"motor_vehicle:conditional":null,"motor_vehicle":null,"horse":null,"operator":null,"emergency":null,"bus":null,"psv":null,"oneway:bicycle":null,"sidewalk":null,"foot":null,"bicycle":null,"cycleway:right":null,"access":"destination","maxspeed":null,"destination:street":null,"surface":null,"oneway":null,"name":"Vía Circunvalar Universitaria","lanes":null,"alt_name":null,"longitud_m":12.075995617299023,"id_segmento":237,"id_nodo":66,"fin_id_nodo":63},"geometry":{"type":"MultiLineString","coordinates":[[[1060713.963108971714973,865127.602198612410575],[1060713.818753027357161,865139.679254083312117]]]}},
{"type":"Feature","properties":{"fid":238,"full_id":"w631131750","osm_id":"631131750","osm_type":"way","highway":"service","ford":null,"width":null,"covered":null,"tunnel":null,"layer":null,"bridge":null,"disused:highway":null,"service":null,"noname":null,"motorroad":null,"smoothness":null,"motorcycle":null,"busway:right":null,"tactile_paving":null,"turn:lanes":null,"cycleway":null,"footway":null,"crossing":null,"lit":null,"motor_vehicle:conditional":null,"motor_vehicle":null,"horse":null,"operator":null,"emergency":null,"bus":null,"psv":null,"oneway:bicycle":null,"sidewalk":null,"foot":null,"bicycle":null,"cycleway:right":null,"access":"destination","maxspeed":null,"destination:street":null,"surface":null,"oneway":null,"name":"Vía Circunvalar Universitaria","lanes":null,"alt_name":null,"longitud_m":6.5232343955974246,"id_segmento":238,"id_nodo":64,"fin_id_nodo":62},"geometry":{"type":"MultiLineString","coordinates":[[[1060642.436775367939845,864736.481218984466977],[1060645.137676696758717,864742.420177760883234]]]}},
{"type":"Feature","properties":{"fid":239,"full_id":"w631131750","osm_id":"631131750","osm_type":"way","highway":"service","ford":null,"width":null,"covered":null,"tunnel":null,"layer":null,"bridge":null,"disused:highway":null,"service":null,"noname":null,"motorroad":null,"smoothness":null,"motorcycle":null,"busway:right":null,"tactile_paving":null,"turn:lanes":null,"cycleway":null,"footway":null,"crossing":null,"lit":null,"motor_vehicle:conditional":null,"motor_vehicle":null,"horse":null,"operator":null,"emergency":null,"bus":null,"psv":null,"oneway:bicycle":null,"sidewalk":null,"foot":null,"bicycle":null,"cycleway:right":null,"access":"destination","maxspeed":null,"destination:street":null,"surface":null,"oneway":null,"name":"Vía Circunvalar Universitaria","lanes":null,"alt_name":null,"longitud_m":12.509711722810975,"id_segmento":239,"id_nodo":62,"fin_id_nodo":61},"geometry":{"type":"MultiLineString","coordinates":[[[1060645.137676696758717,864742.420177760883234],[1060650.839562365785241,864753.557100585196167]]]}},
{"type":"Feature","properties":{"fid":240,"full_id":"w631131750","osm_id":"631131750","osm_type":"way","highway":"service","ford":null,"width":null,"covered":null,"tunnel":null,"layer":null,"bridge":null,"disused:highway":null,"service":null,"noname":null,"motorroad":null,"smoothness":null,"motorcycle":null,"busway:right":null,"tactile_paving":null,"turn:lanes":null,"cycleway":null,"footway":null,"crossing":null,"lit":null,"motor_vehicle:conditional":null,"motor_vehicle":null,"horse":null,"operator":null,"emergency":null,"bus":null,"psv":null,"oneway:bicycle":null,"sidewalk":null,"foot":null,"bicycle":null,"cycleway:right":null,"access":"destination","maxspeed":null,"destination:street":null,"surface":null,"oneway":null,"name":"Vía Circunvalar Universitaria","lanes":null,"alt_name":null,"longitud_m":32.388727949387537,"id_segmento":240,"id_nodo":61,"fin_id_nodo":270},"geometry":{"type":"MultiLineString","coordinates":[[[1060650.839562365785241,864753.557100585196167],[1060665.388819080544636,864782.499833084060811]]]}},
{"type":"Feature","properties":{"fid":241,"full_id":"w631131750","osm_id":"631131750","osm_type":"way","highway":"service","ford":null,"width":null,"covered":null,"tunnel":null,"layer":null,"bridge":null,"disused:highway":null,"service":null,"noname":null,"motorroad":null,"smoothness":null,"motorcycle":null,"busway:right":null,"tactile_paving":null,"turn:lanes":null,"cycleway":null,"footway":null,"crossing":null,"lit":null,"motor_vehicle:conditional":null,"motor_vehicle":null,"horse":null,"operator":null,"emergency":null,"bus":null,"psv":null,"oneway:bicycle":null,"sidewalk":null,"foot":null,"bicycle":null,"cycleway:right":null,"access":"destination","maxspeed":null,"destination:street":null,"surface":null,"oneway":null,"name":"Vía Circunvalar Universitaria","lanes":null,"alt_name":null,"longitud_m":60.242510815589519,"id_segmento":241,"id_nodo":270,"fin_id_nodo":35},"geometry":{"type":"MultiLineString","coordinates":[[[1060665.388819080544636,864782.499833084060811],[1060691.541919519659132,864836.779916752013378]]]}},
{"type":"Feature","properties":{"fid":242,"full_id":"w631131750","osm_id":"631131750","osm_type":"way","highway":"service","ford":null,"width":null,"covered":null,"tunnel":null,"layer":null,"bridge":null,"disused:highway":null,"service":null,"noname":null,"motorroad":null,"smoothness":null,"motorcycle":null,"busway:right":null,"tactile_paving":null,"turn:lanes":null,"cycleway":null,"footway":null,"crossing":null,"lit":null,"motor_vehicle:conditional":null,"motor_vehicle":null,"horse":null,"operator":null,"emergency":null,"bus":null,"psv":null,"oneway:bicycle":null,"sidewalk":null,"foot":null,"bicycle":null,"cycleway:right":null,"access":"destination","maxspeed":null,"destination:street":null,"surface":null,"oneway":null,"name":"Vía Circunvalar Universitaria","lanes":null,"alt_name":null,"longitud_m":122.02422685501864,"id_segmento":242,"id_nodo":35,"fin_id_nodo":33},"geometry":{"type":"MultiLineString","coordinates":[[[1060691.541919519659132,864836.779916752013378],[1060714.093845716211945,864887.11177947151009],[1060714.616961226798594,864954.000071904156357]]]}},
{"type":"Feature","properties":{"fid":243,"full_id":"w631131750","osm_id":"631131750","osm_type":"way","highway":"service","ford":null,"width":null,"covered":null,"tunnel":null,"layer":null,"bridge":null,"disused:highway":null,"service":null,"noname":null,"motorroad":null,"smoothness":null,"motorcycle":null,"busway:right":null,"tactile_paving":null,"turn:lanes":null,"cycleway":null,"footway":null,"crossing":null,"lit":null,"motor_vehicle:conditional":null,"motor_vehicle":null,"horse":null,"operator":null,"emergency":null,"bus":null,"psv":null,"oneway:bicycle":null,"sidewalk":null,"foot":null,"bicycle":null,"cycleway:right":null,"access":"destination","maxspeed":null,"destination:street":null,"surface":null,"oneway":null,"name":"Vía Circunvalar Universitaria","lanes":null,"alt_name":null,"longitud_m":24.958197468979257,"id_segmento":243,"id_nodo":33,"fin_id_nodo":73},"geometry":{"type":"MultiLineString","coordinates":[[[1060714.616961226798594,864954.000071904156357],[1060714.806181508814916,864978.961526340339333]]]}},
{"type":"Feature","properties":{"fid":244,"full_id":"w631131750","osm_id":"631131750","osm_type":"way","highway":"service","ford":null,"width":null,"covered":null,"tunnel":null,"layer":null,"bridge":null,"disused:highway":null,"service":null,"noname":null,"motorroad":null,"smoothness":null,"motorcycle":null,"busway:right":null,"tactile_paving":null,"turn:lanes":null,"cycleway":null,"footway":null,"crossing":null,"lit":null,"motor_vehicle:conditional":null,"motor_vehicle":null,"horse":null,"operator":null,"emergency":null,"bus":null,"psv":null,"oneway:bicycle":null,"sidewalk":null,"foot":null,"bicycle":null,"cycleway:right":null,"access":"destination","maxspeed":null,"destination:street":null,"surface":null,"oneway":null,"name":"Vía Circunvalar Universitaria","lanes":null,"alt_name":null,"longitud_m":116.28568138824998,"id_segmento":244,"id_nodo":73,"fin_id_nodo":74},"geometry":{"type":"MultiLineString","coordinates":[[[1060714.806181508814916,864978.961526340339333],[1060714.173929714597762,865095.264004427241161]]]}},
{"type":"Feature","properties":{"fid":245,"full_id":"w631131750","osm_id":"631131750","osm_type":"way","highway":"service","ford":null,"width":null,"covered":null,"tunnel":null,"layer":null,"bridge":null,"disused:highway":null,"service":null,"noname":null,"motorroad":null,"smoothness":null,"motorcycle":null,"busway:right":null,"tactile_paving":null,"turn:lanes":null,"cycleway":null,"footway":null,"crossing":null,"lit":null,"motor_vehicle:conditional":null,"motor_vehicle":null,"horse":null,"operator":null,"emergency":null,"bus":null,"psv":null,"oneway:bicycle":null,"sidewalk":null,"foot":null,"bicycle":null,"cycleway:right":null,"access":"destination","maxspeed":null,"destination:street":null,"surface":null,"oneway":null,"name":"Vía Circunvalar Universitaria","lanes":null,"alt_name":null,"longitud_m":28.23122777712188,"id_segmento":245,"id_nodo":74,"fin_id_nodo":224},"geometry":{"type":"MultiLineString","coordinates":[[[1060714.173929714597762,865095.264004427241161],[1060713.985292952973396,865123.49909673363436]]]}},
{"type":"Feature","properties":{"fid":246,"full_id":"w631131750","osm_id":"631131750","osm_type":"way","highway":"service","ford":null,"width":null,"covered":null,"tunnel":null,"layer":null,"bridge":null,"disused:highway":null,"service":null,"noname":null,"motorroad":null,"smoothness":null,"motorcycle":null,"busway:right":null,"tactile_paving":null,"turn:lanes":null,"cycleway":null,"footway":null,"crossing":null,"lit":null,"motor_vehicle:conditional":null,"motor_vehicle":null,"horse":null,"operator":null,"emergency":null,"bus":null,"psv":null,"oneway:bicycle":null,"sidewalk":null,"foot":null,"bicycle":null,"cycleway:right":null,"access":"destination","maxspeed":null,"destination:street":null,"surface":null,"oneway":null,"name":"Vía Circunvalar Universitaria","lanes":null,"alt_name":null,"longitud_m":4.1025087071207338,"id_segmento":246,"id_nodo":224,"fin_id_nodo":66},"geometry":{"type":"MultiLineString","coordinates":[[[1060713.985292952973396,865123.49909673363436],[1060713.963108971714973,865127.602198612410575]]]}},
{"type":"Feature","properties":{"fid":247,"full_id":"w631144895","osm_id":"631144895","osm_type":"way","highway":"footway","ford":null,"width":null,"covered":null,"tunnel":null,"layer":null,"bridge":null,"disused:highway":null,"service":null,"noname":null,"motorroad":null,"smoothness":null,"motorcycle":null,"busway:right":null,"tactile_paving":null,"turn:lanes":null,"cycleway":null,"footway":null,"crossing":null,"lit":null,"motor_vehicle:conditional":null,"motor_vehicle":null,"horse":null,"operator":null,"emergency":null,"bus":null,"psv":null,"oneway:bicycle":null,"sidewalk":"both","foot":"yes","bicycle":"dismount","cycleway:right":null,"access":null,"maxspeed":null,"destination:street":null,"surface":null,"oneway":null,"name":null,"lanes":null,"alt_name":null,"longitud_m":87.346230170224189,"id_segmento":247,"id_nodo":59,"fin_id_nodo":151},"geometry":{"type":"MultiLineString","coordinates":[[[1060534.067200468620285,864511.387067536823452],[1060533.767414748203009,864535.75131100078579],[1060477.405493344645947,864535.729932931135409],[1060477.094372786581516,864542.354621409089305]]]}},
{"type":"Feature","properties":{"fid":248,"full_id":"w631145738","osm_id":"631145738","osm_type":"way","highway":"service","ford":null,"width":null,"covered":null,"tunnel":null,"layer":null,"bridge":null,"disused:highway":null,"service":null,"noname":null,"motorroad":null,"smoothness":null,"motorcycle":null,"busway:right":null,"tactile_paving":null,"turn:lanes":null,"cycleway":null,"footway":null,"crossing":null,"lit":null,"motor_vehicle:conditional":null,"motor_vehicle":null,"horse":null,"operator":null,"emergency":null,"bus":null,"psv":null,"oneway:bicycle":null,"sidewalk":null,"foot":null,"bicycle":null,"cycleway:right":null,"access":null,"maxspeed":null,"destination:street":null,"surface":null,"oneway":null,"name":null,"lanes":null,"alt_name":null,"longitud_m":24.601762370235551,"id_segmento":248,"id_nodo":306,"fin_id_nodo":53},"geometry":{"type":"MultiLineString","coordinates":[[[1060684.404931555036455,864706.642001316533424],[1060681.770620023366064,864691.932799284346402],[1060684.004537248052657,864682.532136486493982]]]}},
{"type":"Feature","properties":{"fid":249,"full_id":"w631902492","osm_id":"631902492","osm_type":"way","highway":"footway","ford":null,"width":null,"covered":null,"tunnel":null,"layer":null,"bridge":null,"disused:highway":null,"service":null,"noname":null,"motorroad":null,"smoothness":null,"motorcycle":null,"busway:right":null,"tactile_paving":null,"turn:lanes":null,"cycleway":null,"footway":null,"crossing":null,"lit":null,"motor_vehicle:conditional":null,"motor_vehicle":null,"horse":null,"operator":null,"emergency":null,"bus":null,"psv":null,"oneway:bicycle":null,"sidewalk":null,"foot":null,"bicycle":null,"cycleway:right":null,"access":null,"maxspeed":null,"destination:street":null,"surface":null,"oneway":null,"name":null,"lanes":null,"alt_name":null,"longitud_m":47.241001865406631,"id_segmento":249,"id_nodo":54,"fin_id_nodo":283},"geometry":{"type":"MultiLineString","coordinates":[[[1060435.4104681215249,865044.614642939995974],[1060482.59157594316639,865047.135584528092295]]]}},
{"type":"Feature","properties":{"fid":250,"full_id":"w631902492","osm_id":"631902492","osm_type":"way","highway":"footway","ford":null,"width":null,"covered":null,"tunnel":null,"layer":null,"bridge":null,"disused:highway":null,"service":null,"noname":null,"motorroad":null,"smoothness":null,"motorcycle":null,"busway:right":null,"tactile_paving":null,"turn:lanes":null,"cycleway":null,"footway":null,"crossing":null,"lit":null,"motor_vehicle:conditional":null,"motor_vehicle":null,"horse":null,"operator":null,"emergency":null,"bus":null,"psv":null,"oneway:bicycle":null,"sidewalk":null,"foot":null,"bicycle":null,"cycleway:right":null,"access":null,"maxspeed":null,"destination:street":null,"surface":null,"oneway":null,"name":null,"lanes":null,"alt_name":null,"longitud_m":16.320652287715994,"id_segmento":250,"id_nodo":283,"fin_id_nodo":297},"geometry":{"type":"MultiLineString","coordinates":[[[1060482.59157594316639,865047.135584528092295],[1060498.607618477661163,865050.287350019207224]]]}},
{"type":"Feature","properties":{"fid":251,"full_id":"w631902492","osm_id":"631902492","osm_type":"way","highway":"footway","ford":null,"width":null,"covered":null,"tunnel":null,"layer":null,"bridge":null,"disused:highway":null,"service":null,"noname":null,"motorroad":null,"smoothness":null,"motorcycle":null,"busway:right":null,"tactile_paving":null,"turn:lanes":null,"cycleway":null,"footway":null,"crossing":null,"lit":null,"motor_vehicle:conditional":null,"motor_vehicle":null,"horse":null,"operator":null,"emergency":null,"bus":null,"psv":null,"oneway:bicycle":null,"sidewalk":null,"foot":null,"bicycle":null,"cycleway:right":null,"access":null,"maxspeed":null,"destination:street":null,"surface":null,"oneway":null,"name":null,"lanes":null,"alt_name":null,"longitud_m":24.304498675809722,"id_segmento":251,"id_nodo":297,"fin_id_nodo":52},"geometry":{"type":"MultiLineString","coordinates":[[[1060498.607618477661163,865050.287350019207224],[1060522.459405223140493,865054.976296522188932]]]}},
{"type":"Feature","properties":{"fid":252,"full_id":"w631902493","osm_id":"631902493","osm_type":"way","highway":"footway","ford":null,"width":null,"covered":null,"tunnel":null,"layer":null,"bridge":null,"disused:highway":null,"service":null,"noname":null,"motorroad":null,"smoothness":null,"motorcycle":null,"busway:right":null,"tactile_paving":null,"turn:lanes":null,"cycleway":null,"footway":null,"crossing":null,"lit":null,"motor_vehicle:conditional":null,"motor_vehicle":null,"horse":null,"operator":null,"emergency":null,"bus":null,"psv":null,"oneway:bicycle":null,"sidewalk":null,"foot":null,"bicycle":null,"cycleway:right":null,"access":null,"maxspeed":null,"destination:street":null,"surface":null,"oneway":null,"name":null,"lanes":null,"alt_name":null,"longitud_m":61.140691776661967,"id_segmento":252,"id_nodo":254,"fin_id_nodo":58},"geometry":{"type":"MultiLineString","coordinates":[[[1060483.259521504165605,865129.197608216083609],[1060483.760474948445335,865190.345981352147646]]]}},
{"type":"Feature","properties":{"fid":253,"full_id":"w631902494","osm_id":"631902494","osm_type":"way","highway":"footway","ford":null,"width":null,"covered":null,"tunnel":null,"layer":null,"bridge":null,"disused:highway":null,"service":null,"noname":null,"motorroad":null,"smoothness":null,"motorcycle":null,"busway:right":null,"tactile_paving":null,"turn:lanes":null,"cycleway":null,"footway":null,"crossing":null,"lit":null,"motor_vehicle:conditional":null,"motor_vehicle":null,"horse":null,"operator":null,"emergency":null,"bus":null,"psv":null,"oneway:bicycle":null,"sidewalk":null,"foot":null,"bicycle":null,"cycleway:right":null,"access":null,"maxspeed":null,"destination:street":null,"surface":null,"oneway":null,"name":null,"lanes":null,"alt_name":null,"longitud_m":81.520478930690118,"id_segmento":253,"id_nodo":57,"fin_id_nodo":250},"geometry":{"type":"MultiLineString","coordinates":[[[1060585.168354382738471,865130.346491375588812],[1060503.643507894594222,865129.175218718126416]]]}},
{"type":"Feature","properties":{"fid":254,"full_id":"w631902495","osm_id":"631902495","osm_type":"way","highway":"footway","ford":null,"width":null,"covered":null,"tunnel":null,"layer":null,"bridge":null,"disused:highway":null,"service":null,"noname":null,"motorroad":null,"smoothness":null,"motorcycle":null,"busway:right":null,"tactile_paving":null,"turn:lanes":null,"cycleway":null,"footway":null,"crossing":null,"lit":null,"motor_vehicle:conditional":null,"motor_vehicle":null,"horse":null,"operator":null,"emergency":null,"bus":null,"psv":null,"oneway:bicycle":null,"sidewalk":null,"foot":null,"bicycle":null,"cycleway:right":null,"access":null,"maxspeed":null,"destination:street":null,"surface":null,"oneway":null,"name":null,"lanes":null,"alt_name":null,"longitud_m":9.8299025561986415,"id_segmento":254,"id_nodo":124,"fin_id_nodo":57},"geometry":{"type":"MultiLineString","coordinates":[[[1060585.623929337831214,865120.525584790157154],[1060585.168354382738471,865130.346491375588812]]]}},
{"type":"Feature","properties":{"fid":255,"full_id":"w631902495","osm_id":"631902495","osm_type":"way","highway":"footway","ford":null,"width":null,"covered":null,"tunnel":null,"layer":null,"bridge":null,"disused:highway":null,"service":null,"noname":null,"motorroad":null,"smoothness":null,"motorcycle":null,"busway:right":null,"tactile_paving":null,"turn:lanes":null,"cycleway":null,"footway":null,"crossing":null,"lit":null,"motor_vehicle:conditional":null,"motor_vehicle":null,"horse":null,"operator":null,"emergency":null,"bus":null,"psv":null,"oneway:bicycle":null,"sidewalk":null,"foot":null,"bicycle":null,"cycleway:right":null,"access":null,"maxspeed":null,"destination:street":null,"surface":null,"oneway":null,"name":null,"lanes":null,"alt_name":null,"longitud_m":69.675337810487832,"id_segmento":255,"id_nodo":57,"fin_id_nodo":55},"geometry":{"type":"MultiLineString","coordinates":[[[1060585.168354382738471,865130.346491375588812],[1060583.92437905468978,865200.021817515138537]]]}},
{"type":"Feature","properties":{"fid":256,"full_id":"w631902496","osm_id":"631902496","osm_type":"way","highway":"footway","ford":null,"width":null,"covered":null,"tunnel":null,"layer":null,"bridge":null,"disused:highway":null,"service":null,"noname":null,"motorroad":null,"smoothness":null,"motorcycle":null,"busway:right":null,"tactile_paving":null,"turn:lanes":null,"cycleway":null,"footway":null,"crossing":null,"lit":null,"motor_vehicle:conditional":null,"motor_vehicle":null,"horse":null,"operator":null,"emergency":null,"bus":null,"psv":null,"oneway:bicycle":null,"sidewalk":null,"foot":null,"bicycle":null,"cycleway:right":null,"access":null,"maxspeed":null,"destination:street":null,"surface":null,"oneway":null,"name":null,"lanes":null,"alt_name":null,"longitud_m":95.627322420046141,"id_segmento":256,"id_nodo":56,"fin_id_nodo":195},"geometry":{"type":"MultiLineString","coordinates":[[[1060410.415288778487593,865142.09406862698961],[1060411.828146274201572,865237.726177633157931]]]}},
{"type":"Feature","properties":{"fid":257,"full_id":"w631902497","osm_id":"631902497","osm_type":"way","highway":"footway","ford":null,"width":null,"covered":null,"tunnel":null,"layer":null,"bridge":null,"disused:highway":null,"service":null,"noname":null,"motorroad":null,"smoothness":null,"motorcycle":null,"busway:right":null,"tactile_paving":null,"turn:lanes":null,"cycleway":null,"footway":null,"crossing":null,"lit":null,"motor_vehicle:conditional":null,"motor_vehicle":null,"horse":null,"operator":null,"emergency":null,"bus":null,"psv":null,"oneway:bicycle":null,"sidewalk":null,"foot":null,"bicycle":null,"cycleway:right":null,"access":null,"maxspeed":null,"destination:street":null,"surface":null,"oneway":null,"name":null,"lanes":null,"alt_name":null,"longitud_m":37.972540427851897,"id_segmento":257,"id_nodo":139,"fin_id_nodo":141},"geometry":{"type":"MultiLineString","coordinates":[[[1060275.819110151845962,865165.962603354244493],[1060313.7973298500292,865165.818254073034041]]]}},
{"type":"Feature","properties":{"fid":258,"full_id":"w631902498","osm_id":"631902498","osm_type":"way","highway":"footway","ford":null,"width":null,"covered":null,"tunnel":null,"layer":null,"bridge":null,"disused:highway":null,"service":null,"noname":null,"motorroad":null,"smoothness":null,"motorcycle":null,"busway:right":null,"tactile_paving":null,"turn:lanes":null,"cycleway":null,"footway":null,"crossing":null,"lit":null,"motor_vehicle:conditional":null,"motor_vehicle":null,"horse":null,"operator":null,"emergency":null,"bus":null,"psv":null,"oneway:bicycle":null,"sidewalk":null,"foot":null,"bicycle":null,"cycleway:right":null,"access":null,"maxspeed":null,"destination:street":null,"surface":null,"oneway":null,"name":null,"lanes":null,"alt_name":null,"longitud_m":13.283338691065749,"id_segmento":258,"id_nodo":143,"fin_id_nodo":139},"geometry":{"type":"MultiLineString","coordinates":[[[1060275.54104823875241,865152.680060285842046],[1060275.819110151845962,865165.962603354244493]]]}},
{"type":"Feature","properties":{"fid":259,"full_id":"w631902498","osm_id":"631902498","osm_type":"way","highway":"footway","ford":null,"width":null,"covered":null,"tunnel":null,"layer":null,"bridge":null,"disused:highway":null,"service":null,"noname":null,"motorroad":null,"smoothness":null,"motorcycle":null,"busway:right":null,"tactile_paving":null,"turn:lanes":null,"cycleway":null,"footway":null,"crossing":null,"lit":null,"motor_vehicle:conditional":null,"motor_vehicle":null,"horse":null,"operator":null,"emergency":null,"bus":null,"psv":null,"oneway:bicycle":null,"sidewalk":null,"foot":null,"bicycle":null,"cycleway:right":null,"access":null,"maxspeed":null,"destination:street":null,"surface":null,"oneway":null,"name":null,"lanes":null,"alt_name":null,"longitud_m":2.2422512729561701,"id_segmento":259,"id_nodo":139,"fin_id_nodo":135},"geometry":{"type":"MultiLineString","coordinates":[[[1060275.819110151845962,865165.962603354244493],[1060273.718482830561697,865166.74786523799412]]]}},
{"type":"Feature","properties":{"fid":260,"full_id":"w631902499","osm_id":"631902499","osm_type":"way","highway":"service","ford":null,"width":null,"covered":null,"tunnel":null,"layer":null,"bridge":null,"disused:highway":null,"service":null,"noname":null,"motorroad":null,"smoothness":null,"motorcycle":null,"busway:right":null,"tactile_paving":null,"turn:lanes":null,"cycleway":null,"footway":null,"crossing":null,"lit":null,"motor_vehicle:conditional":null,"motor_vehicle":null,"horse":null,"operator":null,"emergency":null,"bus":null,"psv":null,"oneway:bicycle":null,"sidewalk":"both","foot":"yes","bicycle":null,"cycleway:right":null,"access":"destination","maxspeed":"20","destination:street":null,"surface":null,"oneway":"no","name":null,"lanes":null,"alt_name":null,"longitud_m":14.137230410343731,"id_segmento":260,"id_nodo":137,"fin_id_nodo":152},"geometry":{"type":"MultiLineString","coordinates":[[[1060380.330996490782127,864539.181866350001656],[1060366.193276655860245,864538.960878415731713]]]}},
{"type":"Feature","properties":{"fid":261,"full_id":"w631902500","osm_id":"631902500","osm_type":"way","highway":"service","ford":null,"width":null,"covered":null,"tunnel":null,"layer":null,"bridge":null,"disused:highway":null,"service":null,"noname":null,"motorroad":null,"smoothness":null,"motorcycle":null,"busway:right":null,"tactile_paving":null,"turn:lanes":null,"cycleway":null,"footway":null,"crossing":null,"lit":null,"motor_vehicle:conditional":null,"motor_vehicle":null,"horse":null,"operator":null,"emergency":null,"bus":null,"psv":null,"oneway:bicycle":null,"sidewalk":"both","foot":"yes","bicycle":null,"cycleway:right":null,"access":"destination","maxspeed":"20","destination:street":null,"surface":null,"oneway":"no","name":null,"lanes":null,"alt_name":null,"longitud_m":26.504985906044723,"id_segmento":261,"id_nodo":148,"fin_id_nodo":13},"geometry":{"type":"MultiLineString","coordinates":[[[1060453.753769324393943,864539.80017574923113],[1060427.245547654340044,864539.579349097795784]]]}},
{"type":"Feature","properties":{"fid":262,"full_id":"w631902500","osm_id":"631902500","osm_type":"way","highway":"service","ford":null,"width":null,"covered":null,"tunnel":null,"layer":null,"bridge":null,"disused:highway":null,"service":null,"noname":null,"motorroad":null,"smoothness":null,"motorcycle":null,"busway:right":null,"tactile_paving":null,"turn:lanes":null,"cycleway":null,"footway":null,"crossing":null,"lit":null,"motor_vehicle:conditional":null,"motor_vehicle":null,"horse":null,"operator":null,"emergency":null,"bus":null,"psv":null,"oneway:bicycle":null,"sidewalk":"both","foot":"yes","bicycle":null,"cycleway:right":null,"access":"destination","maxspeed":"20","destination:street":null,"surface":null,"oneway":"no","name":null,"lanes":null,"alt_name":null,"longitud_m":46.90888043342332,"id_segmento":262,"id_nodo":13,"fin_id_nodo":137},"geometry":{"type":"MultiLineString","coordinates":[[[1060427.245547654340044,864539.579349097795784],[1060380.330996490782127,864539.181866350001656]]]}},
{"type":"Feature","properties":{"fid":263,"full_id":"w631902502","osm_id":"631902502","osm_type":"way","highway":"service","ford":null,"width":null,"covered":null,"tunnel":null,"layer":null,"bridge":null,"disused:highway":null,"service":"parking_aisle","noname":null,"motorroad":null,"smoothness":null,"motorcycle":null,"busway:right":null,"tactile_paving":null,"turn:lanes":null,"cycleway":null,"footway":null,"crossing":null,"lit":null,"motor_vehicle:conditional":null,"motor_vehicle":null,"horse":null,"operator":null,"emergency":null,"bus":null,"psv":null,"oneway:bicycle":null,"sidewalk":null,"foot":null,"bicycle":null,"cycleway:right":null,"access":"destination","maxspeed":null,"destination:street":null,"surface":null,"oneway":null,"name":null,"lanes":null,"alt_name":null,"longitud_m":114.10535476310716,"id_segmento":263,"id_nodo":149,"fin_id_nodo":145},"geometry":{"type":"MultiLineString","coordinates":[[[1060682.398335913196206,865162.904713752912357],[1060683.576712878420949,865184.293914660345763],[1060683.165537595981732,865189.702050637220964],[1060681.420615355018526,865194.380270106601529],[1060678.853209555149078,865198.041018344578333],[1060649.022333259927109,865233.763787245028652],[1060648.388832160737365,865235.887232760433108],[1060648.355507787317038,865237.535109549877234],[1060648.933486632071435,865239.747017355519347],[1060650.133872649632394,865241.616071060067043],[1060665.28311192127876,865258.791410665842704]]]}},
{"type":"Feature","properties":{"fid":264,"full_id":"w631902504","osm_id":"631902504","osm_type":"way","highway":"footway","ford":null,"width":null,"covered":null,"tunnel":null,"layer":null,"bridge":null,"disused:highway":null,"service":null,"noname":null,"motorroad":null,"smoothness":null,"motorcycle":null,"busway:right":null,"tactile_paving":null,"turn:lanes":null,"cycleway":null,"footway":null,"crossing":null,"lit":null,"motor_vehicle:conditional":null,"motor_vehicle":null,"horse":null,"operator":null,"emergency":null,"bus":null,"psv":null,"oneway:bicycle":null,"sidewalk":null,"foot":null,"bicycle":null,"cycleway:right":null,"access":null,"maxspeed":null,"destination:street":null,"surface":null,"oneway":null,"name":null,"lanes":null,"alt_name":null,"longitud_m":38.958757929063665,"id_segmento":264,"id_nodo":119,"fin_id_nodo":126},"geometry":{"type":"MultiLineString","coordinates":[[[1060684.49873211956583,865141.294283765018918],[1060684.009449638426304,865119.540109030436724],[1060666.804207438137382,865119.540307706804015]]]}},
{"type":"Feature","properties":{"fid":265,"full_id":"w631902504","osm_id":"631902504","osm_type":"way","highway":"footway","ford":null,"width":null,"covered":null,"tunnel":null,"layer":null,"bridge":null,"disused:highway":null,"service":null,"noname":null,"motorroad":null,"smoothness":null,"motorcycle":null,"busway:right":null,"tactile_paving":null,"turn:lanes":null,"cycleway":null,"footway":null,"crossing":null,"lit":null,"motor_vehicle:conditional":null,"motor_vehicle":null,"horse":null,"operator":null,"emergency":null,"bus":null,"psv":null,"oneway:bicycle":null,"sidewalk":null,"foot":null,"bicycle":null,"cycleway:right":null,"access":null,"maxspeed":null,"destination:street":null,"surface":null,"oneway":null,"name":null,"lanes":null,"alt_name":null,"longitud_m":81.173529884844342,"id_segmento":265,"id_nodo":126,"fin_id_nodo":124},"geometry":{"type":"MultiLineString","coordinates":[[[1060666.804207438137382,865119.540307706804015],[1060585.623929337831214,865120.525584790157154]]]}},
{"type":"Feature","properties":{"fid":266,"full_id":"w631902504","osm_id":"631902504","osm_type":"way","highway":"footway","ford":null,"width":null,"covered":null,"tunnel":null,"layer":null,"bridge":null,"disused:highway":null,"service":null,"noname":null,"motorroad":null,"smoothness":null,"motorcycle":null,"busway:right":null,"tactile_paving":null,"turn:lanes":null,"cycleway":null,"footway":null,"crossing":null,"lit":null,"motor_vehicle:conditional":null,"motor_vehicle":null,"horse":null,"operator":null,"emergency":null,"bus":null,"psv":null,"oneway:bicycle":null,"sidewalk":null,"foot":null,"bicycle":null,"cycleway:right":null,"access":null,"maxspeed":null,"destination:street":null,"surface":null,"oneway":null,"name":null,"lanes":null,"alt_name":null,"longitud_m":1.3453706544733774,"id_segmento":266,"id_nodo":124,"fin_id_nodo":121},"geometry":{"type":"MultiLineString","coordinates":[[[1060585.623929337831214,865120.525584790157154],[1060584.279075684724376,865120.569839759264141]]]}},
{"type":"Feature","properties":{"fid":267,"full_id":"w631902505","osm_id":"631902505","osm_type":"way","highway":"footway","ford":null,"width":null,"covered":null,"tunnel":null,"layer":null,"bridge":null,"disused:highway":null,"service":null,"noname":null,"motorroad":null,"smoothness":null,"motorcycle":null,"busway:right":null,"tactile_paving":null,"turn:lanes":null,"cycleway":null,"footway":null,"crossing":null,"lit":null,"motor_vehicle:conditional":null,"motor_vehicle":null,"horse":null,"operator":null,"emergency":null,"bus":null,"psv":null,"oneway:bicycle":null,"sidewalk":null,"foot":null,"bicycle":null,"cycleway:right":null,"access":null,"maxspeed":null,"destination:street":null,"surface":null,"oneway":null,"name":null,"lanes":null,"alt_name":null,"longitud_m":9.0455365493035149,"id_segmento":267,"id_nodo":123,"fin_id_nodo":119},"geometry":{"type":"MultiLineString","coordinates":[[[1060684.565520806936547,865150.341013818513602],[1060684.49873211956583,865141.294283765018918]]]}},
{"type":"Feature","properties":{"fid":268,"full_id":"w631902505","osm_id":"631902505","osm_type":"way","highway":"footway","ford":null,"width":null,"covered":null,"tunnel":null,"layer":null,"bridge":null,"disused:highway":null,"service":null,"noname":null,"motorroad":null,"smoothness":null,"motorcycle":null,"busway:right":null,"tactile_paving":null,"turn:lanes":null,"cycleway":null,"footway":null,"crossing":null,"lit":null,"motor_vehicle:conditional":null,"motor_vehicle":null,"horse":null,"operator":null,"emergency":null,"bus":null,"psv":null,"oneway:bicycle":null,"sidewalk":null,"foot":null,"bicycle":null,"cycleway:right":null,"access":null,"maxspeed":null,"destination:street":null,"surface":null,"oneway":null,"name":null,"lanes":null,"alt_name":null,"longitud_m":29.315976293309308,"id_segmento":268,"id_nodo":119,"fin_id_nodo":132},"geometry":{"type":"MultiLineString","coordinates":[[[1060684.49873211956583,865141.294283765018918],[1060713.818768802797422,865141.116998589830473]]]}},
{"type":"Feature","properties":{"fid":269,"full_id":"w631902506","osm_id":"631902506","osm_type":"way","highway":"footway","ford":null,"width":null,"covered":null,"tunnel":null,"layer":null,"bridge":null,"disused:highway":null,"service":null,"noname":null,"motorroad":null,"smoothness":null,"motorcycle":null,"busway:right":null,"tactile_paving":null,"turn:lanes":null,"cycleway":null,"footway":null,"crossing":null,"lit":null,"motor_vehicle:conditional":null,"motor_vehicle":null,"horse":null,"operator":null,"emergency":null,"bus":null,"psv":null,"oneway:bicycle":null,"sidewalk":null,"foot":null,"bicycle":null,"cycleway:right":null,"access":null,"maxspeed":null,"destination:street":null,"surface":null,"oneway":null,"name":null,"lanes":null,"alt_name":null,"longitud_m":31.879224198505945,"id_segmento":269,"id_nodo":134,"fin_id_nodo":126},"geometry":{"type":"MultiLineString","coordinates":[[[1060665.981370821362361,865087.666627522208728],[1060666.804207438137382,865119.540307706804015]]]}},
{"type":"Feature","properties":{"fid":270,"full_id":"w631902506","osm_id":"631902506","osm_type":"way","highway":"footway","ford":null,"width":null,"covered":null,"tunnel":null,"layer":null,"bridge":null,"disused:highway":null,"service":null,"noname":null,"motorroad":null,"smoothness":null,"motorcycle":null,"busway:right":null,"tactile_paving":null,"turn:lanes":null,"cycleway":null,"footway":null,"crossing":null,"lit":null,"motor_vehicle:conditional":null,"motor_vehicle":null,"horse":null,"operator":null,"emergency":null,"bus":null,"psv":null,"oneway:bicycle":null,"sidewalk":null,"foot":null,"bicycle":null,"cycleway:right":null,"access":null,"maxspeed":null,"destination:street":null,"surface":null,"oneway":null,"name":null,"lanes":null,"alt_name":null,"longitud_m":31.547313831228642,"id_segmento":270,"id_nodo":126,"fin_id_nodo":129},"geometry":{"type":"MultiLineString","coordinates":[[[1060666.804207438137382,865119.540307706804015],[1060667.615925326012075,865151.082200833130628]]]}},
{"type":"Feature","properties":{"fid":271,"full_id":"w631904684","osm_id":"631904684","osm_type":"way","highway":"pedestrian","ford":null,"width":null,"covered":null,"tunnel":null,"layer":null,"bridge":null,"disused:highway":null,"service":null,"noname":null,"motorroad":null,"smoothness":null,"motorcycle":null,"busway:right":null,"tactile_paving":null,"turn:lanes":null,"cycleway":null,"footway":null,"crossing":null,"lit":null,"motor_vehicle:conditional":null,"motor_vehicle":null,"horse":null,"operator":null,"emergency":null,"bus":null,"psv":null,"oneway:bicycle":null,"sidewalk":null,"foot":"yes","bicycle":null,"cycleway:right":null,"access":null,"maxspeed":null,"destination:street":null,"surface":null,"oneway":null,"name":null,"lanes":null,"alt_name":null,"longitud_m":48.101613246688338,"id_segmento":271,"id_nodo":278,"fin_id_nodo":121},"geometry":{"type":"MultiLineString","coordinates":[[[1060584.167345214169472,865072.4606980367098],[1060584.279075684724376,865120.569839759264141]]]}},
{"type":"Feature","properties":{"fid":272,"full_id":"w631904687","osm_id":"631904687","osm_type":"way","highway":"footway","ford":null,"width":null,"covered":null,"tunnel":null,"layer":null,"bridge":null,"disused:highway":null,"service":null,"noname":null,"motorroad":null,"smoothness":null,"motorcycle":null,"busway:right":null,"tactile_paving":null,"turn:lanes":null,"cycleway":null,"footway":null,"crossing":null,"lit":null,"motor_vehicle:conditional":null,"motor_vehicle":null,"horse":null,"operator":null,"emergency":null,"bus":null,"psv":null,"oneway:bicycle":null,"sidewalk":null,"foot":null,"bicycle":null,"cycleway:right":null,"access":null,"maxspeed":null,"destination:street":null,"surface":null,"oneway":null,"name":null,"lanes":null,"alt_name":null,"longitud_m":64.874364433032326,"id_segmento":272,"id_nodo":300,"fin_id_nodo":108},"geometry":{"type":"MultiLineString","coordinates":[[[1060546.732533928006887,864979.18472935562022],[1060514.377901112195104,864956.667856265325099],[1060513.788505577249452,864931.20872662588954]]]}},
{"type":"Feature","properties":{"fid":273,"full_id":"w631904688","osm_id":"631904688","osm_type":"way","highway":"footway","ford":null,"width":null,"covered":null,"tunnel":null,"layer":null,"bridge":null,"disused:highway":null,"service":null,"noname":null,"motorroad":null,"smoothness":null,"motorcycle":null,"busway:right":null,"tactile_paving":null,"turn:lanes":null,"cycleway":null,"footway":null,"crossing":null,"lit":null,"motor_vehicle:conditional":null,"motor_vehicle":null,"horse":null,"operator":null,"emergency":null,"bus":null,"psv":null,"oneway:bicycle":null,"sidewalk":null,"foot":null,"bicycle":null,"cycleway:right":null,"access":null,"maxspeed":null,"destination:street":null,"surface":null,"oneway":null,"name":null,"lanes":null,"alt_name":null,"longitud_m":58.585754409104865,"id_segmento":273,"id_nodo":165,"fin_id_nodo":106},"geometry":{"type":"MultiLineString","coordinates":[[[1060489.357660029549152,864843.982195515418425],[1060488.146941230399534,864902.564770488650538]]]}},
{"type":"Feature","properties":{"fid":274,"full_id":"w631904689","osm_id":"631904689","osm_type":"way","highway":"footway","ford":null,"width":null,"covered":null,"tunnel":null,"layer":null,"bridge":null,"disused:highway":null,"service":null,"noname":null,"motorroad":null,"smoothness":null,"motorcycle":null,"busway:right":null,"tactile_paving":null,"turn:lanes":null,"cycleway":null,"footway":null,"crossing":null,"lit":null,"motor_vehicle:conditional":null,"motor_vehicle":null,"horse":null,"operator":null,"emergency":null,"bus":null,"psv":null,"oneway:bicycle":null,"sidewalk":null,"foot":null,"bicycle":null,"cycleway:right":null,"access":null,"maxspeed":null,"destination:street":null,"surface":null,"oneway":null,"name":null,"lanes":null,"alt_name":null,"longitud_m":87.671231968793094,"id_segmento":274,"id_nodo":105,"fin_id_nodo":90},"geometry":{"type":"MultiLineString","coordinates":[[[1060385.738377630943432,864947.014607692137361],[1060385.449087738757953,864924.696393249789253],[1060389.916813635732979,864902.477647124207579],[1060398.119060127297416,864883.090098954504356],[1060401.097454871283844,864861.645544520812109]]]}},
{"type":"Feature","properties":{"fid":275,"full_id":"w631904690","osm_id":"631904690","osm_type":"way","highway":"footway","ford":null,"width":null,"covered":null,"tunnel":null,"layer":null,"bridge":null,"disused:highway":null,"service":null,"noname":null,"motorroad":null,"smoothness":null,"motorcycle":null,"busway:right":null,"tactile_paving":null,"turn:lanes":null,"cycleway":null,"footway":null,"crossing":null,"lit":null,"motor_vehicle:conditional":null,"motor_vehicle":null,"horse":null,"operator":null,"emergency":null,"bus":null,"psv":null,"oneway:bicycle":null,"sidewalk":null,"foot":null,"bicycle":null,"cycleway:right":null,"access":null,"maxspeed":null,"destination:street":null,"surface":null,"oneway":null,"name":null,"lanes":null,"alt_name":null,"longitud_m":51.14473022663519,"id_segmento":275,"id_nodo":105,"fin_id_nodo":101},"geometry":{"type":"MultiLineString","coordinates":[[[1060385.738377630943432,864947.014607692137361],[1060403.932841737521812,864947.202362206415273],[1060409.001154450932518,864954.003928303252906],[1060408.256819383241236,864978.467714530765079]]]}},
{"type":"Feature","properties":{"fid":276,"full_id":"w631906542","osm_id":"631906542","osm_type":"way","highway":"footway","ford":null,"width":null,"covered":null,"tunnel":null,"layer":null,"bridge":null,"disused:highway":null,"service":null,"noname":null,"motorroad":null,"smoothness":null,"motorcycle":null,"busway:right":null,"tactile_paving":null,"turn:lanes":null,"cycleway":null,"footway":null,"crossing":null,"lit":null,"motor_vehicle:conditional":null,"motor_vehicle":null,"horse":null,"operator":null,"emergency":null,"bus":null,"psv":null,"oneway:bicycle":null,"sidewalk":null,"foot":null,"bicycle":null,"cycleway:right":null,"access":null,"maxspeed":null,"destination:street":null,"surface":null,"oneway":null,"name":null,"lanes":null,"alt_name":null,"longitud_m":168.39198004399995,"id_segmento":276,"id_nodo":176,"fin_id_nodo":116},"geometry":{"type":"MultiLineString","coordinates":[[[1060481.229389340151101,864572.989583575865254],[1060481.140256245620549,864556.455522940959781],[1060462.3565671981778,864549.64307886431925],[1060330.46011079242453,864548.306740529020317]]]}},
{"type":"Feature","properties":{"fid":277,"full_id":"w631906544","osm_id":"631906544","osm_type":"way","highway":"footway","ford":null,"width":null,"covered":null,"tunnel":null,"layer":null,"bridge":null,"disused:highway":null,"service":null,"noname":null,"motorroad":null,"smoothness":null,"motorcycle":null,"busway:right":null,"tactile_paving":null,"turn:lanes":null,"cycleway":null,"footway":null,"crossing":null,"lit":null,"motor_vehicle:conditional":null,"motor_vehicle":null,"horse":null,"operator":null,"emergency":null,"bus":null,"psv":null,"oneway:bicycle":null,"sidewalk":null,"foot":null,"bicycle":null,"cycleway:right":null,"access":null,"maxspeed":null,"destination:street":null,"surface":null,"oneway":null,"name":null,"lanes":null,"alt_name":null,"longitud_m":89.105268054191114,"id_segmento":277,"id_nodo":118,"fin_id_nodo":286},"geometry":{"type":"MultiLineString","coordinates":[[[1060183.760393013246357,864630.935083930729888],[1060161.553288835799322,864616.126677208929323],[1060099.133963284781203,864615.110238035209477]]]}},
{"type":"Feature","properties":{"fid":278,"full_id":"w631906545","osm_id":"631906545","osm_type":"way","highway":"footway","ford":null,"width":null,"covered":null,"tunnel":null,"layer":null,"bridge":null,"disused:highway":null,"service":null,"noname":null,"motorroad":null,"smoothness":null,"motorcycle":null,"busway:right":null,"tactile_paving":null,"turn:lanes":null,"cycleway":null,"footway":null,"crossing":null,"lit":null,"motor_vehicle:conditional":null,"motor_vehicle":null,"horse":null,"operator":null,"emergency":null,"bus":null,"psv":null,"oneway:bicycle":null,"sidewalk":null,"foot":null,"bicycle":null,"cycleway:right":null,"access":null,"maxspeed":null,"destination:street":null,"surface":null,"oneway":null,"name":null,"lanes":null,"alt_name":null,"longitud_m":8.6258091224811313,"id_segmento":278,"id_nodo":115,"fin_id_nodo":93},"geometry":{"type":"MultiLineString","coordinates":[[[1060226.297362708486617,864734.120221383636817],[1060226.408374684397131,864725.493752591544762]]]}},
{"type":"Feature","properties":{"fid":279,"full_id":"w631906547","osm_id":"631906547","osm_type":"way","highway":"footway","ford":null,"width":null,"covered":null,"tunnel":null,"layer":null,"bridge":null,"disused:highway":null,"service":null,"noname":null,"motorroad":null,"smoothness":null,"motorcycle":null,"busway:right":null,"tactile_paving":null,"turn:lanes":null,"cycleway":null,"footway":null,"crossing":null,"lit":null,"motor_vehicle:conditional":null,"motor_vehicle":null,"horse":null,"operator":null,"emergency":null,"bus":null,"psv":null,"oneway:bicycle":null,"sidewalk":null,"foot":null,"bicycle":"yes","cycleway:right":null,"access":null,"maxspeed":null,"destination:street":null,"surface":null,"oneway":null,"name":null,"lanes":null,"alt_name":null,"longitud_m":74.472513439185832,"id_segmento":279,"id_nodo":113,"fin_id_nodo":110},"geometry":{"type":"MultiLineString","coordinates":[[[1060158.276678749127313,864751.728157099802047],[1060157.831671132938936,864725.251546339364722],[1060205.835358735639602,864725.106994183501229]]]}},
{"type":"Feature","properties":{"fid":280,"full_id":"w631906547","osm_id":"631906547","osm_type":"way","highway":"footway","ford":null,"width":null,"covered":null,"tunnel":null,"layer":null,"bridge":null,"disused:highway":null,"service":null,"noname":null,"motorroad":null,"smoothness":null,"motorcycle":null,"busway:right":null,"tactile_paving":null,"turn:lanes":null,"cycleway":null,"footway":null,"crossing":null,"lit":null,"motor_vehicle:conditional":null,"motor_vehicle":null,"horse":null,"operator":null,"emergency":null,"bus":null,"psv":null,"oneway:bicycle":null,"sidewalk":null,"foot":null,"bicycle":"yes","cycleway:right":null,"access":null,"maxspeed":null,"destination:street":null,"surface":null,"oneway":null,"name":null,"lanes":null,"alt_name":null,"longitud_m":20.573425506296267,"id_segmento":280,"id_nodo":110,"fin_id_nodo":93},"geometry":{"type":"MultiLineString","coordinates":[[[1060205.835358735639602,864725.106994183501229],[1060226.408374684397131,864725.493752591544762]]]}},
{"type":"Feature","properties":{"fid":281,"full_id":"w631906547","osm_id":"631906547","osm_type":"way","highway":"footway","ford":null,"width":null,"covered":null,"tunnel":null,"layer":null,"bridge":null,"disused:highway":null,"service":null,"noname":null,"motorroad":null,"smoothness":null,"motorcycle":null,"busway:right":null,"tactile_paving":null,"turn:lanes":null,"cycleway":null,"footway":null,"crossing":null,"lit":null,"motor_vehicle:conditional":null,"motor_vehicle":null,"horse":null,"operator":null,"emergency":null,"bus":null,"psv":null,"oneway:bicycle":null,"sidewalk":null,"foot":null,"bicycle":"yes","cycleway:right":null,"access":null,"maxspeed":null,"destination:street":null,"surface":null,"oneway":null,"name":null,"lanes":null,"alt_name":null,"longitud_m":19.517277152123487,"id_segmento":281,"id_nodo":93,"fin_id_nodo":89},"geometry":{"type":"MultiLineString","coordinates":[[[1060226.408374684397131,864725.493752591544762],[1060245.925508871674538,864725.847352733486332]]]}},
{"type":"Feature","properties":{"fid":282,"full_id":"w692850385","osm_id":"692850385","osm_type":"way","highway":"service","ford":null,"width":null,"covered":null,"tunnel":null,"layer":null,"bridge":null,"disused:highway":null,"service":null,"noname":null,"motorroad":null,"smoothness":null,"motorcycle":null,"busway:right":null,"tactile_paving":null,"turn:lanes":null,"cycleway":null,"footway":null,"crossing":null,"lit":null,"motor_vehicle:conditional":null,"motor_vehicle":null,"horse":null,"operator":null,"emergency":null,"bus":null,"psv":null,"oneway:bicycle":null,"sidewalk":null,"foot":null,"bicycle":null,"cycleway:right":null,"access":"destination","maxspeed":null,"destination:street":null,"surface":null,"oneway":"yes","name":null,"lanes":null,"alt_name":null,"longitud_m":6.6661039985435835,"id_segmento":282,"id_nodo":91,"fin_id_nodo":86},"geometry":{"type":"MultiLineString","coordinates":[[[1060334.326968514826149,864478.598193941405043],[1060332.359598589828238,864472.227908882196061]]]}},
{"type":"Feature","properties":{"fid":283,"full_id":"w692850386","osm_id":"692850386","osm_type":"way","highway":"service","ford":null,"width":null,"covered":null,"tunnel":null,"layer":null,"bridge":null,"disused:highway":null,"service":null,"noname":null,"motorroad":null,"smoothness":null,"motorcycle":null,"busway:right":null,"tactile_paving":null,"turn:lanes":null,"cycleway":null,"footway":null,"crossing":null,"lit":null,"motor_vehicle:conditional":null,"motor_vehicle":null,"horse":null,"operator":null,"emergency":null,"bus":null,"psv":null,"oneway:bicycle":null,"sidewalk":"both","foot":"yes","bicycle":null,"cycleway:right":null,"access":"destination","maxspeed":"20","destination:street":null,"surface":null,"oneway":"yes","name":null,"lanes":null,"alt_name":null,"longitud_m":39.411292791882097,"id_segmento":283,"id_nodo":88,"fin_id_nodo":84},"geometry":{"type":"MultiLineString","coordinates":[[[1060327.524894108762965,864481.241532557760365],[1060315.720700218807906,864445.154321120469831],[1060315.287211886141449,864443.771880956017412]]]}},
{"type":"Feature","properties":{"fid":284,"full_id":"w731982644","osm_id":"731982644","osm_type":"way","highway":"path","ford":null,"width":null,"covered":null,"tunnel":null,"layer":null,"bridge":null,"disused:highway":null,"service":null,"noname":null,"motorroad":null,"smoothness":null,"motorcycle":null,"busway:right":null,"tactile_paving":null,"turn:lanes":null,"cycleway":null,"footway":null,"crossing":null,"lit":null,"motor_vehicle:conditional":null,"motor_vehicle":null,"horse":null,"operator":null,"emergency":null,"bus":null,"psv":null,"oneway:bicycle":null,"sidewalk":null,"foot":null,"bicycle":null,"cycleway:right":null,"access":null,"maxspeed":null,"destination:street":null,"surface":null,"oneway":null,"name":null,"lanes":null,"alt_name":null,"longitud_m":284.24405527941195,"id_segmento":284,"id_nodo":197,"fin_id_nodo":99},"geometry":{"type":"MultiLineString","coordinates":[[[1060427.544040676672012,865238.610724114347249],[1060455.363931492203847,865263.604976772330701],[1060482.783628420205787,865284.042697945609689],[1060502.167424270184711,865294.991418078076094],[1060512.592950598336756,865306.24992661876604],[1060520.150896427687258,865314.124244078877382],[1060537.934230010723695,865327.572455110959709],[1060546.581481551751494,865342.668661722331308],[1060553.439322715625167,865359.545483017922379],[1060559.396860218141228,865374.055567484698258],[1060564.765340295853093,865389.461485124309547],[1060568.944497712887824,865398.939486759598367],[1060573.2237105560489,865410.529865775257349],[1060578.781088693067431,865422.330360921449028],[1060581.459797940449789,865432.394539129454643],[1060581.159830386517569,865442.469813979463652],[1060581.760145079577342,865453.418783912551589],[1060583.5496566882357,865460.231458730529994]]]}},
{"type":"Feature","properties":{"fid":285,"full_id":"w731982644","osm_id":"731982644","osm_type":"way","highway":"path","ford":null,"width":null,"covered":null,"tunnel":null,"layer":null,"bridge":null,"disused:highway":null,"service":null,"noname":null,"motorroad":null,"smoothness":null,"motorcycle":null,"busway:right":null,"tactile_paving":null,"turn:lanes":null,"cycleway":null,"footway":null,"crossing":null,"lit":null,"motor_vehicle:conditional":null,"motor_vehicle":null,"horse":null,"operator":null,"emergency":null,"bus":null,"psv":null,"oneway:bicycle":null,"sidewalk":null,"foot":null,"bicycle":null,"cycleway:right":null,"access":null,"maxspeed":null,"destination:street":null,"surface":null,"oneway":null,"name":null,"lanes":null,"alt_name":null,"longitud_m":15.393627209110557,"id_segmento":285,"id_nodo":99,"fin_id_nodo":210},"geometry":{"type":"MultiLineString","coordinates":[[[1060583.5496566882357,865460.231458730529994],[1060592.841495910892263,865472.507469965959899]]]}},
{"type":"Feature","properties":{"fid":286,"full_id":"w752008483","osm_id":"752008483","osm_type":"way","highway":"footway","ford":null,"width":null,"covered":null,"tunnel":null,"layer":null,"bridge":null,"disused:highway":null,"service":null,"noname":null,"motorroad":null,"smoothness":null,"motorcycle":null,"busway:right":null,"tactile_paving":null,"turn:lanes":null,"cycleway":null,"footway":null,"crossing":null,"lit":null,"motor_vehicle:conditional":null,"motor_vehicle":null,"horse":null,"operator":null,"emergency":null,"bus":null,"psv":null,"oneway:bicycle":null,"sidewalk":null,"foot":null,"bicycle":null,"cycleway:right":null,"access":null,"maxspeed":null,"destination:street":null,"surface":null,"oneway":null,"name":null,"lanes":null,"alt_name":null,"longitud_m":52.933148401262926,"id_segmento":286,"id_nodo":98,"fin_id_nodo":282},"geometry":{"type":"MultiLineString","coordinates":[[[1060501.396028304239735,864947.377985248342156],[1060478.755824559368193,864952.233438848052174],[1060480.845537912799045,864966.30118788278196],[1060487.103082289919257,864971.919367479509674],[1060489.070440780604258,864978.798395772930235]]]}},
{"type":"Feature","properties":{"fid":287,"full_id":"w752008484","osm_id":"752008484","osm_type":"way","highway":"footway","ford":null,"width":null,"covered":null,"tunnel":null,"layer":null,"bridge":null,"disused:highway":null,"service":null,"noname":null,"motorroad":null,"smoothness":null,"motorcycle":null,"busway:right":null,"tactile_paving":null,"turn:lanes":null,"cycleway":null,"footway":null,"crossing":null,"lit":null,"motor_vehicle:conditional":null,"motor_vehicle":null,"horse":null,"operator":null,"emergency":null,"bus":null,"psv":null,"oneway:bicycle":null,"sidewalk":null,"foot":null,"bicycle":null,"cycleway:right":null,"access":null,"maxspeed":null,"destination:street":null,"surface":"concrete","oneway":null,"name":null,"lanes":null,"alt_name":null,"longitud_m":164.00230351296693,"id_segmento":287,"id_nodo":315,"fin_id_nodo":146},"geometry":{"type":"MultiLineString","coordinates":[[[1060339.70068528293632,864852.024601431330666],[1060337.633330604992807,864848.352853588759899],[1060334.24335986119695,864845.554831582587212],[1060328.185843100538477,864838.653747556498274],[1060317.86021082662046,864822.429507316905074],[1060315.237034636782482,864812.354275362915359],[1060314.859053159831092,864806.382111522485502],[1060315.236801069229841,864796.406370915006846],[1060313.358242835616693,864782.592992165707983],[1060312.691294334596023,864777.372883629286662],[1060313.358069167938083,864770.748189347679727],[1060314.858469777507707,864766.556588695268147],[1060325.094853536225855,864759.555726398015395],[1060327.528863480780274,864754.523584506823681],[1060326.528463189490139,864748.186463942169212],[1060321.560207502683625,864744.194031871738844],[1060317.658921082038432,864738.432052408577874],[1060314.023993223439902,864706.060736157931387]]]}},
{"type":"Feature","properties":{"fid":288,"full_id":"w752008484","osm_id":"752008484","osm_type":"way","highway":"footway","ford":null,"width":null,"covered":null,"tunnel":null,"layer":null,"bridge":null,"disused:highway":null,"service":null,"noname":null,"motorroad":null,"smoothness":null,"motorcycle":null,"busway:right":null,"tactile_paving":null,"turn:lanes":null,"cycleway":null,"footway":null,"crossing":null,"lit":null,"motor_vehicle:conditional":null,"motor_vehicle":null,"horse":null,"operator":null,"emergency":null,"bus":null,"psv":null,"oneway:bicycle":null,"sidewalk":null,"foot":null,"bicycle":null,"cycleway:right":null,"access":null,"maxspeed":null,"destination:street":null,"surface":"concrete","oneway":null,"name":null,"lanes":null,"alt_name":null,"longitud_m":146.85895210410379,"id_segmento":288,"id_nodo":146,"fin_id_nodo":211},"geometry":{"type":"MultiLineString","coordinates":[[[1060314.023993223439902,864706.060736157931387],[1060313.512475389521569,864689.073239483172074],[1060312.567361919675022,864663.337626955588348],[1060308.665588465519249,864624.673417772864923],[1060317.301010195165873,864584.836706139380112],[1060325.458946474827826,864574.849790171138011],[1060329.993529226863757,864564.155115728615783]]]}},
{"type":"Feature","properties":{"fid":289,"full_id":"w783715699","osm_id":"783715699","osm_type":"way","highway":"footway","ford":null,"width":null,"covered":null,"tunnel":null,"layer":null,"bridge":null,"disused:highway":null,"service":null,"noname":null,"motorroad":null,"smoothness":null,"motorcycle":null,"busway:right":null,"tactile_paving":null,"turn:lanes":null,"cycleway":null,"footway":null,"crossing":null,"lit":null,"motor_vehicle:conditional":null,"motor_vehicle":null,"horse":null,"operator":null,"emergency":null,"bus":null,"psv":null,"oneway:bicycle":null,"sidewalk":null,"foot":null,"bicycle":null,"cycleway:right":null,"access":null,"maxspeed":null,"destination:street":null,"surface":null,"oneway":null,"name":null,"lanes":null,"alt_name":null,"longitud_m":59.268658230794145,"id_segmento":289,"id_nodo":213,"fin_id_nodo":209},"geometry":{"type":"MultiLineString","coordinates":[[[1060793.175398731371388,865056.455108352820389],[1060852.37121697049588,865053.335707417922094]]]}},
{"type":"Feature","properties":{"fid":290,"full_id":"w783715699","osm_id":"783715699","osm_type":"way","highway":"footway","ford":null,"width":null,"covered":null,"tunnel":null,"layer":null,"bridge":null,"disused:highway":null,"service":null,"noname":null,"motorroad":null,"smoothness":null,"motorcycle":null,"busway:right":null,"tactile_paving":null,"turn:lanes":null,"cycleway":null,"footway":null,"crossing":null,"lit":null,"motor_vehicle:conditional":null,"motor_vehicle":null,"horse":null,"operator":null,"emergency":null,"bus":null,"psv":null,"oneway:bicycle":null,"sidewalk":null,"foot":null,"bicycle":null,"cycleway:right":null,"access":null,"maxspeed":null,"destination:street":null,"surface":null,"oneway":null,"name":null,"lanes":null,"alt_name":null,"longitud_m":56.041114267391833,"id_segmento":290,"id_nodo":209,"fin_id_nodo":205},"geometry":{"type":"MultiLineString","coordinates":[[[1060852.37121697049588,865053.335707417922094],[1060908.343833894003183,865050.393322782940231]]]}},
{"type":"Feature","properties":{"fid":291,"full_id":"w800509491","osm_id":"800509491","osm_type":"way","highway":"path","ford":null,"width":null,"covered":null,"tunnel":null,"layer":null,"bridge":null,"disused:highway":null,"service":null,"noname":null,"motorroad":null,"smoothness":null,"motorcycle":null,"busway:right":null,"tactile_paving":null,"turn:lanes":null,"cycleway":null,"footway":null,"crossing":null,"lit":null,"motor_vehicle:conditional":null,"motor_vehicle":null,"horse":null,"operator":null,"emergency":null,"bus":null,"psv":null,"oneway:bicycle":null,"sidewalk":null,"foot":null,"bicycle":null,"cycleway:right":null,"access":null,"maxspeed":null,"destination:street":null,"surface":"ground","oneway":null,"name":null,"lanes":null,"alt_name":null,"longitud_m":12.349915998673474,"id_segmento":291,"id_nodo":207,"fin_id_nodo":144},"geometry":{"type":"MultiLineString","coordinates":[[[1060142.798776006791741,865037.695794807630591],[1060154.113263081992045,865032.740919180214405]]]}},
{"type":"Feature","properties":{"fid":292,"full_id":"w800509491","osm_id":"800509491","osm_type":"way","highway":"path","ford":null,"width":null,"covered":null,"tunnel":null,"layer":null,"bridge":null,"disused:highway":null,"service":null,"noname":null,"motorroad":null,"smoothness":null,"motorcycle":null,"busway:right":null,"tactile_paving":null,"turn:lanes":null,"cycleway":null,"footway":null,"crossing":null,"lit":null,"motor_vehicle:conditional":null,"motor_vehicle":null,"horse":null,"operator":null,"emergency":null,"bus":null,"psv":null,"oneway:bicycle":null,"sidewalk":null,"foot":null,"bicycle":null,"cycleway:right":null,"access":null,"maxspeed":null,"destination:street":null,"surface":"ground","oneway":null,"name":null,"lanes":null,"alt_name":null,"longitud_m":159.22120144512974,"id_segmento":292,"id_nodo":144,"fin_id_nodo":222},"geometry":{"type":"MultiLineString","coordinates":[[[1060154.113263081992045,865032.740919180214405],[1060174.530444353120402,865022.267169278929941],[1060207.029097510036081,865011.605217015254311],[1060232.959159561665729,865005.986543103703298],[1060267.547534443903714,865007.45692827750463],[1060305.959486757405102,865021.634716715780087]]]}},
{"type":"Feature","properties":{"fid":293,"full_id":"w800520144","osm_id":"800520144","osm_type":"way","highway":"service","ford":null,"width":null,"covered":null,"tunnel":null,"layer":null,"bridge":null,"disused:highway":null,"service":null,"noname":null,"motorroad":null,"smoothness":null,"motorcycle":null,"busway:right":null,"tactile_paving":null,"turn:lanes":null,"cycleway":null,"footway":null,"crossing":null,"lit":null,"motor_vehicle:conditional":null,"motor_vehicle":null,"horse":null,"operator":null,"emergency":null,"bus":null,"psv":null,"oneway:bicycle":null,"sidewalk":null,"foot":null,"bicycle":null,"cycleway:right":null,"access":"destination","maxspeed":null,"destination:street":null,"surface":null,"oneway":null,"name":null,"lanes":null,"alt_name":null,"longitud_m":174.07275057866264,"id_segmento":293,"id_nodo":224,"fin_id_nodo":220},"geometry":{"type":"MultiLineString","coordinates":[[[1060713.985292952973396,865123.49909673363436],[1060794.787692120531574,865123.984845059807412],[1060798.688871020218357,865123.044740758021362],[1060801.823143386282027,865121.485308443545364],[1060805.624267444480211,865118.123158917878754],[1060808.513984700199217,865112.958308485220186],[1060817.271890321746469,865081.10664809634909],[1060820.039354576729238,865076.439480016706511],[1060823.78490013233386,865072.258923296467401],[1060828.052837147610262,865069.040544288814999],[1060834.343617246951908,865066.153932300047018],[1060841.490230028051883,865064.859890668885782],[1060852.660299710230902,865064.240443667164072]]]}},
{"type":"Feature","properties":{"fid":294,"full_id":"w800520144","osm_id":"800520144","osm_type":"way","highway":"service","ford":null,"width":null,"covered":null,"tunnel":null,"layer":null,"bridge":null,"disused:highway":null,"service":null,"noname":null,"motorroad":null,"smoothness":null,"motorcycle":null,"busway:right":null,"tactile_paving":null,"turn:lanes":null,"cycleway":null,"footway":null,"crossing":null,"lit":null,"motor_vehicle:conditional":null,"motor_vehicle":null,"horse":null,"operator":null,"emergency":null,"bus":null,"psv":null,"oneway:bicycle":null,"sidewalk":null,"foot":null,"bicycle":null,"cycleway:right":null,"access":"destination","maxspeed":null,"destination:street":null,"surface":null,"oneway":null,"name":null,"lanes":null,"alt_name":null,"longitud_m":51.735806244676603,"id_segmento":294,"id_nodo":220,"fin_id_nodo":216},"geometry":{"type":"MultiLineString","coordinates":[[[1060852.660299710230902,865064.240443667164072],[1060904.342716504121199,865061.718363157357089]]]}},
{"type":"Feature","properties":{"fid":295,"full_id":"w800520146","osm_id":"800520146","osm_type":"way","highway":"path","ford":null,"width":null,"covered":null,"tunnel":null,"layer":null,"bridge":null,"disused:highway":null,"service":null,"noname":null,"motorroad":null,"smoothness":null,"motorcycle":null,"busway:right":null,"tactile_paving":null,"turn:lanes":null,"cycleway":null,"footway":null,"crossing":null,"lit":null,"motor_vehicle:conditional":null,"motor_vehicle":null,"horse":null,"operator":null,"emergency":null,"bus":null,"psv":null,"oneway:bicycle":null,"sidewalk":null,"foot":null,"bicycle":null,"cycleway:right":null,"access":null,"maxspeed":null,"destination:street":null,"surface":"ground","oneway":null,"name":null,"lanes":null,"alt_name":null,"longitud_m":38.812929805474781,"id_segmento":295,"id_nodo":218,"fin_id_nodo":214},"geometry":{"type":"MultiLineString","coordinates":[[[1060304.517786521930248,865237.506546289310791],[1060304.496130630373955,865276.325648295809515]]]}},
{"type":"Feature","properties":{"fid":296,"full_id":"w800520148","osm_id":"800520148","osm_type":"way","highway":"service","ford":null,"width":null,"covered":null,"tunnel":null,"layer":null,"bridge":null,"disused:highway":null,"service":null,"noname":null,"motorroad":null,"smoothness":null,"motorcycle":null,"busway:right":null,"tactile_paving":null,"turn:lanes":null,"cycleway":null,"footway":null,"crossing":null,"lit":null,"motor_vehicle:conditional":null,"motor_vehicle":null,"horse":null,"operator":null,"emergency":null,"bus":null,"psv":null,"oneway:bicycle":null,"sidewalk":null,"foot":null,"bicycle":null,"cycleway:right":null,"access":"destination","maxspeed":null,"destination:street":null,"surface":"ground","oneway":null,"name":null,"lanes":null,"alt_name":null,"longitud_m":40.117852985694896,"id_segmento":296,"id_nodo":184,"fin_id_nodo":173},"geometry":{"type":"MultiLineString","coordinates":[[[1060153.428663030732423,865311.220981826307252],[1060113.305402425117791,865311.487079950631596]]]}},
{"type":"Feature","properties":{"fid":297,"full_id":"w800520148","osm_id":"800520148","osm_type":"way","highway":"service","ford":null,"width":null,"covered":null,"tunnel":null,"layer":null,"bridge":null,"disused:highway":null,"service":null,"noname":null,"motorroad":null,"smoothness":null,"motorcycle":null,"busway:right":null,"tactile_paving":null,"turn:lanes":null,"cycleway":null,"footway":null,"crossing":null,"lit":null,"motor_vehicle:conditional":null,"motor_vehicle":null,"horse":null,"operator":null,"emergency":null,"bus":null,"psv":null,"oneway:bicycle":null,"sidewalk":null,"foot":null,"bicycle":null,"cycleway:right":null,"access":"destination","maxspeed":null,"destination:street":null,"surface":"ground","oneway":null,"name":null,"lanes":null,"alt_name":null,"longitud_m":57.723578725351821,"id_segmento":297,"id_nodo":173,"fin_id_nodo":191},"geometry":{"type":"MultiLineString","coordinates":[[[1060113.305402425117791,865311.487079950631596],[1060062.556708966847509,865312.206819310318679],[1060058.944519341457635,865313.124826524523087],[1060056.188158325618133,865314.850167817668989]]]}},
{"type":"Feature","properties":{"fid":298,"full_id":"w800520149","osm_id":"800520149","osm_type":"way","highway":"service","ford":null,"width":null,"covered":null,"tunnel":null,"layer":null,"bridge":null,"disused:highway":null,"service":null,"noname":null,"motorroad":null,"smoothness":null,"motorcycle":null,"busway:right":null,"tactile_paving":null,"turn:lanes":null,"cycleway":null,"footway":null,"crossing":null,"lit":null,"motor_vehicle:conditional":null,"motor_vehicle":null,"horse":null,"operator":null,"emergency":null,"bus":null,"psv":null,"oneway:bicycle":null,"sidewalk":null,"foot":null,"bicycle":null,"cycleway:right":null,"access":"destination","maxspeed":null,"destination:street":null,"surface":"ground","oneway":null,"name":null,"lanes":null,"alt_name":null,"longitud_m":60.999384711703179,"id_segmento":298,"id_nodo":186,"fin_id_nodo":193},"geometry":{"type":"MultiLineString","coordinates":[[[1060052.309880825690925,865354.332911382778548],[1060113.31721802521497,865353.889483125763945]]]}},
{"type":"Feature","properties":{"fid":299,"full_id":"w800520149","osm_id":"800520149","osm_type":"way","highway":"service","ford":null,"width":null,"covered":null,"tunnel":null,"layer":null,"bridge":null,"disused:highway":null,"service":null,"noname":null,"motorroad":null,"smoothness":null,"motorcycle":null,"busway:right":null,"tactile_paving":null,"turn:lanes":null,"cycleway":null,"footway":null,"crossing":null,"lit":null,"motor_vehicle:conditional":null,"motor_vehicle":null,"horse":null,"operator":null,"emergency":null,"bus":null,"psv":null,"oneway:bicycle":null,"sidewalk":null,"foot":null,"bicycle":null,"cycleway:right":null,"access":"destination","maxspeed":null,"destination:street":null,"surface":"ground","oneway":null,"name":null,"lanes":null,"alt_name":null,"longitud_m":61.298663816759522,"id_segmento":299,"id_nodo":193,"fin_id_nodo":259},"geometry":{"type":"MultiLineString","coordinates":[[[1060113.31721802521497,865353.889483125763945],[1060174.624648449243978,865353.567740381346084]]]}},
{"type":"Feature","properties":{"fid":300,"full_id":"w800520151","osm_id":"800520151","osm_type":"way","highway":"service","ford":null,"width":null,"covered":null,"tunnel":null,"layer":null,"bridge":null,"disused:highway":null,"service":null,"noname":null,"motorroad":null,"smoothness":null,"motorcycle":null,"busway:right":null,"tactile_paving":null,"turn:lanes":null,"cycleway":null,"footway":null,"crossing":null,"lit":null,"motor_vehicle:conditional":null,"motor_vehicle":null,"horse":null,"operator":null,"emergency":null,"bus":null,"psv":null,"oneway:bicycle":null,"sidewalk":null,"foot":null,"bicycle":null,"cycleway:right":null,"access":"destination","maxspeed":null,"destination:street":null,"surface":"ground","oneway":null,"name":null,"lanes":null,"alt_name":null,"longitud_m":56.957961729751126,"id_segmento":300,"id_nodo":182,"fin_id_nodo":189},"geometry":{"type":"MultiLineString","coordinates":[[[1060056.711908159311861,865395.120540478965268],[1060059.279368259012699,865396.160095760016702],[1060063.313930883305147,865396.768302333191969],[1060113.429065013304353,865396.358242054469883]]]}},
{"type":"Feature","properties":{"fid":301,"full_id":"w800520151","osm_id":"800520151","osm_type":"way","highway":"service","ford":null,"width":null,"covered":null,"tunnel":null,"layer":null,"bridge":null,"disused:highway":null,"service":null,"noname":null,"motorroad":null,"smoothness":null,"motorcycle":null,"busway:right":null,"tactile_paving":null,"turn:lanes":null,"cycleway":null,"footway":null,"crossing":null,"lit":null,"motor_vehicle:conditional":null,"motor_vehicle":null,"horse":null,"operator":null,"emergency":null,"bus":null,"psv":null,"oneway:bicycle":null,"sidewalk":null,"foot":null,"bicycle":null,"cycleway:right":null,"access":"destination","maxspeed":null,"destination:street":null,"surface":"ground","oneway":null,"name":null,"lanes":null,"alt_name":null,"longitud_m":37.438802609203712,"id_segmento":301,"id_nodo":189,"fin_id_nodo":256},"geometry":{"type":"MultiLineString","coordinates":[[[1060113.429065013304353,865396.358242054469883],[1060150.873710632091388,865396.313379583647475]]]}},
{"type":"Feature","properties":{"fid":302,"full_id":"w800520152","osm_id":"800520152","osm_type":"way","highway":"footway","ford":null,"width":null,"covered":null,"tunnel":null,"layer":null,"bridge":null,"disused:highway":null,"service":null,"noname":null,"motorroad":null,"smoothness":null,"motorcycle":null,"busway:right":null,"tactile_paving":null,"turn:lanes":null,"cycleway":null,"footway":null,"crossing":null,"lit":null,"motor_vehicle:conditional":null,"motor_vehicle":null,"horse":null,"operator":null,"emergency":null,"bus":null,"psv":null,"oneway:bicycle":null,"sidewalk":null,"foot":null,"bicycle":null,"cycleway:right":null,"access":null,"maxspeed":null,"destination:street":null,"surface":"ground","oneway":null,"name":null,"lanes":null,"alt_name":null,"longitud_m":29.25599068756085,"id_segmento":302,"id_nodo":201,"fin_id_nodo":198},"geometry":{"type":"MultiLineString","coordinates":[[[1060126.807498842710629,865189.94214465841651],[1060118.494073900161311,865202.915163262281567],[1060116.882547251880169,865207.416436608415097],[1060115.771180550334975,865212.393263207748532],[1060115.33778070891276,865216.341538106906228]]]}},
{"type":"Feature","properties":{"fid":303,"full_id":"w800522569","osm_id":"800522569","osm_type":"way","highway":"path","ford":null,"width":null,"covered":null,"tunnel":null,"layer":null,"bridge":null,"disused:highway":null,"service":null,"noname":null,"motorroad":null,"smoothness":null,"motorcycle":null,"busway:right":null,"tactile_paving":null,"turn:lanes":null,"cycleway":null,"footway":null,"crossing":null,"lit":null,"motor_vehicle:conditional":null,"motor_vehicle":null,"horse":null,"operator":null,"emergency":null,"bus":null,"psv":null,"oneway:bicycle":null,"sidewalk":null,"foot":null,"bicycle":null,"cycleway:right":null,"access":null,"maxspeed":null,"destination:street":null,"surface":null,"oneway":null,"name":null,"lanes":null,"alt_name":null,"longitud_m":214.05995345850488,"id_segmento":303,"id_nodo":179,"fin_id_nodo":177},"geometry":{"type":"MultiLineString","coordinates":[[[1060564.17740485817194,865480.957341019180603],[1060556.719458348816261,865469.4112408766523],[1060548.972541549941525,865458.451302315224893],[1060538.836024751188233,865448.387220386764966],[1060526.60999414511025,865438.909323842148297],[1060508.726786108920351,865436.244199819047935],[1060504.247606993885711,865432.395527226966806],[1060493.5221749804914,865434.474868676508777],[1060486.66456155362539,865435.359725696034729],[1060480.996153277577832,865432.993052740464918],[1060474.13851256063208,865431.809770395280793],[1060467.280891203554347,865432.097411719267257],[1060461.923754359595478,865434.762841351679526],[1060454.465983925387263,865437.428299866616726],[1060448.797638793708757,865439.806185503141023],[1060442.840301726246253,865440.989641515072435],[1060438.372319025918841,865443.356451649218798],[1060432.704010614892468,865448.388635696144775],[1060425.546368738170713,865453.719449216267094],[1060418.688854611478746,865461.715616150991991],[1060413.920843991218135,865468.528379903989844],[1060409.752986178500578,865473.261935688089579],[1060407.663549381541088,865479.189896266208962],[1060405.274018265074119,865484.819252640474588],[1060401.706330001587048,865488.668034433154389],[1060399.183405919466168,865492.859648322570138]]]}},
{"type":"Feature","properties":{"fid":304,"full_id":"w800522570","osm_id":"800522570","osm_type":"way","highway":"path","ford":null,"width":null,"covered":null,"tunnel":null,"layer":null,"bridge":null,"disused:highway":null,"service":null,"noname":null,"motorroad":null,"smoothness":null,"motorcycle":null,"busway:right":null,"tactile_paving":null,"turn:lanes":null,"cycleway":null,"footway":null,"crossing":null,"lit":null,"motor_vehicle:conditional":null,"motor_vehicle":null,"horse":null,"operator":null,"emergency":null,"bus":null,"psv":null,"oneway:bicycle":null,"sidewalk":null,"foot":null,"bicycle":null,"cycleway:right":null,"access":null,"maxspeed":null,"destination:street":null,"surface":null,"oneway":null,"name":null,"lanes":null,"alt_name":null,"longitud_m":34.007064038320003,"id_segmento":304,"id_nodo":99,"fin_id_nodo":179},"geometry":{"type":"MultiLineString","coordinates":[[[1060583.5496566882357,865460.231458730529994],[1060583.849880726542324,865471.191491974284872],[1060577.292435461655259,865478.291819507488981],[1060564.17740485817194,865480.957341019180603]]]}},
{"type":"Feature","properties":{"fid":305,"full_id":"w800522570","osm_id":"800522570","osm_type":"way","highway":"path","ford":null,"width":null,"covered":null,"tunnel":null,"layer":null,"bridge":null,"disused:highway":null,"service":null,"noname":null,"motorroad":null,"smoothness":null,"motorcycle":null,"busway:right":null,"tactile_paving":null,"turn:lanes":null,"cycleway":null,"footway":null,"crossing":null,"lit":null,"motor_vehicle:conditional":null,"motor_vehicle":null,"horse":null,"operator":null,"emergency":null,"bus":null,"psv":null,"oneway:bicycle":null,"sidewalk":null,"foot":null,"bicycle":null,"cycleway:right":null,"access":null,"maxspeed":null,"destination:street":null,"surface":null,"oneway":null,"name":null,"lanes":null,"alt_name":null,"longitud_m":166.10937073855149,"id_segmento":305,"id_nodo":179,"fin_id_nodo":177},"geometry":{"type":"MultiLineString","coordinates":[[[1060564.17740485817194,865480.957341019180603],[1060530.189422615338117,865483.921740180114284],[1060496.501517275115475,865485.702771935844794],[1060470.560442397603765,865491.332441139617004],[1060450.58778677158989,865493.400852401857264],[1060432.104457376757637,865494.584480950026773],[1060413.921210711589083,865495.18195113807451],[1060403.195729045430198,865493.102902226033621],[1060399.183405919466168,865492.859648322570138]]]}},
{"type":"Feature","properties":{"fid":306,"full_id":"w800522570","osm_id":"800522570","osm_type":"way","highway":"path","ford":null,"width":null,"covered":null,"tunnel":null,"layer":null,"bridge":null,"disused:highway":null,"service":null,"noname":null,"motorroad":null,"smoothness":null,"motorcycle":null,"busway:right":null,"tactile_paving":null,"turn:lanes":null,"cycleway":null,"footway":null,"crossing":null,"lit":null,"motor_vehicle:conditional":null,"motor_vehicle":null,"horse":null,"operator":null,"emergency":null,"bus":null,"psv":null,"oneway:bicycle":null,"sidewalk":null,"foot":null,"bicycle":null,"cycleway:right":null,"access":null,"maxspeed":null,"destination:street":null,"surface":null,"oneway":null,"name":null,"lanes":null,"alt_name":null,"longitud_m":254.57055101176871,"id_segmento":306,"id_nodo":177,"fin_id_nodo":175},"geometry":{"type":"MultiLineString","coordinates":[[[1060399.183405919466168,865492.859648322570138],[1060393.64840048016049,865492.516880029812455],[1060382.622844379860908,865491.621211785473861],[1060374.876007698941976,865487.47398298594635],[1060361.749830785905942,865487.474172564456239],[1060319.125934306532145,865491.334590395796113],[1060271.12261573667638,865493.403456996195018],[1060242.213912211358547,865493.702513422234915],[1060212.404965309426188,865495.771123749553226],[1060180.795496263774112,865499.034205524949357],[1060162.61227059434168,865500.804033547523431],[1060146.229573194868863,865501.678009473951533]]]}},
{"type":"Feature","properties":{"fid":307,"full_id":"w800522570","osm_id":"800522570","osm_type":"way","highway":"path","ford":null,"width":null,"covered":null,"tunnel":null,"layer":null,"bridge":null,"disused:highway":null,"service":null,"noname":null,"motorroad":null,"smoothness":null,"motorcycle":null,"busway:right":null,"tactile_paving":null,"turn:lanes":null,"cycleway":null,"footway":null,"crossing":null,"lit":null,"motor_vehicle:conditional":null,"motor_vehicle":null,"horse":null,"operator":null,"emergency":null,"bus":null,"psv":null,"oneway:bicycle":null,"sidewalk":null,"foot":null,"bicycle":null,"cycleway:right":null,"access":null,"maxspeed":null,"destination:street":null,"surface":null,"oneway":null,"name":null,"lanes":null,"alt_name":null,"longitud_m":16.215375259470996,"id_segmento":307,"id_nodo":175,"fin_id_nodo":171},"geometry":{"type":"MultiLineString","coordinates":[[[1060146.229573194868863,865501.678009473951533],[1060130.035822029225528,865502.563044350594282]]]}},
{"type":"Feature","properties":{"fid":308,"full_id":"w800865001","osm_id":"800865001","osm_type":"way","highway":"service","ford":null,"width":null,"covered":null,"tunnel":null,"layer":null,"bridge":null,"disused:highway":null,"service":null,"noname":null,"motorroad":null,"smoothness":null,"motorcycle":null,"busway:right":null,"tactile_paving":null,"turn:lanes":null,"cycleway":null,"footway":null,"crossing":null,"lit":null,"motor_vehicle:conditional":null,"motor_vehicle":null,"horse":null,"operator":null,"emergency":null,"bus":null,"psv":null,"oneway:bicycle":null,"sidewalk":null,"foot":null,"bicycle":null,"cycleway:right":null,"access":"destination","maxspeed":null,"destination:street":null,"surface":"ground","oneway":null,"name":null,"lanes":null,"alt_name":null,"longitud_m":42.395656891818888,"id_segmento":308,"id_nodo":173,"fin_id_nodo":193},"geometry":{"type":"MultiLineString","coordinates":[[[1060113.305402425117791,865311.487079950631596],[1060113.31721802521497,865353.889483125763945]]]}},
{"type":"Feature","properties":{"fid":309,"full_id":"w800865001","osm_id":"800865001","osm_type":"way","highway":"service","ford":null,"width":null,"covered":null,"tunnel":null,"layer":null,"bridge":null,"disused:highway":null,"service":null,"noname":null,"motorroad":null,"smoothness":null,"motorcycle":null,"busway:right":null,"tactile_paving":null,"turn:lanes":null,"cycleway":null,"footway":null,"crossing":null,"lit":null,"motor_vehicle:conditional":null,"motor_vehicle":null,"horse":null,"operator":null,"emergency":null,"bus":null,"psv":null,"oneway:bicycle":null,"sidewalk":null,"foot":null,"bicycle":null,"cycleway:right":null,"access":"destination","maxspeed":null,"destination:street":null,"surface":"ground","oneway":null,"name":null,"lanes":null,"alt_name":null,"longitud_m":42.462148065337814,"id_segmento":309,"id_nodo":193,"fin_id_nodo":189},"geometry":{"type":"MultiLineString","coordinates":[[[1060113.31721802521497,865353.889483125763945],[1060113.429065013304353,865396.358242054469883]]]}},
{"type":"Feature","properties":{"fid":310,"full_id":"w803367486","osm_id":"803367486","osm_type":"way","highway":"service","ford":null,"width":null,"covered":null,"tunnel":null,"layer":null,"bridge":null,"disused:highway":null,"service":null,"noname":null,"motorroad":null,"smoothness":null,"motorcycle":null,"busway:right":null,"tactile_paving":null,"turn:lanes":null,"cycleway":null,"footway":null,"crossing":null,"lit":null,"motor_vehicle:conditional":null,"motor_vehicle":null,"horse":null,"operator":null,"emergency":null,"bus":null,"psv":null,"oneway:bicycle":null,"sidewalk":null,"foot":null,"bicycle":null,"cycleway:right":null,"access":"destination","maxspeed":null,"destination:street":null,"surface":"ground","oneway":null,"name":null,"lanes":null,"alt_name":null,"longitud_m":40.586370898387919,"id_segmento":310,"id_nodo":191,"fin_id_nodo":186},"geometry":{"type":"MultiLineString","coordinates":[[[1060056.188158325618133,865314.850167817668989],[1060053.731909446185455,865317.814176147803664],[1060052.387124651344493,865321.729288454633206],[1060052.309880825690925,865354.332911382778548]]]}},
{"type":"Feature","properties":{"fid":311,"full_id":"w803367486","osm_id":"803367486","osm_type":"way","highway":"service","ford":null,"width":null,"covered":null,"tunnel":null,"layer":null,"bridge":null,"disused:highway":null,"service":null,"noname":null,"motorroad":null,"smoothness":null,"motorcycle":null,"busway:right":null,"tactile_paving":null,"turn:lanes":null,"cycleway":null,"footway":null,"crossing":null,"lit":null,"motor_vehicle:conditional":null,"motor_vehicle":null,"horse":null,"operator":null,"emergency":null,"bus":null,"psv":null,"oneway:bicycle":null,"sidewalk":null,"foot":null,"bicycle":null,"cycleway:right":null,"access":"destination","maxspeed":null,"destination:street":null,"surface":"ground","oneway":null,"name":null,"lanes":null,"alt_name":null,"longitud_m":42.028325974970343,"id_segmento":311,"id_nodo":186,"fin_id_nodo":182},"geometry":{"type":"MultiLineString","coordinates":[[[1060052.309880825690925,865354.332911382778548],[1060053.066265645669773,865389.469162036548369],[1060054.199995226692408,865392.610061067156494],[1060056.711908159311861,865395.120540478965268]]]}},
{"type":"Feature","properties":{"fid":312,"full_id":"w803367487","osm_id":"803367487","osm_type":"way","highway":"service","ford":null,"width":null,"covered":null,"tunnel":null,"layer":null,"bridge":null,"disused:highway":null,"service":null,"noname":null,"motorroad":null,"smoothness":null,"motorcycle":null,"busway:right":null,"tactile_paving":null,"turn:lanes":null,"cycleway":null,"footway":null,"crossing":null,"lit":null,"motor_vehicle:conditional":null,"motor_vehicle":null,"horse":null,"operator":null,"emergency":null,"bus":null,"psv":null,"oneway:bicycle":null,"sidewalk":null,"foot":null,"bicycle":null,"cycleway:right":null,"access":"destination","maxspeed":null,"destination:street":null,"surface":null,"oneway":null,"name":null,"lanes":null,"alt_name":null,"longitud_m":17.329834186152237,"id_segmento":312,"id_nodo":184,"fin_id_nodo":274},"geometry":{"type":"MultiLineString","coordinates":[[[1060153.428663030732423,865311.220981826307252],[1060162.55365449259989,865311.54155956231989],[1060167.032799512147903,865312.194001090829261],[1060170.278254627948627,865313.919241516268812]]]}},
{"type":"Feature","properties":{"fid":313,"full_id":"w803367489","osm_id":"803367489","osm_type":"way","highway":"footway","ford":null,"width":null,"covered":null,"tunnel":null,"layer":null,"bridge":null,"disused:highway":null,"service":null,"noname":null,"motorroad":null,"smoothness":null,"motorcycle":null,"busway:right":null,"tactile_paving":null,"turn:lanes":null,"cycleway":null,"footway":null,"crossing":null,"lit":null,"motor_vehicle:conditional":null,"motor_vehicle":null,"horse":null,"operator":null,"emergency":null,"bus":null,"psv":null,"oneway:bicycle":null,"sidewalk":null,"foot":null,"bicycle":null,"cycleway:right":null,"access":null,"maxspeed":null,"destination:street":null,"surface":null,"oneway":null,"name":null,"lanes":null,"alt_name":null,"longitud_m":33.90805305857284,"id_segmento":313,"id_nodo":161,"fin_id_nodo":159},"geometry":{"type":"MultiLineString","coordinates":[[[1060148.596083602169529,865448.072219413239509],[1060118.83155895001255,865448.636753359925933],[1060119.076145346276462,865452.773029602481984]]]}},
{"type":"Feature","properties":{"fid":314,"full_id":"w803367489","osm_id":"803367489","osm_type":"way","highway":"footway","ford":null,"width":null,"covered":null,"tunnel":null,"layer":null,"bridge":null,"disused:highway":null,"service":null,"noname":null,"motorroad":null,"smoothness":null,"motorcycle":null,"busway:right":null,"tactile_paving":null,"turn:lanes":null,"cycleway":null,"footway":null,"crossing":null,"lit":null,"motor_vehicle:conditional":null,"motor_vehicle":null,"horse":null,"operator":null,"emergency":null,"bus":null,"psv":null,"oneway:bicycle":null,"sidewalk":null,"foot":null,"bicycle":null,"cycleway:right":null,"access":null,"maxspeed":null,"destination:street":null,"surface":null,"oneway":null,"name":null,"lanes":null,"alt_name":null,"longitud_m":66.226794238026912,"id_segmento":314,"id_nodo":159,"fin_id_nodo":157},"geometry":{"type":"MultiLineString","coordinates":[[[1060119.076145346276462,865452.773029602481984],[1060121.777131609618664,865463.20216174016241],[1060121.777316774940118,865474.44974760862533],[1060123.567134622950107,865498.13932325434871],[1060124.156478606397286,865515.027281551272608],[1060124.167651619762182,865518.588463911553845]]]}},
{"type":"Feature","properties":{"fid":315,"full_id":"w803367490","osm_id":"803367490","osm_type":"way","highway":"service","ford":null,"width":null,"covered":null,"tunnel":null,"layer":null,"bridge":null,"disused:highway":null,"service":null,"noname":null,"motorroad":null,"smoothness":null,"motorcycle":null,"busway:right":null,"tactile_paving":null,"turn:lanes":null,"cycleway":null,"footway":null,"crossing":null,"lit":null,"motor_vehicle:conditional":null,"motor_vehicle":null,"horse":null,"operator":null,"emergency":null,"bus":null,"psv":null,"oneway:bicycle":null,"sidewalk":null,"foot":null,"bicycle":null,"cycleway:right":null,"access":"destination","maxspeed":null,"destination:street":null,"surface":null,"oneway":null,"name":"Vía Circunvalar Universitaria","lanes":null,"alt_name":null,"longitud_m":1.4375156518635446,"id_segmento":315,"id_nodo":63,"fin_id_nodo":132},"geometry":{"type":"MultiLineString","coordinates":[[[1060713.818753027357161,865139.679254083312117],[1060713.818768802797422,865141.116998589830473]]]}},
{"type":"Feature","properties":{"fid":316,"full_id":"w803367490","osm_id":"803367490","osm_type":"way","highway":"service","ford":null,"width":null,"covered":null,"tunnel":null,"layer":null,"bridge":null,"disused:highway":null,"service":null,"noname":null,"motorroad":null,"smoothness":null,"motorcycle":null,"busway:right":null,"tactile_paving":null,"turn:lanes":null,"cycleway":null,"footway":null,"crossing":null,"lit":null,"motor_vehicle:conditional":null,"motor_vehicle":null,"horse":null,"operator":null,"emergency":null,"bus":null,"psv":null,"oneway:bicycle":null,"sidewalk":null,"foot":null,"bicycle":null,"cycleway:right":null,"access":"destination","maxspeed":null,"destination:street":null,"surface":null,"oneway":null,"name":"Vía Circunvalar Universitaria","lanes":null,"alt_name":null,"longitud_m":63.609611367789398,"id_segmento":316,"id_nodo":132,"fin_id_nodo":169},"geometry":{"type":"MultiLineString","coordinates":[[[1060713.818768802797422,865141.116998589830473],[1060712.807942346436903,865195.076667194603942],[1060712.063377279788256,865204.698504154221155]]]}},
{"type":"Feature","properties":{"fid":317,"full_id":"w803367490","osm_id":"803367490","osm_type":"way","highway":"service","ford":null,"width":null,"covered":null,"tunnel":null,"layer":null,"bridge":null,"disused:highway":null,"service":null,"noname":null,"motorroad":null,"smoothness":null,"motorcycle":null,"busway:right":null,"tactile_paving":null,"turn:lanes":null,"cycleway":null,"footway":null,"crossing":null,"lit":null,"motor_vehicle:conditional":null,"motor_vehicle":null,"horse":null,"operator":null,"emergency":null,"bus":null,"psv":null,"oneway:bicycle":null,"sidewalk":null,"foot":null,"bicycle":null,"cycleway:right":null,"access":"destination","maxspeed":null,"destination:street":null,"surface":null,"oneway":null,"name":"Vía Circunvalar Universitaria","lanes":null,"alt_name":null,"longitud_m":72.065759239666164,"id_segmento":317,"id_nodo":169,"fin_id_nodo":145},"geometry":{"type":"MultiLineString","coordinates":[[[1060712.063377279788256,865204.698504154221155],[1060708.484600524883717,865212.738853967748582],[1060703.805478693917394,865219.750676006893627],[1060665.28311192127876,865258.791410665842704]]]}},
{"type":"Feature","properties":{"fid":318,"full_id":"w803367490","osm_id":"803367490","osm_type":"way","highway":"service","ford":null,"width":null,"covered":null,"tunnel":null,"layer":null,"bridge":null,"disused:highway":null,"service":null,"noname":null,"motorroad":null,"smoothness":null,"motorcycle":null,"busway:right":null,"tactile_paving":null,"turn:lanes":null,"cycleway":null,"footway":null,"crossing":null,"lit":null,"motor_vehicle:conditional":null,"motor_vehicle":null,"horse":null,"operator":null,"emergency":null,"bus":null,"psv":null,"oneway:bicycle":null,"sidewalk":null,"foot":null,"bicycle":null,"cycleway:right":null,"access":"destination","maxspeed":null,"destination:street":null,"surface":null,"oneway":null,"name":"Vía Circunvalar Universitaria","lanes":null,"alt_name":null,"longitud_m":58.67533427719718,"id_segmento":318,"id_nodo":145,"fin_id_nodo":196},"geometry":{"type":"MultiLineString","coordinates":[[[1060665.28311192127876,865258.791410665842704],[1060625.204791078809649,865301.658790310611948]]]}},
{"type":"Feature","properties":{"fid":319,"full_id":"w906000328","osm_id":"906000328","osm_type":"way","highway":"footway","ford":null,"width":null,"covered":null,"tunnel":"building_passage","layer":null,"bridge":null,"disused:highway":null,"service":null,"noname":null,"motorroad":null,"smoothness":null,"motorcycle":null,"busway:right":null,"tactile_paving":null,"turn:lanes":null,"cycleway":null,"footway":null,"crossing":null,"lit":null,"motor_vehicle:conditional":null,"motor_vehicle":null,"horse":null,"operator":null,"emergency":null,"bus":null,"psv":null,"oneway:bicycle":null,"sidewalk":"both","foot":"yes","bicycle":"no","cycleway:right":null,"access":null,"maxspeed":null,"destination:street":null,"surface":null,"oneway":null,"name":null,"lanes":null,"alt_name":null,"longitud_m":7.3756360819967206,"id_segmento":319,"id_nodo":166,"fin_id_nodo":163},"geometry":{"type":"MultiLineString","coordinates":[[[1060588.810992341255769,864889.767552011995576],[1060588.777738191420212,864897.144287699949928]]]}},
{"type":"Feature","properties":{"fid":320,"full_id":"w906000329","osm_id":"906000329","osm_type":"way","highway":"footway","ford":null,"width":null,"covered":null,"tunnel":null,"layer":null,"bridge":null,"disused:highway":null,"service":null,"noname":null,"motorroad":null,"smoothness":null,"motorcycle":null,"busway:right":null,"tactile_paving":null,"turn:lanes":null,"cycleway":null,"footway":null,"crossing":null,"lit":null,"motor_vehicle:conditional":null,"motor_vehicle":null,"horse":null,"operator":null,"emergency":null,"bus":null,"psv":null,"oneway:bicycle":null,"sidewalk":"both","foot":"yes","bicycle":"no","cycleway:right":null,"access":null,"maxspeed":null,"destination:street":null,"surface":null,"oneway":null,"name":null,"lanes":null,"alt_name":null,"longitud_m":35.363134704336801,"id_segmento":320,"id_nodo":167,"fin_id_nodo":166},"geometry":{"type":"MultiLineString","coordinates":[[[1060588.943937975447625,864854.399035503389314],[1060588.810992341255769,864889.767552011995576]]]}},
{"type":"Feature","properties":{"fid":321,"full_id":"w906001453","osm_id":"906001453","osm_type":"way","highway":"footway","ford":null,"width":null,"covered":null,"tunnel":null,"layer":null,"bridge":null,"disused:highway":null,"service":null,"noname":null,"motorroad":null,"smoothness":null,"motorcycle":null,"busway:right":null,"tactile_paving":null,"turn:lanes":null,"cycleway":null,"footway":null,"crossing":null,"lit":null,"motor_vehicle:conditional":null,"motor_vehicle":null,"horse":null,"operator":null,"emergency":null,"bus":null,"psv":null,"oneway:bicycle":null,"sidewalk":null,"foot":null,"bicycle":null,"cycleway:right":null,"access":null,"maxspeed":null,"destination:street":null,"surface":null,"oneway":null,"name":null,"lanes":null,"alt_name":null,"longitud_m":5.7516085344355972,"id_segmento":321,"id_nodo":155,"fin_id_nodo":277},"geometry":{"type":"MultiLineString","coordinates":[[[1060359.519232158316299,864946.738495974335819],[1060359.652688240399584,864952.489472062676214]]]}},
{"type":"Feature","properties":{"fid":322,"full_id":"w906001454","osm_id":"906001454","osm_type":"way","highway":"footway","ford":null,"width":null,"covered":null,"tunnel":null,"layer":null,"bridge":null,"disused:highway":null,"service":null,"noname":null,"motorroad":null,"smoothness":null,"motorcycle":null,"busway:right":null,"tactile_paving":null,"turn:lanes":null,"cycleway":null,"footway":null,"crossing":null,"lit":null,"motor_vehicle:conditional":null,"motor_vehicle":null,"horse":null,"operator":null,"emergency":null,"bus":null,"psv":null,"oneway:bicycle":null,"sidewalk":null,"foot":null,"bicycle":null,"cycleway:right":null,"access":null,"maxspeed":null,"destination:street":null,"surface":null,"oneway":null,"name":null,"lanes":null,"alt_name":null,"longitud_m":26.216488989461151,"id_segmento":322,"id_nodo":155,"fin_id_nodo":105},"geometry":{"type":"MultiLineString","coordinates":[[[1060359.519232158316299,864946.738495974335819],[1060385.738377630943432,864947.014607692137361]]]}},
{"type":"Feature","properties":{"fid":323,"full_id":"w906001455","osm_id":"906001455","osm_type":"way","highway":"service","ford":null,"width":null,"covered":null,"tunnel":null,"layer":null,"bridge":null,"disused:highway":null,"service":null,"noname":null,"motorroad":null,"smoothness":null,"motorcycle":null,"busway:right":null,"tactile_paving":null,"turn:lanes":null,"cycleway":null,"footway":null,"crossing":null,"lit":null,"motor_vehicle:conditional":null,"motor_vehicle":null,"horse":null,"operator":null,"emergency":null,"bus":null,"psv":null,"oneway:bicycle":null,"sidewalk":null,"foot":null,"bicycle":null,"cycleway:right":"lane","access":"destination","maxspeed":"20","destination:street":null,"surface":"asphalt","oneway":"yes","name":"Avenida Garcés","lanes":"2","alt_name":null,"longitud_m":170.96835897423097,"id_segmento":323,"id_nodo":164,"fin_id_nodo":192},"geometry":{"type":"MultiLineString","coordinates":[[[1060338.556058714399114,864863.769884940353222],[1060328.163970581954345,864863.194940652931109],[1060173.293516997946426,864820.72858828981407]]]}},
{"type":"Feature","properties":{"fid":324,"full_id":"w906001456","osm_id":"906001456","osm_type":"way","highway":"service","ford":null,"width":null,"covered":null,"tunnel":null,"layer":null,"bridge":null,"disused:highway":null,"service":null,"noname":null,"motorroad":null,"smoothness":null,"motorcycle":null,"busway:right":null,"tactile_paving":null,"turn:lanes":null,"cycleway":null,"footway":null,"crossing":null,"lit":null,"motor_vehicle:conditional":null,"motor_vehicle":null,"horse":null,"operator":null,"emergency":null,"bus":null,"psv":null,"oneway:bicycle":null,"sidewalk":null,"foot":null,"bicycle":null,"cycleway:right":"lane","access":"destination","maxspeed":"20","destination:street":null,"surface":"asphalt","oneway":"yes","name":"Avenida Garcés","lanes":"2","alt_name":null,"longitud_m":55.37603917343705,"id_segmento":324,"id_nodo":90,"fin_id_nodo":188},"geometry":{"type":"MultiLineString","coordinates":[[[1060401.097454871283844,864861.645544520812109],[1060391.961356804938987,864864.565401346888393],[1060346.169513573637232,864864.190036897081882]]]}},
{"type":"Feature","properties":{"fid":325,"full_id":"w906001456","osm_id":"906001456","osm_type":"way","highway":"service","ford":null,"width":null,"covered":null,"tunnel":null,"layer":null,"bridge":null,"disused:highway":null,"service":null,"noname":null,"motorroad":null,"smoothness":null,"motorcycle":null,"busway:right":null,"tactile_paving":null,"turn:lanes":null,"cycleway":null,"footway":null,"crossing":null,"lit":null,"motor_vehicle:conditional":null,"motor_vehicle":null,"horse":null,"operator":null,"emergency":null,"bus":null,"psv":null,"oneway:bicycle":null,"sidewalk":null,"foot":null,"bicycle":null,"cycleway:right":"lane","access":"destination","maxspeed":"20","destination:street":null,"surface":"asphalt","oneway":"yes","name":"Avenida Garcés","lanes":"2","alt_name":null,"longitud_m":7.6238439389897001,"id_segmento":325,"id_nodo":188,"fin_id_nodo":164},"geometry":{"type":"MultiLineString","coordinates":[[[1060346.169513573637232,864864.190036897081882],[1060338.556058714399114,864863.769884940353222]]]}},
{"type":"Feature","properties":{"fid":326,"full_id":"w906001458","osm_id":"906001458","osm_type":"way","highway":"footway","ford":null,"width":null,"covered":"yes","tunnel":null,"layer":null,"bridge":null,"disused:highway":null,"service":null,"noname":null,"motorroad":null,"smoothness":null,"motorcycle":null,"busway:right":null,"tactile_paving":null,"turn:lanes":null,"cycleway":null,"footway":null,"crossing":null,"lit":null,"motor_vehicle:conditional":null,"motor_vehicle":null,"horse":null,"operator":null,"emergency":null,"bus":null,"psv":null,"oneway:bicycle":null,"sidewalk":"both","foot":"yes","bicycle":"no","cycleway:right":null,"access":null,"maxspeed":null,"destination:street":null,"surface":null,"oneway":null,"name":null,"lanes":null,"alt_name":null,"longitud_m":62.286015574249348,"id_segmento":326,"id_nodo":200,"fin_id_nodo":185},"geometry":{"type":"MultiLineString","coordinates":[[[1060308.304018598748371,864978.878371787024662],[1060322.31940710102208,864978.115051816450432],[1060370.57862136582844,864978.313417187542655]]]}},
{"type":"Feature","properties":{"fid":327,"full_id":"w906001458","osm_id":"906001458","osm_type":"way","highway":"footway","ford":null,"width":null,"covered":"yes","tunnel":null,"layer":null,"bridge":null,"disused:highway":null,"service":null,"noname":null,"motorroad":null,"smoothness":null,"motorcycle":null,"busway:right":null,"tactile_paving":null,"turn:lanes":null,"cycleway":null,"footway":null,"crossing":null,"lit":null,"motor_vehicle:conditional":null,"motor_vehicle":null,"horse":null,"operator":null,"emergency":null,"bus":null,"psv":null,"oneway:bicycle":null,"sidewalk":"both","foot":"yes","bicycle":"no","cycleway:right":null,"access":null,"maxspeed":null,"destination:street":null,"surface":null,"oneway":null,"name":null,"lanes":null,"alt_name":null,"longitud_m":37.672611753488901,"id_segmento":327,"id_nodo":185,"fin_id_nodo":101},"geometry":{"type":"MultiLineString","coordinates":[[[1060370.57862136582844,864978.313417187542655],[1060404.211136845638976,864978.456711942097172],[1060408.256819383241236,864978.467714530765079]]]}},
{"type":"Feature","properties":{"fid":328,"full_id":"w906001458","osm_id":"906001458","osm_type":"way","highway":"footway","ford":null,"width":null,"covered":"yes","tunnel":null,"layer":null,"bridge":null,"disused:highway":null,"service":null,"noname":null,"motorroad":null,"smoothness":null,"motorcycle":null,"busway:right":null,"tactile_paving":null,"turn:lanes":null,"cycleway":null,"footway":null,"crossing":null,"lit":null,"motor_vehicle:conditional":null,"motor_vehicle":null,"horse":null,"operator":null,"emergency":null,"bus":null,"psv":null,"oneway:bicycle":null,"sidewalk":"both","foot":"yes","bicycle":"no","cycleway:right":null,"access":null,"maxspeed":null,"destination:street":null,"surface":null,"oneway":null,"name":null,"lanes":null,"alt_name":null,"longitud_m":80.801638245096129,"id_segmento":328,"id_nodo":101,"fin_id_nodo":282},"geometry":{"type":"MultiLineString","coordinates":[[[1060408.256819383241236,864978.467714530765079],[1060426.18452821415849,864978.533821310265921],[1060427.740560050355271,864978.544859270448796],[1060452.348091027932242,864978.64405666955281],[1060489.070440780604258,864978.798395772930235]]]}},
{"type":"Feature","properties":{"fid":329,"full_id":"w906001458","osm_id":"906001458","osm_type":"way","highway":"footway","ford":null,"width":null,"covered":"yes","tunnel":null,"layer":null,"bridge":null,"disused:highway":null,"service":null,"noname":null,"motorroad":null,"smoothness":null,"motorcycle":null,"busway:right":null,"tactile_paving":null,"turn:lanes":null,"cycleway":null,"footway":null,"crossing":null,"lit":null,"motor_vehicle:conditional":null,"motor_vehicle":null,"horse":null,"operator":null,"emergency":null,"bus":null,"psv":null,"oneway:bicycle":null,"sidewalk":"both","foot":"yes","bicycle":"no","cycleway:right":null,"access":null,"maxspeed":null,"destination:street":null,"surface":null,"oneway":null,"name":null,"lanes":null,"alt_name":null,"longitud_m":17.502783409868332,"id_segmento":329,"id_nodo":282,"fin_id_nodo":299},"geometry":{"type":"MultiLineString","coordinates":[[[1060489.070440780604258,864978.798395772930235],[1060506.575798192527145,864978.875581333762966]]]}},
{"type":"Feature","properties":{"fid":330,"full_id":"w906001464","osm_id":"906001464","osm_type":"way","highway":"service","ford":null,"width":null,"covered":null,"tunnel":null,"layer":null,"bridge":null,"disused:highway":null,"service":null,"noname":null,"motorroad":null,"smoothness":null,"motorcycle":null,"busway:right":null,"tactile_paving":null,"turn:lanes":null,"cycleway":null,"footway":null,"crossing":null,"lit":null,"motor_vehicle:conditional":null,"motor_vehicle":null,"horse":null,"operator":null,"emergency":null,"bus":null,"psv":null,"oneway:bicycle":null,"sidewalk":null,"foot":null,"bicycle":null,"cycleway:right":null,"access":"destination","maxspeed":null,"destination:street":null,"surface":null,"oneway":null,"name":"Vía Circunvalar Universitaria","lanes":null,"alt_name":null,"longitud_m":8.945819703218854,"id_segmento":330,"id_nodo":264,"fin_id_nodo":218},"geometry":{"type":"MultiLineString","coordinates":[[[1060313.464946794556454,865237.473233343916945],[1060304.517786521930248,865237.506546289310791]]]}},
{"type":"Feature","properties":{"fid":331,"full_id":"w906001464","osm_id":"906001464","osm_type":"way","highway":"service","ford":null,"width":null,"covered":null,"tunnel":null,"layer":null,"bridge":null,"disused:highway":null,"service":null,"noname":null,"motorroad":null,"smoothness":null,"motorcycle":null,"busway:right":null,"tactile_paving":null,"turn:lanes":null,"cycleway":null,"footway":null,"crossing":null,"lit":null,"motor_vehicle:conditional":null,"motor_vehicle":null,"horse":null,"operator":null,"emergency":null,"bus":null,"psv":null,"oneway:bicycle":null,"sidewalk":null,"foot":null,"bicycle":null,"cycleway:right":null,"access":"destination","maxspeed":null,"destination:street":null,"surface":null,"oneway":null,"name":"Vía Circunvalar Universitaria","lanes":null,"alt_name":null,"longitud_m":122.14233745033692,"id_segmento":331,"id_nodo":218,"fin_id_nodo":261},"geometry":{"type":"MultiLineString","coordinates":[[[1060304.517786521930248,865237.506546289310791],[1060216.002162164309993,865246.33345423231367],[1060208.966704197926447,865247.019259714172222],[1060200.497453838819638,865246.178867537877522],[1060194.239969726884738,865244.320959712960757],[1060184.559167349012569,865238.89086545445025]]]}},
{"type":"Feature","properties":{"fid":332,"full_id":"w906001464","osm_id":"906001464","osm_type":"way","highway":"service","ford":null,"width":null,"covered":null,"tunnel":null,"layer":null,"bridge":null,"disused:highway":null,"service":null,"noname":null,"motorroad":null,"smoothness":null,"motorcycle":null,"busway:right":null,"tactile_paving":null,"turn:lanes":null,"cycleway":null,"footway":null,"crossing":null,"lit":null,"motor_vehicle:conditional":null,"motor_vehicle":null,"horse":null,"operator":null,"emergency":null,"bus":null,"psv":null,"oneway:bicycle":null,"sidewalk":null,"foot":null,"bicycle":null,"cycleway:right":null,"access":"destination","maxspeed":null,"destination:street":null,"surface":null,"oneway":null,"name":"Vía Circunvalar Universitaria","lanes":null,"alt_name":null,"longitud_m":53.230216784445197,"id_segmento":332,"id_nodo":261,"fin_id_nodo":272},"geometry":{"type":"MultiLineString","coordinates":[[[1060184.559167349012569,865238.89086545445025],[1060142.334710478084162,865206.464888437883928]]]}},
{"type":"Feature","properties":{"fid":333,"full_id":"w906001465","osm_id":"906001465","osm_type":"way","highway":"service","ford":null,"width":null,"covered":null,"tunnel":null,"layer":null,"bridge":null,"disused:highway":null,"service":null,"noname":null,"motorroad":null,"smoothness":null,"motorcycle":null,"busway:right":null,"tactile_paving":null,"turn:lanes":null,"cycleway":null,"footway":null,"crossing":null,"lit":null,"motor_vehicle:conditional":null,"motor_vehicle":null,"horse":null,"operator":null,"emergency":null,"bus":null,"psv":null,"oneway:bicycle":null,"sidewalk":null,"foot":null,"bicycle":null,"cycleway:right":null,"access":"destination","maxspeed":null,"destination:street":null,"surface":null,"oneway":null,"name":"Vía Circunvalar Universitaria","lanes":null,"alt_name":null,"longitud_m":70.766404851510387,"id_segmento":333,"id_nodo":195,"fin_id_nodo":203},"geometry":{"type":"MultiLineString","coordinates":[[[1060411.828146274201572,865237.726177633157931],[1060341.051106948871166,865237.981564609217457]]]}},
{"type":"Feature","properties":{"fid":334,"full_id":"w906001465","osm_id":"906001465","osm_type":"way","highway":"service","ford":null,"width":null,"covered":null,"tunnel":null,"layer":null,"bridge":null,"disused:highway":null,"service":null,"noname":null,"motorroad":null,"smoothness":null,"motorcycle":null,"busway:right":null,"tactile_paving":null,"turn:lanes":null,"cycleway":null,"footway":null,"crossing":null,"lit":null,"motor_vehicle:conditional":null,"motor_vehicle":null,"horse":null,"operator":null,"emergency":null,"bus":null,"psv":null,"oneway:bicycle":null,"sidewalk":null,"foot":null,"bicycle":null,"cycleway:right":null,"access":"destination","maxspeed":null,"destination:street":null,"surface":null,"oneway":null,"name":"Vía Circunvalar Universitaria","lanes":null,"alt_name":null,"longitud_m":27.586518224858018,"id_segmento":334,"id_nodo":203,"fin_id_nodo":264},"geometry":{"type":"MultiLineString","coordinates":[[[1060341.051106948871166,865237.981564609217457],[1060313.464946794556454,865237.473233343916945]]]}},
{"type":"Feature","properties":{"fid":335,"full_id":"w906001466","osm_id":"906001466","osm_type":"way","highway":"footway","ford":null,"width":null,"covered":null,"tunnel":null,"layer":null,"bridge":null,"disused:highway":null,"service":null,"noname":null,"motorroad":null,"smoothness":null,"motorcycle":null,"busway:right":null,"tactile_paving":null,"turn:lanes":null,"cycleway":null,"footway":null,"crossing":null,"lit":null,"motor_vehicle:conditional":null,"motor_vehicle":null,"horse":null,"operator":null,"emergency":null,"bus":null,"psv":null,"oneway:bicycle":null,"sidewalk":null,"foot":null,"bicycle":null,"cycleway:right":null,"access":null,"maxspeed":null,"destination:street":null,"surface":null,"oneway":null,"name":null,"lanes":null,"alt_name":null,"longitud_m":2.3673933554771387,"id_segmento":335,"id_nodo":268,"fin_id_nodo":265},"geometry":{"type":"MultiLineString","coordinates":[[[1060316.164178390987217,865129.067257193149999],[1060313.963495252653956,865128.1935838048812]]]}},
{"type":"Feature","properties":{"fid":336,"full_id":"w908248295","osm_id":"908248295","osm_type":"way","highway":"tertiary","ford":null,"width":null,"covered":null,"tunnel":null,"layer":null,"bridge":null,"disused:highway":null,"service":null,"noname":null,"motorroad":null,"smoothness":null,"motorcycle":null,"busway:right":null,"tactile_paving":null,"turn:lanes":null,"cycleway":null,"footway":null,"crossing":null,"lit":null,"motor_vehicle:conditional":null,"motor_vehicle":null,"horse":null,"operator":null,"emergency":null,"bus":null,"psv":null,"oneway:bicycle":"yes","sidewalk":null,"foot":null,"bicycle":null,"cycleway:right":"lane","access":null,"maxspeed":"30","destination:street":null,"surface":"asphalt","oneway":"yes","name":"Calle 16","lanes":"3","alt_name":null,"longitud_m":165.24059940314424,"id_segmento":336,"id_nodo":202,"fin_id_nodo":247},"geometry":{"type":"MultiLineString","coordinates":[[[1060894.133869277546182,864444.937125692260452],[1060883.606827029492706,864280.005811997805722]]]}},
{"type":"Feature","properties":{"fid":337,"full_id":"w908248296","osm_id":"908248296","osm_type":"way","highway":"tertiary","ford":null,"width":null,"covered":null,"tunnel":null,"layer":null,"bridge":null,"disused:highway":null,"service":null,"noname":null,"motorroad":null,"smoothness":null,"motorcycle":null,"busway:right":null,"tactile_paving":null,"turn:lanes":null,"cycleway":null,"footway":null,"crossing":null,"lit":null,"motor_vehicle:conditional":null,"motor_vehicle":null,"horse":null,"operator":null,"emergency":null,"bus":null,"psv":null,"oneway:bicycle":"yes","sidewalk":null,"foot":null,"bicycle":null,"cycleway:right":"lane","access":null,"maxspeed":null,"destination:street":null,"surface":"asphalt","oneway":"yes","name":"Calle 16","lanes":"3","alt_name":null,"longitud_m":17.50388298609619,"id_segmento":337,"id_nodo":249,"fin_id_nodo":208},"geometry":{"type":"MultiLineString","coordinates":[[[1060898.102459882386029,864519.544968449510634],[1060897.035300352843478,864502.070852993871085]]]}},
{"type":"Feature","properties":{"fid":338,"full_id":"w915130041","osm_id":"915130041","osm_type":"way","highway":"secondary","ford":null,"width":null,"covered":null,"tunnel":null,"layer":null,"bridge":null,"disused:highway":null,"service":null,"noname":null,"motorroad":null,"smoothness":"excellent","motorcycle":null,"busway:right":null,"tactile_paving":null,"turn:lanes":"through|through|through","cycleway":null,"footway":null,"crossing":null,"lit":null,"motor_vehicle:conditional":null,"motor_vehicle":null,"horse":null,"operator":null,"emergency":null,"bus":null,"psv":null,"oneway:bicycle":null,"sidewalk":null,"foot":null,"bicycle":null,"cycleway:right":null,"access":null,"maxspeed":"50","destination:street":null,"surface":"asphalt","oneway":"yes","name":"Calle 13","lanes":"3","alt_name":"Avenida Pasoancho","longitud_m":210.33331980648208,"id_segmento":338,"id_nodo":246,"fin_id_nodo":243},"geometry":{"type":"MultiLineString","coordinates":[[[1060045.448014274705201,865107.428061061305925],[1060033.992592279566452,865317.482734426856041]]]}},
{"type":"Feature","properties":{"fid":339,"full_id":"w915130041","osm_id":"915130041","osm_type":"way","highway":"secondary","ford":null,"width":null,"covered":null,"tunnel":null,"layer":null,"bridge":null,"disused:highway":null,"service":null,"noname":null,"motorroad":null,"smoothness":"excellent","motorcycle":null,"busway:right":null,"tactile_paving":null,"turn:lanes":"through|through|through","cycleway":null,"footway":null,"crossing":null,"lit":null,"motor_vehicle:conditional":null,"motor_vehicle":null,"horse":null,"operator":null,"emergency":null,"bus":null,"psv":null,"oneway:bicycle":null,"sidewalk":null,"foot":null,"bicycle":null,"cycleway:right":null,"access":null,"maxspeed":"50","destination:street":null,"surface":"asphalt","oneway":"yes","name":"Calle 13","lanes":"3","alt_name":"Avenida Pasoancho","longitud_m":144.92712149060617,"id_segmento":339,"id_nodo":243,"fin_id_nodo":138},"geometry":{"type":"MultiLineString","coordinates":[[[1060033.992592279566452,865317.482734426856041],[1060010.977012249873951,865460.594018160016276]]]}},
{"type":"Feature","properties":{"fid":340,"full_id":"w915130042","osm_id":"915130042","osm_type":"way","highway":"secondary","ford":null,"width":null,"covered":null,"tunnel":null,"layer":null,"bridge":null,"disused:highway":null,"service":null,"noname":null,"motorroad":null,"smoothness":null,"motorcycle":null,"busway:right":null,"tactile_paving":null,"turn:lanes":"through|through|through","cycleway":null,"footway":null,"crossing":null,"lit":null,"motor_vehicle:conditional":null,"motor_vehicle":null,"horse":null,"operator":null,"emergency":null,"bus":null,"psv":null,"oneway:bicycle":null,"sidewalk":null,"foot":null,"bicycle":null,"cycleway:right":null,"access":null,"maxspeed":"50","destination:street":null,"surface":"asphalt","oneway":"yes","name":"Calle 13","lanes":"3","alt_name":"Avenida Pasoancho","longitud_m":42.723366751468603,"id_segmento":340,"id_nodo":242,"fin_id_nodo":246},"geometry":{"type":"MultiLineString","coordinates":[[[1060047.025541334645823,865064.727021638071164],[1060045.448014274705201,865107.428061061305925]]]}},
{"type":"Feature","properties":{"fid":341,"full_id":"w915389323","osm_id":"915389323","osm_type":"way","highway":"footway","ford":null,"width":null,"covered":null,"tunnel":null,"layer":null,"bridge":null,"disused:highway":null,"service":null,"noname":null,"motorroad":null,"smoothness":null,"motorcycle":null,"busway:right":null,"tactile_paving":null,"turn:lanes":null,"cycleway":null,"footway":null,"crossing":null,"lit":null,"motor_vehicle:conditional":null,"motor_vehicle":null,"horse":null,"operator":null,"emergency":null,"bus":null,"psv":null,"oneway:bicycle":null,"sidewalk":null,"foot":null,"bicycle":null,"cycleway:right":null,"access":null,"maxspeed":null,"destination:street":null,"surface":"ground","oneway":null,"name":null,"lanes":null,"alt_name":null,"longitud_m":89.79550297806648,"id_segmento":341,"id_nodo":255,"fin_id_nodo":173},"geometry":{"type":"MultiLineString","coordinates":[[[1060114.993319992674515,865221.694377298117615],[1060113.416294146096334,865296.180628872825764],[1060113.305402425117791,865311.487079950631596]]]}},
{"type":"Feature","properties":{"fid":342,"full_id":"w915389324","osm_id":"915389324","osm_type":"way","highway":"footway","ford":null,"width":null,"covered":"yes","tunnel":null,"layer":null,"bridge":null,"disused:highway":null,"service":null,"noname":null,"motorroad":null,"smoothness":null,"motorcycle":null,"busway:right":null,"tactile_paving":null,"turn:lanes":null,"cycleway":null,"footway":null,"crossing":null,"lit":null,"motor_vehicle:conditional":null,"motor_vehicle":null,"horse":null,"operator":null,"emergency":null,"bus":null,"psv":null,"oneway:bicycle":null,"sidewalk":null,"foot":null,"bicycle":null,"cycleway:right":null,"access":null,"maxspeed":null,"destination:street":null,"surface":"ground","oneway":null,"name":null,"lanes":null,"alt_name":null,"longitud_m":5.3630571579886865,"id_segmento":342,"id_nodo":198,"fin_id_nodo":255},"geometry":{"type":"MultiLineString","coordinates":[[[1060115.33778070891276,865216.341538106906228],[1060114.993319992674515,865221.694377298117615]]]}},
{"type":"Feature","properties":{"fid":343,"full_id":"w930467976","osm_id":"930467976","osm_type":"way","highway":"tertiary","ford":null,"width":null,"covered":null,"tunnel":null,"layer":null,"bridge":null,"disused:highway":null,"service":null,"noname":null,"motorroad":null,"smoothness":null,"motorcycle":null,"busway:right":null,"tactile_paving":null,"turn:lanes":null,"cycleway":null,"footway":null,"crossing":null,"lit":null,"motor_vehicle:conditional":null,"motor_vehicle":null,"horse":null,"operator":null,"emergency":null,"bus":null,"psv":null,"oneway:bicycle":null,"sidewalk":null,"foot":null,"bicycle":null,"cycleway:right":null,"access":null,"maxspeed":"30","destination:street":null,"surface":"asphalt","oneway":"yes","name":"Carrera 86","lanes":"3","alt_name":null,"longitud_m":125.00762569906715,"id_segmento":343,"id_nodo":257,"fin_id_nodo":251},"geometry":{"type":"MultiLineString","coordinates":[[[1060669.976123094791546,865495.875425282167271],[1060794.735839954577386,865487.70102707343176]]]}},
{"type":"Feature","properties":{"fid":344,"full_id":"w1005609519","osm_id":"1005609519","osm_type":"way","highway":"footway","ford":null,"width":null,"covered":null,"tunnel":null,"layer":null,"bridge":null,"disused:highway":null,"service":null,"noname":null,"motorroad":null,"smoothness":null,"motorcycle":null,"busway:right":null,"tactile_paving":null,"turn:lanes":null,"cycleway":null,"footway":"sidewalk","crossing":null,"lit":null,"motor_vehicle:conditional":null,"motor_vehicle":null,"horse":null,"operator":null,"emergency":null,"bus":null,"psv":null,"oneway:bicycle":null,"sidewalk":null,"foot":null,"bicycle":null,"cycleway:right":null,"access":null,"maxspeed":null,"destination:street":null,"surface":null,"oneway":null,"name":null,"lanes":null,"alt_name":null,"longitud_m":482.15399701304625,"id_segmento":344,"id_nodo":253,"fin_id_nodo":231},"geometry":{"type":"MultiLineString","coordinates":[[[1060748.604848988354206,864214.718859502114356],[1060695.925533355679363,864241.078079462284222],[1060319.432811727980152,864434.614492540014908]]]}},
{"type":"Feature","properties":{"fid":345,"full_id":"w1005609519","osm_id":"1005609519","osm_type":"way","highway":"footway","ford":null,"width":null,"covered":null,"tunnel":null,"layer":null,"bridge":null,"disused:highway":null,"service":null,"noname":null,"motorroad":null,"smoothness":null,"motorcycle":null,"busway:right":null,"tactile_paving":null,"turn:lanes":null,"cycleway":null,"footway":"sidewalk","crossing":null,"lit":null,"motor_vehicle:conditional":null,"motor_vehicle":null,"horse":null,"operator":null,"emergency":null,"bus":null,"psv":null,"oneway:bicycle":null,"sidewalk":null,"foot":null,"bicycle":null,"cycleway:right":null,"access":null,"maxspeed":null,"destination:street":null,"surface":null,"oneway":null,"name":null,"lanes":null,"alt_name":null,"longitud_m":6.8417335959686181,"id_segmento":345,"id_nodo":231,"fin_id_nodo":229},"geometry":{"type":"MultiLineString","coordinates":[[[1060319.432811727980152,864434.614492540014908],[1060313.297614647308365,864437.64490719139576]]]}},
{"type":"Feature","properties":{"fid":346,"full_id":"w1005609519","osm_id":"1005609519","osm_type":"way","highway":"footway","ford":null,"width":null,"covered":null,"tunnel":null,"layer":null,"bridge":null,"disused:highway":null,"service":null,"noname":null,"motorroad":null,"smoothness":null,"motorcycle":null,"busway:right":null,"tactile_paving":null,"turn:lanes":null,"cycleway":null,"footway":"sidewalk","crossing":null,"lit":null,"motor_vehicle:conditional":null,"motor_vehicle":null,"horse":null,"operator":null,"emergency":null,"bus":null,"psv":null,"oneway:bicycle":null,"sidewalk":null,"foot":null,"bicycle":null,"cycleway:right":null,"access":null,"maxspeed":null,"destination:street":null,"surface":null,"oneway":null,"name":null,"lanes":null,"alt_name":null,"longitud_m":272.56302089024507,"id_segmento":346,"id_nodo":229,"fin_id_nodo":226},"geometry":{"type":"MultiLineString","coordinates":[[[1060313.297614647308365,864437.64490719139576],[1060113.73729773121886,864543.377599754021503],[1060099.255176352569833,864552.159145728917792],[1060092.353135962970555,864558.076134770526551],[1060087.940734536619857,864562.676992491353303],[1060079.427180113270879,864574.245451789814979]]]}},
{"type":"Feature","properties":{"fid":347,"full_id":"w1012095382","osm_id":"1012095382","osm_type":"way","highway":"service","ford":null,"width":null,"covered":null,"tunnel":null,"layer":null,"bridge":null,"disused:highway":null,"service":null,"noname":null,"motorroad":null,"smoothness":null,"motorcycle":null,"busway:right":null,"tactile_paving":null,"turn:lanes":null,"cycleway":null,"footway":null,"crossing":null,"lit":null,"motor_vehicle:conditional":null,"motor_vehicle":null,"horse":null,"operator":null,"emergency":null,"bus":null,"psv":null,"oneway:bicycle":null,"sidewalk":null,"foot":null,"bicycle":null,"cycleway:right":null,"access":"destination","maxspeed":null,"destination:street":null,"surface":null,"oneway":null,"name":null,"lanes":null,"alt_name":null,"longitud_m":51.800684149938768,"id_segmento":347,"id_nodo":256,"fin_id_nodo":161},"geometry":{"type":"MultiLineString","coordinates":[[[1060150.873710632091388,865396.313379583647475],[1060148.596083602169529,865448.072219413239509]]]}},
{"type":"Feature","properties":{"fid":348,"full_id":"w1012095863","osm_id":"1012095863","osm_type":"way","highway":"service","ford":null,"width":null,"covered":null,"tunnel":null,"layer":null,"bridge":null,"disused:highway":null,"service":null,"noname":null,"motorroad":null,"smoothness":null,"motorcycle":null,"busway:right":null,"tactile_paving":null,"turn:lanes":null,"cycleway":null,"footway":null,"crossing":null,"lit":null,"motor_vehicle:conditional":null,"motor_vehicle":null,"horse":null,"operator":null,"emergency":null,"bus":null,"psv":null,"oneway:bicycle":null,"sidewalk":null,"foot":null,"bicycle":null,"cycleway:right":null,"access":"destination","maxspeed":null,"destination:street":null,"surface":null,"oneway":null,"name":null,"lanes":null,"alt_name":null,"longitud_m":53.6494630696466,"id_segmento":348,"id_nodo":161,"fin_id_nodo":175},"geometry":{"type":"MultiLineString","coordinates":[[[1060148.596083602169529,865448.072219413239509],[1060146.229573194868863,865501.678009473951533]]]}},
{"type":"Feature","properties":{"fid":349,"full_id":"w1012095863","osm_id":"1012095863","osm_type":"way","highway":"service","ford":null,"width":null,"covered":null,"tunnel":null,"layer":null,"bridge":null,"disused:highway":null,"service":null,"noname":null,"motorroad":null,"smoothness":null,"motorcycle":null,"busway:right":null,"tactile_paving":null,"turn:lanes":null,"cycleway":null,"footway":null,"crossing":null,"lit":null,"motor_vehicle:conditional":null,"motor_vehicle":null,"horse":null,"operator":null,"emergency":null,"bus":null,"psv":null,"oneway:bicycle":null,"sidewalk":null,"foot":null,"bicycle":null,"cycleway:right":null,"access":"destination","maxspeed":null,"destination:street":null,"surface":null,"oneway":null,"name":null,"lanes":null,"alt_name":null,"longitud_m":15.606732743997442,"id_segmento":349,"id_nodo":175,"fin_id_nodo":238},"geometry":{"type":"MultiLineString","coordinates":[[[1060146.229573194868863,865501.678009473951533],[1060145.540730098960921,865517.272018978372216]]]}},
{"type":"Feature","properties":{"fid":350,"full_id":"w1076125154","osm_id":"1076125154","osm_type":"way","highway":"service","ford":null,"width":null,"covered":null,"tunnel":null,"layer":null,"bridge":null,"disused:highway":null,"service":null,"noname":null,"motorroad":null,"smoothness":null,"motorcycle":null,"busway:right":null,"tactile_paving":null,"turn:lanes":null,"cycleway":null,"footway":null,"crossing":null,"lit":null,"motor_vehicle:conditional":null,"motor_vehicle":null,"horse":null,"operator":null,"emergency":null,"bus":null,"psv":null,"oneway:bicycle":null,"sidewalk":null,"foot":null,"bicycle":null,"cycleway:right":null,"access":"destination","maxspeed":null,"destination:street":null,"surface":null,"oneway":null,"name":null,"lanes":null,"alt_name":null,"longitud_m":11.965463987164142,"id_segmento":350,"id_nodo":305,"fin_id_nodo":100},"geometry":{"type":"MultiLineString","coordinates":[[[1060805.141586377518252,864648.036008072202094],[1060810.810110880993307,864658.575722891837358]]]}},
{"type":"Feature","properties":{"fid":351,"full_id":"w1076125155","osm_id":"1076125155","osm_type":"way","highway":"service","ford":null,"width":null,"covered":null,"tunnel":null,"layer":null,"bridge":null,"disused:highway":null,"service":null,"noname":null,"motorroad":null,"smoothness":null,"motorcycle":null,"busway:right":null,"tactile_paving":null,"turn:lanes":null,"cycleway":null,"footway":null,"crossing":null,"lit":null,"motor_vehicle:conditional":null,"motor_vehicle":null,"horse":null,"operator":null,"emergency":null,"bus":null,"psv":null,"oneway:bicycle":null,"sidewalk":null,"foot":null,"bicycle":null,"cycleway:right":null,"access":"destination","maxspeed":null,"destination:street":null,"surface":null,"oneway":null,"name":null,"lanes":null,"alt_name":null,"longitud_m":108.47714276583415,"id_segmento":351,"id_nodo":237,"fin_id_nodo":233},"geometry":{"type":"MultiLineString","coordinates":[[[1060685.965244166087359,865087.743813878507353],[1060685.941797092091292,864979.249401756562293]]]}},
{"type":"Feature","properties":{"fid":352,"full_id":"w1076125157","osm_id":"1076125157","osm_type":"way","highway":"service","ford":null,"width":null,"covered":null,"tunnel":null,"layer":null,"bridge":null,"disused:highway":null,"service":null,"noname":null,"motorroad":null,"smoothness":null,"motorcycle":null,"busway:right":null,"tactile_paving":null,"turn:lanes":null,"cycleway":null,"footway":null,"crossing":null,"lit":null,"motor_vehicle:conditional":null,"motor_vehicle":null,"horse":null,"operator":null,"emergency":null,"bus":null,"psv":null,"oneway:bicycle":null,"sidewalk":null,"foot":null,"bicycle":null,"cycleway:right":null,"access":"destination","maxspeed":null,"destination:street":null,"surface":null,"oneway":null,"name":null,"lanes":null,"alt_name":null,"longitud_m":61.665439935686585,"id_segmento":352,"id_nodo":235,"fin_id_nodo":16},"geometry":{"type":"MultiLineString","coordinates":[[[1060335.705444184364751,864497.277792613953352],[1060391.222304399358109,864470.413285128655843]]]}},
{"type":"Feature","properties":{"fid":353,"full_id":"w1076125157","osm_id":"1076125157","osm_type":"way","highway":"service","ford":null,"width":null,"covered":null,"tunnel":null,"layer":null,"bridge":null,"disused:highway":null,"service":null,"noname":null,"motorroad":null,"smoothness":null,"motorcycle":null,"busway:right":null,"tactile_paving":null,"turn:lanes":null,"cycleway":null,"footway":null,"crossing":null,"lit":null,"motor_vehicle:conditional":null,"motor_vehicle":null,"horse":null,"operator":null,"emergency":null,"bus":null,"psv":null,"oneway:bicycle":null,"sidewalk":null,"foot":null,"bicycle":null,"cycleway:right":null,"access":"destination","maxspeed":null,"destination:street":null,"surface":null,"oneway":null,"name":null,"lanes":null,"alt_name":null,"longitud_m":38.365434932581962,"id_segmento":353,"id_nodo":16,"fin_id_nodo":318},"geometry":{"type":"MultiLineString","coordinates":[[[1060391.222304399358109,864470.413285128655843],[1060409.205549485515803,864461.709146757260896],[1060410.394791981438175,864460.547874867916107],[1060410.783785947831348,864459.397673799423501],[1060410.450323283672333,864457.528610623790883],[1060404.626120994333178,864445.219387695309706]]]}},
{"type":"Feature","properties":{"fid":354,"full_id":"w1076125158","osm_id":"1076125158","osm_type":"way","highway":"service","ford":null,"width":null,"covered":null,"tunnel":null,"layer":null,"bridge":null,"disused:highway":null,"service":null,"noname":null,"motorroad":null,"smoothness":null,"motorcycle":null,"busway:right":null,"tactile_paving":null,"turn:lanes":null,"cycleway":null,"footway":null,"crossing":null,"lit":null,"motor_vehicle:conditional":null,"motor_vehicle":null,"horse":null,"operator":null,"emergency":null,"bus":null,"psv":null,"oneway:bicycle":null,"sidewalk":null,"foot":null,"bicycle":null,"cycleway:right":null,"access":"destination","maxspeed":null,"destination:street":null,"surface":null,"oneway":null,"name":null,"lanes":null,"alt_name":null,"longitud_m":80.083867358061354,"id_segmento":354,"id_nodo":184,"fin_id_nodo":261},"geometry":{"type":"MultiLineString","coordinates":[[[1060153.428663030732423,865311.220981826307252],[1060153.339615996228531,865303.103256616508588],[1060153.595171259017661,865298.292338097118773],[1060154.617632963228971,865293.934849452460185],[1060156.173599432222545,865290.174568992806599],[1060184.559167349012569,865238.89086545445025]]]}},
{"type":"Feature","properties":{"fid":355,"full_id":"w1076125159","osm_id":"1076125159","osm_type":"way","highway":"footway","ford":null,"width":null,"covered":null,"tunnel":null,"layer":null,"bridge":null,"disused:highway":null,"service":null,"noname":null,"motorroad":null,"smoothness":null,"motorcycle":null,"busway:right":null,"tactile_paving":null,"turn:lanes":null,"cycleway":null,"footway":null,"crossing":null,"lit":null,"motor_vehicle:conditional":null,"motor_vehicle":null,"horse":null,"operator":null,"emergency":null,"bus":null,"psv":null,"oneway:bicycle":null,"sidewalk":null,"foot":null,"bicycle":null,"cycleway:right":null,"access":null,"maxspeed":null,"destination:street":null,"surface":null,"oneway":null,"name":null,"lanes":null,"alt_name":null,"longitud_m":10.906830866619957,"id_segmento":355,"id_nodo":209,"fin_id_nodo":220},"geometry":{"type":"MultiLineString","coordinates":[[[1060852.37121697049588,865053.335707417922094],[1060852.660299710230902,865064.240443667164072]]]}},
{"type":"Feature","properties":{"fid":356,"full_id":"w1198489243","osm_id":"1198489243","osm_type":"way","highway":"service","ford":null,"width":null,"covered":null,"tunnel":null,"layer":null,"bridge":null,"disused:highway":null,"service":null,"noname":null,"motorroad":null,"smoothness":null,"motorcycle":null,"busway:right":null,"tactile_paving":null,"turn:lanes":null,"cycleway":null,"footway":null,"crossing":null,"lit":null,"motor_vehicle:conditional":null,"motor_vehicle":null,"horse":null,"operator":null,"emergency":null,"bus":null,"psv":null,"oneway:bicycle":null,"sidewalk":null,"foot":null,"bicycle":null,"cycleway:right":null,"access":null,"maxspeed":"20","destination:street":null,"surface":null,"oneway":"no","name":null,"lanes":null,"alt_name":null,"longitud_m":3.4199906800041995,"id_segmento":356,"id_nodo":206,"fin_id_nodo":30},"geometry":{"type":"MultiLineString","coordinates":[[[1060593.6752129283268,865483.456437089946121],[1060593.986459001433104,865486.862781779957004]]]}},
{"type":"Feature","properties":{"fid":357,"full_id":"w1198489243","osm_id":"1198489243","osm_type":"way","highway":"service","ford":null,"width":null,"covered":null,"tunnel":null,"layer":null,"bridge":null,"disused:highway":null,"service":null,"noname":null,"motorroad":null,"smoothness":null,"motorcycle":null,"busway:right":null,"tactile_paving":null,"turn:lanes":null,"cycleway":null,"footway":null,"crossing":null,"lit":null,"motor_vehicle:conditional":null,"motor_vehicle":null,"horse":null,"operator":null,"emergency":null,"bus":null,"psv":null,"oneway:bicycle":null,"sidewalk":null,"foot":null,"bicycle":null,"cycleway:right":null,"access":null,"maxspeed":"20","destination:street":null,"surface":null,"oneway":"no","name":null,"lanes":null,"alt_name":null,"longitud_m":2.5951914166783654,"id_segmento":357,"id_nodo":30,"fin_id_nodo":273},"geometry":{"type":"MultiLineString","coordinates":[[[1060593.986459001433104,865486.862781779957004],[1060594.297695027664304,865489.439658486517146]]]}},
{"type":"Feature","properties":{"fid":358,"full_id":"w1198489244","osm_id":"1198489244","osm_type":"way","highway":"service","ford":null,"width":null,"covered":null,"tunnel":null,"layer":null,"bridge":null,"disused:highway":null,"service":null,"noname":null,"motorroad":null,"smoothness":null,"motorcycle":null,"busway:right":null,"tactile_paving":null,"turn:lanes":null,"cycleway":null,"footway":null,"crossing":null,"lit":null,"motor_vehicle:conditional":null,"motor_vehicle":null,"horse":null,"operator":null,"emergency":null,"bus":null,"psv":null,"oneway:bicycle":null,"sidewalk":null,"foot":null,"bicycle":null,"cycleway:right":null,"access":null,"maxspeed":null,"destination:street":null,"surface":null,"oneway":null,"name":null,"lanes":null,"alt_name":null,"longitud_m":12.878589389764551,"id_segmento":358,"id_nodo":102,"fin_id_nodo":321},"geometry":{"type":"MultiLineString","coordinates":[[[1060130.992134790867567,865531.218382370192558],[1060130.558460123836994,865518.345046483445913]]]}},
{"type":"Feature","properties":{"fid":359,"full_id":"w1198489245","osm_id":"1198489245","osm_type":"way","highway":"service","ford":null,"width":null,"covered":null,"tunnel":null,"layer":null,"bridge":null,"disused:highway":null,"service":null,"noname":null,"motorroad":null,"smoothness":null,"motorcycle":null,"busway:right":null,"tactile_paving":null,"turn:lanes":null,"cycleway":null,"footway":null,"crossing":null,"lit":null,"motor_vehicle:conditional":null,"motor_vehicle":null,"horse":null,"operator":null,"emergency":null,"bus":null,"psv":null,"oneway:bicycle":null,"sidewalk":null,"foot":null,"bicycle":null,"cycleway:right":null,"access":null,"maxspeed":null,"destination:street":null,"surface":null,"oneway":null,"name":null,"lanes":null,"alt_name":null,"longitud_m":13.094150444741565,"id_segmento":359,"id_nodo":238,"fin_id_nodo":320},"geometry":{"type":"MultiLineString","coordinates":[[[1060145.540730098960921,865517.272018978372216],[1060144.962990965461358,865530.355503548285924]]]}},
{"type":"Feature","properties":{"fid":360,"full_id":"w1198489246","osm_id":"1198489246","osm_type":"way","highway":"service","ford":null,"width":null,"covered":null,"tunnel":null,"layer":null,"bridge":null,"disused:highway":null,"service":null,"noname":null,"motorroad":null,"smoothness":null,"motorcycle":null,"busway:right":null,"tactile_paving":null,"turn:lanes":null,"cycleway":null,"footway":null,"crossing":null,"lit":null,"motor_vehicle:conditional":null,"motor_vehicle":null,"horse":null,"operator":null,"emergency":null,"bus":null,"psv":null,"oneway:bicycle":null,"sidewalk":"both","foot":"yes","bicycle":null,"cycleway:right":null,"access":null,"maxspeed":"20","destination:street":null,"surface":null,"oneway":"yes","name":null,"lanes":null,"alt_name":null,"longitud_m":6.440893695214478,"id_segmento":360,"id_nodo":84,"fin_id_nodo":229},"geometry":{"type":"MultiLineString","coordinates":[[[1060315.287211886141449,864443.771880956017412],[1060313.297614647308365,864437.64490719139576]]]}},
{"type":"Feature","properties":{"fid":361,"full_id":"w1198489246","osm_id":"1198489246","osm_type":"way","highway":"service","ford":null,"width":null,"covered":null,"tunnel":null,"layer":null,"bridge":null,"disused:highway":null,"service":null,"noname":null,"motorroad":null,"smoothness":null,"motorcycle":null,"busway:right":null,"tactile_paving":null,"turn:lanes":null,"cycleway":null,"footway":null,"crossing":null,"lit":null,"motor_vehicle:conditional":null,"motor_vehicle":null,"horse":null,"operator":null,"emergency":null,"bus":null,"psv":null,"oneway:bicycle":null,"sidewalk":"both","foot":"yes","bicycle":null,"cycleway:right":null,"access":null,"maxspeed":"20","destination:street":null,"surface":null,"oneway":"yes","name":null,"lanes":null,"alt_name":null,"longitud_m":1.9872143468146115,"id_segmento":361,"id_nodo":229,"fin_id_nodo":309},"geometry":{"type":"MultiLineString","coordinates":[[[1060313.297614647308365,864437.64490719139576],[1060312.686285714851692,864435.753729334566742]]]}},
{"type":"Feature","properties":{"fid":362,"full_id":"w1198489247","osm_id":"1198489247","osm_type":"way","highway":"service","ford":null,"width":null,"covered":null,"tunnel":null,"layer":null,"bridge":null,"disused:highway":null,"service":null,"noname":null,"motorroad":null,"smoothness":"good","motorcycle":"yes","busway:right":null,"tactile_paving":null,"turn:lanes":null,"cycleway":null,"footway":null,"crossing":null,"lit":null,"motor_vehicle:conditional":null,"motor_vehicle":null,"horse":null,"operator":null,"emergency":null,"bus":null,"psv":null,"oneway:bicycle":null,"sidewalk":null,"foot":null,"bicycle":null,"cycleway:right":null,"access":"destination","maxspeed":null,"destination:street":null,"surface":"asphalt","oneway":"no","name":null,"lanes":null,"alt_name":null,"longitud_m":33.39757058850391,"id_segmento":362,"id_nodo":86,"fin_id_nodo":307},"geometry":{"type":"MultiLineString","coordinates":[[[1060332.359598589828238,864472.227908882196061],[1060321.90035827155225,864442.334037837106735],[1060321.366835032356903,864440.686169381253421]]]}},
{"type":"Feature","properties":{"fid":363,"full_id":"w1198489248","osm_id":"1198489248","osm_type":"way","highway":"service","ford":null,"width":null,"covered":null,"tunnel":null,"layer":null,"bridge":null,"disused:highway":null,"service":null,"noname":null,"motorroad":null,"smoothness":null,"motorcycle":null,"busway:right":null,"tactile_paving":null,"turn:lanes":null,"cycleway":null,"footway":null,"crossing":null,"lit":null,"motor_vehicle:conditional":null,"motor_vehicle":null,"horse":null,"operator":null,"emergency":null,"bus":null,"psv":null,"oneway:bicycle":null,"sidewalk":null,"foot":null,"bicycle":null,"cycleway:right":"lane","access":null,"maxspeed":null,"destination:street":null,"surface":null,"oneway":"yes","name":"Avenida Garcés","lanes":null,"alt_name":null,"longitud_m":8.0878037171689474,"id_segmento":363,"id_nodo":295,"fin_id_nodo":178},"geometry":{"type":"MultiLineString","coordinates":[[[1060820.490699377143756,864640.515340987010859],[1060827.704003957565874,864636.854549098643474]]]}},
{"type":"Feature","properties":{"fid":364,"full_id":"w1198489248","osm_id":"1198489248","osm_type":"way","highway":"service","ford":null,"width":null,"covered":null,"tunnel":null,"layer":null,"bridge":null,"disused:highway":null,"service":null,"noname":null,"motorroad":null,"smoothness":null,"motorcycle":null,"busway:right":null,"tactile_paving":null,"turn:lanes":null,"cycleway":null,"footway":null,"crossing":null,"lit":null,"motor_vehicle:conditional":null,"motor_vehicle":null,"horse":null,"operator":null,"emergency":null,"bus":null,"psv":null,"oneway:bicycle":null,"sidewalk":null,"foot":null,"bicycle":null,"cycleway:right":"lane","access":null,"maxspeed":null,"destination:street":null,"surface":null,"oneway":"yes","name":"Avenida Garcés","lanes":null,"alt_name":null,"longitud_m":9.5773307404371426,"id_segmento":364,"id_nodo":178,"fin_id_nodo":12},"geometry":{"type":"MultiLineString","coordinates":[[[1060827.704003957565874,864636.854549098643474],[1060836.239933440927416,864632.508050891105086]]]}},
{"type":"Feature","properties":{"fid":365,"full_id":"w1198489248","osm_id":"1198489248","osm_type":"way","highway":"service","ford":null,"width":null,"covered":null,"tunnel":null,"layer":null,"bridge":null,"disused:highway":null,"service":null,"noname":null,"motorroad":null,"smoothness":null,"motorcycle":null,"busway:right":null,"tactile_paving":null,"turn:lanes":null,"cycleway":null,"footway":null,"crossing":null,"lit":null,"motor_vehicle:conditional":null,"motor_vehicle":null,"horse":null,"operator":null,"emergency":null,"bus":null,"psv":null,"oneway:bicycle":null,"sidewalk":null,"foot":null,"bicycle":null,"cycleway:right":"lane","access":null,"maxspeed":null,"destination:street":null,"surface":null,"oneway":"yes","name":"Avenida Garcés","lanes":null,"alt_name":null,"longitud_m":68.778839995549859,"id_segmento":365,"id_nodo":12,"fin_id_nodo":23},"geometry":{"type":"MultiLineString","coordinates":[[[1060836.239933440927416,864632.508050891105086],[1060897.558603708865121,864601.330516875255853]]]}},
{"type":"Feature","properties":{"fid":366,"full_id":"w1198489248","osm_id":"1198489248","osm_type":"way","highway":"service","ford":null,"width":null,"covered":null,"tunnel":null,"layer":null,"bridge":null,"disused:highway":null,"service":null,"noname":null,"motorroad":null,"smoothness":null,"motorcycle":null,"busway:right":null,"tactile_paving":null,"turn:lanes":null,"cycleway":null,"footway":null,"crossing":null,"lit":null,"motor_vehicle:conditional":null,"motor_vehicle":null,"horse":null,"operator":null,"emergency":null,"bus":null,"psv":null,"oneway:bicycle":null,"sidewalk":null,"foot":null,"bicycle":null,"cycleway:right":"lane","access":null,"maxspeed":null,"destination:street":null,"surface":null,"oneway":"yes","name":"Avenida Garcés","lanes":null,"alt_name":null,"longitud_m":5.5423635635461999,"id_segmento":366,"id_nodo":23,"fin_id_nodo":312},"geometry":{"type":"MultiLineString","coordinates":[[[1060897.558603708865121,864601.330516875255853],[1060902.62681817705743,864599.085375741822645]]]}},
{"type":"Feature","properties":{"fid":367,"full_id":"w1198489249","osm_id":"1198489249","osm_type":"way","highway":"service","ford":null,"width":null,"covered":null,"tunnel":null,"layer":null,"bridge":null,"disused:highway":null,"service":null,"noname":null,"motorroad":null,"smoothness":null,"motorcycle":null,"busway:right":null,"tactile_paving":null,"turn:lanes":null,"cycleway":null,"footway":null,"crossing":null,"lit":null,"motor_vehicle:conditional":null,"motor_vehicle":null,"horse":null,"operator":null,"emergency":null,"bus":null,"psv":null,"oneway:bicycle":null,"sidewalk":null,"foot":null,"bicycle":null,"cycleway:right":"lane","access":null,"maxspeed":"20","destination:street":null,"surface":null,"oneway":"yes","name":"Avenida Garcés","lanes":null,"alt_name":null,"longitud_m":5.6021264925757874,"id_segmento":367,"id_nodo":239,"fin_id_nodo":24},"geometry":{"type":"MultiLineString","coordinates":[[[1060903.416061051655561,864611.007588154403493],[1060898.347848454723135,864613.396503700874746]]]}},
{"type":"Feature","properties":{"fid":368,"full_id":"w1198489249","osm_id":"1198489249","osm_type":"way","highway":"service","ford":null,"width":null,"covered":null,"tunnel":null,"layer":null,"bridge":null,"disused:highway":null,"service":null,"noname":null,"motorroad":null,"smoothness":null,"motorcycle":null,"busway:right":null,"tactile_paving":null,"turn:lanes":null,"cycleway":null,"footway":null,"crossing":null,"lit":null,"motor_vehicle:conditional":null,"motor_vehicle":null,"horse":null,"operator":null,"emergency":null,"bus":null,"psv":null,"oneway:bicycle":null,"sidewalk":null,"foot":null,"bicycle":null,"cycleway:right":"lane","access":null,"maxspeed":"20","destination:street":null,"surface":null,"oneway":"yes","name":"Avenida Garcés","lanes":null,"alt_name":null,"longitud_m":63.337187357120683,"id_segmento":368,"id_nodo":24,"fin_id_nodo":14},"geometry":{"type":"MultiLineString","coordinates":[[[1060898.347848454723135,864613.396503700874746],[1060860.336282991338521,864633.591650082962587],[1060842.008479617070407,864642.328894121572375]]]}},
{"type":"Feature","properties":{"fid":369,"full_id":"w1198489249","osm_id":"1198489249","osm_type":"way","highway":"service","ford":null,"width":null,"covered":null,"tunnel":null,"layer":null,"bridge":null,"disused:highway":null,"service":null,"noname":null,"motorroad":null,"smoothness":null,"motorcycle":null,"busway:right":null,"tactile_paving":null,"turn:lanes":null,"cycleway":null,"footway":null,"crossing":null,"lit":null,"motor_vehicle:conditional":null,"motor_vehicle":null,"horse":null,"operator":null,"emergency":null,"bus":null,"psv":null,"oneway:bicycle":null,"sidewalk":null,"foot":null,"bicycle":null,"cycleway:right":"lane","access":null,"maxspeed":"20","destination:street":null,"surface":null,"oneway":"yes","name":"Avenida Garcés","lanes":null,"alt_name":null,"longitud_m":8.4903330663682226,"id_segmento":369,"id_nodo":14,"fin_id_nodo":162},"geometry":{"type":"MultiLineString","coordinates":[[[1060842.008479617070407,864642.328894121572375],[1060834.561773585621268,864646.409951160894707]]]}},
{"type":"Feature","properties":{"fid":370,"full_id":"w1198489249","osm_id":"1198489249","osm_type":"way","highway":"service","ford":null,"width":null,"covered":null,"tunnel":null,"layer":null,"bridge":null,"disused:highway":null,"service":null,"noname":null,"motorroad":null,"smoothness":null,"motorcycle":null,"busway:right":null,"tactile_paving":null,"turn:lanes":null,"cycleway":null,"footway":null,"crossing":null,"lit":null,"motor_vehicle:conditional":null,"motor_vehicle":null,"horse":null,"operator":null,"emergency":null,"bus":null,"psv":null,"oneway:bicycle":null,"sidewalk":null,"foot":null,"bicycle":null,"cycleway:right":"lane","access":null,"maxspeed":"20","destination:street":null,"surface":null,"oneway":"yes","name":"Avenida Garcés","lanes":null,"alt_name":null,"longitud_m":10.075161631478306,"id_segmento":370,"id_nodo":162,"fin_id_nodo":103},"geometry":{"type":"MultiLineString","coordinates":[[[1060834.561773585621268,864646.409951160894707],[1060825.636839461978525,864651.08824063744396]]]}},
{"type":"Feature","properties":{"fid":371,"full_id":"w1228070612","osm_id":"1228070612","osm_type":"way","highway":"footway","ford":null,"width":null,"covered":null,"tunnel":null,"layer":null,"bridge":null,"disused:highway":null,"service":null,"noname":null,"motorroad":null,"smoothness":null,"motorcycle":null,"busway:right":null,"tactile_paving":null,"turn:lanes":null,"cycleway":null,"footway":"crossing","crossing":"zebra","lit":null,"motor_vehicle:conditional":null,"motor_vehicle":null,"horse":null,"operator":null,"emergency":null,"bus":null,"psv":null,"oneway:bicycle":null,"sidewalk":null,"foot":null,"bicycle":null,"cycleway:right":null,"access":null,"maxspeed":null,"destination:street":null,"surface":null,"oneway":null,"name":null,"lanes":null,"alt_name":null,"longitud_m":4.9577314817915683,"id_segmento":371,"id_nodo":226,"fin_id_nodo":127},"geometry":{"type":"MultiLineString","coordinates":[[[1060079.427180113270879,864574.245451789814979],[1060075.303634335286915,864571.491688947658986]]]}},
{"type":"Feature","properties":{"fid":372,"full_id":"w1242288369","osm_id":"1242288369","osm_type":"way","highway":"footway","ford":null,"width":null,"covered":null,"tunnel":null,"layer":null,"bridge":null,"disused:highway":null,"service":null,"noname":null,"motorroad":null,"smoothness":null,"motorcycle":null,"busway:right":null,"tactile_paving":null,"turn:lanes":null,"cycleway":null,"footway":null,"crossing":null,"lit":null,"motor_vehicle:conditional":null,"motor_vehicle":null,"horse":null,"operator":null,"emergency":null,"bus":null,"psv":null,"oneway:bicycle":null,"sidewalk":null,"foot":null,"bicycle":null,"cycleway:right":null,"access":null,"maxspeed":null,"destination:street":null,"surface":null,"oneway":null,"name":null,"lanes":null,"alt_name":null,"longitud_m":70.750337412794721,"id_segmento":372,"id_nodo":226,"fin_id_nodo":288},"geometry":{"type":"MultiLineString","coordinates":[[[1060079.427180113270879,864574.245451789814979],[1060074.448024398181587,864583.989021307439543],[1060071.836222941987216,864591.000835661194287],[1060069.102236385690048,864602.425421866821125],[1060068.113230753457174,864613.617726951604709],[1060065.957504094345495,864642.892454280983657]]]}},
{"type":"Feature","properties":{"fid":373,"full_id":"w1242288369","osm_id":"1242288369","osm_type":"way","highway":"footway","ford":null,"width":null,"covered":null,"tunnel":null,"layer":null,"bridge":null,"disused:highway":null,"service":null,"noname":null,"motorroad":null,"smoothness":null,"motorcycle":null,"busway:right":null,"tactile_paving":null,"turn:lanes":null,"cycleway":null,"footway":null,"crossing":null,"lit":null,"motor_vehicle:conditional":null,"motor_vehicle":null,"horse":null,"operator":null,"emergency":null,"bus":null,"psv":null,"oneway:bicycle":null,"sidewalk":null,"foot":null,"bicycle":null,"cycleway:right":null,"access":null,"maxspeed":null,"destination:street":null,"surface":null,"oneway":null,"name":null,"lanes":null,"alt_name":null,"longitud_m":66.921363653760238,"id_segmento":373,"id_nodo":288,"fin_id_nodo":291},"geometry":{"type":"MultiLineString","coordinates":[[[1060065.957504094345495,864642.892454280983657],[1060064.258113212184981,864709.802901110961102]]]}},
{"type":"Feature","properties":{"fid":374,"full_id":"w1242288369","osm_id":"1242288369","osm_type":"way","highway":"footway","ford":null,"width":null,"covered":null,"tunnel":null,"layer":null,"bridge":null,"disused:highway":null,"service":null,"noname":null,"motorroad":null,"smoothness":null,"motorcycle":null,"busway:right":null,"tactile_paving":null,"turn:lanes":null,"cycleway":null,"footway":null,"crossing":null,"lit":null,"motor_vehicle:conditional":null,"motor_vehicle":null,"horse":null,"operator":null,"emergency":null,"bus":null,"psv":null,"oneway:bicycle":null,"sidewalk":null,"foot":null,"bicycle":null,"cycleway:right":null,"access":null,"maxspeed":null,"destination:street":null,"surface":null,"oneway":null,"name":null,"lanes":null,"alt_name":null,"longitud_m":266.84877182986179,"id_segmento":374,"id_nodo":291,"fin_id_nodo":303},"geometry":{"type":"MultiLineString","coordinates":[[[1060064.258113212184981,864709.802901110961102],[1060061.947361089289188,864772.930984551901929],[1060061.86978177819401,864786.025520480703562],[1060054.970906366361305,864976.526787415146828]]]}},
{"type":"Feature","properties":{"fid":375,"full_id":"w1242288369","osm_id":"1242288369","osm_type":"way","highway":"footway","ford":null,"width":null,"covered":null,"tunnel":null,"layer":null,"bridge":null,"disused:highway":null,"service":null,"noname":null,"motorroad":null,"smoothness":null,"motorcycle":null,"busway:right":null,"tactile_paving":null,"turn:lanes":null,"cycleway":null,"footway":null,"crossing":null,"lit":null,"motor_vehicle:conditional":null,"motor_vehicle":null,"horse":null,"operator":null,"emergency":null,"bus":null,"psv":null,"oneway:bicycle":null,"sidewalk":null,"foot":null,"bicycle":null,"cycleway:right":null,"access":null,"maxspeed":null,"destination:street":null,"surface":null,"oneway":null,"name":null,"lanes":null,"alt_name":null,"longitud_m":652.38610631692882,"id_segmento":375,"id_nodo":303,"fin_id_nodo":157},"geometry":{"type":"MultiLineString","coordinates":[[[1060054.970906366361305,864976.526787415146828],[1060050.516255804803222,865109.186444682418369],[1060039.49426153767854,865317.659590938710608],[1060017.734601964941248,865460.394825694034807],[1060020.713437617057934,865469.57421856361907],[1060021.902831725776196,865478.012651791214012],[1060023.24792071362026,865491.781796524534002],[1060023.248126530088484,865503.62659934128169],[1060023.848415234591812,865509.84206881839782],[1060025.626836287556216,865516.057517470209859],[1060030.69514916674234,865523.024959086440504],[1060036.363588165026158,865526.873590775183402],[1060043.821433720178902,865529.538817108492367],[1060053.21315607894212,865529.981036073993891],[1060124.601207780418918,865524.206719801877625],[1060124.167651619762182,865518.588463911553845]]]}},
{"type":"Feature","properties":{"fid":376,"full_id":"w1242288370","osm_id":"1242288370","osm_type":"way","highway":"service","ford":null,"width":null,"covered":null,"tunnel":null,"layer":null,"bridge":null,"disused:highway":null,"service":null,"noname":null,"motorroad":null,"smoothness":null,"motorcycle":null,"busway:right":null,"tactile_paving":null,"turn:lanes":null,"cycleway":null,"footway":null,"crossing":null,"lit":null,"motor_vehicle:conditional":null,"motor_vehicle":null,"horse":null,"operator":null,"emergency":null,"bus":null,"psv":null,"oneway:bicycle":null,"sidewalk":null,"foot":null,"bicycle":null,"cycleway:right":null,"access":null,"maxspeed":null,"destination:street":null,"surface":null,"oneway":null,"name":null,"lanes":null,"alt_name":null,"longitud_m":6.1195546909221736,"id_segmento":376,"id_nodo":302,"fin_id_nodo":291},"geometry":{"type":"MultiLineString","coordinates":[[[1060069.893144416622818,864707.413935925462283],[1060064.258113212184981,864709.802901110961102]]]}},
{"type":"Feature","properties":{"fid":377,"full_id":"w1242288370","osm_id":"1242288370","osm_type":"way","highway":"service","ford":null,"width":null,"covered":null,"tunnel":null,"layer":null,"bridge":null,"disused:highway":null,"service":null,"noname":null,"motorroad":null,"smoothness":null,"motorcycle":null,"busway:right":null,"tactile_paving":null,"turn:lanes":null,"cycleway":null,"footway":null,"crossing":null,"lit":null,"motor_vehicle:conditional":null,"motor_vehicle":null,"horse":null,"operator":null,"emergency":null,"bus":null,"psv":null,"oneway:bicycle":null,"sidewalk":null,"foot":null,"bicycle":null,"cycleway:right":null,"access":null,"maxspeed":null,"destination:street":null,"surface":null,"oneway":null,"name":null,"lanes":null,"alt_name":null,"longitud_m":6.609370345585984,"id_segmento":377,"id_nodo":291,"fin_id_nodo":232},"geometry":{"type":"MultiLineString","coordinates":[[[1060064.258113212184981,864709.802901110961102],[1060058.111814195523039,864712.236113766557537]]]}},
{"type":"Feature","properties":{"fid":378,"full_id":"w1242288371","osm_id":"1242288371","osm_type":"way","highway":"service","ford":null,"width":null,"covered":null,"tunnel":null,"layer":null,"bridge":null,"disused:highway":"service","service":"driveway","noname":null,"motorroad":null,"smoothness":null,"motorcycle":null,"busway:right":null,"tactile_paving":null,"turn:lanes":null,"cycleway":null,"footway":null,"crossing":null,"lit":null,"motor_vehicle:conditional":null,"motor_vehicle":null,"horse":null,"operator":null,"emergency":null,"bus":null,"psv":null,"oneway:bicycle":null,"sidewalk":null,"foot":null,"bicycle":null,"cycleway:right":null,"access":null,"maxspeed":null,"destination:street":null,"surface":null,"oneway":null,"name":null,"lanes":null,"alt_name":null,"longitud_m":6.0475747728891029,"id_segmento":378,"id_nodo":234,"fin_id_nodo":288},"geometry":{"type":"MultiLineString","coordinates":[[[1060060.522445749025792,864640.238250860362314],[1060065.957504094345495,864642.892454280983657]]]}},
{"type":"Feature","properties":{"fid":379,"full_id":"w1242288371","osm_id":"1242288371","osm_type":"way","highway":"service","ford":null,"width":null,"covered":null,"tunnel":null,"layer":null,"bridge":null,"disused:highway":"service","service":"driveway","noname":null,"motorroad":null,"smoothness":null,"motorcycle":null,"busway:right":null,"tactile_paving":null,"turn:lanes":null,"cycleway":null,"footway":null,"crossing":null,"lit":null,"motor_vehicle:conditional":null,"motor_vehicle":null,"horse":null,"operator":null,"emergency":null,"bus":null,"psv":null,"oneway:bicycle":null,"sidewalk":null,"foot":null,"bicycle":null,"cycleway:right":null,"access":null,"maxspeed":null,"destination:street":null,"surface":null,"oneway":null,"name":null,"lanes":null,"alt_name":null,"longitud_m":7.0950472609660196,"id_segmento":379,"id_nodo":288,"fin_id_nodo":285},"geometry":{"type":"MultiLineString","coordinates":[[[1060065.957504094345495,864642.892454280983657],[1060072.326192086096853,864646.022203530999832]]]}},
{"type":"Feature","properties":{"fid":380,"full_id":"w1248246244","osm_id":"1248246244","osm_type":"way","highway":"footway","ford":null,"width":null,"covered":null,"tunnel":null,"layer":null,"bridge":null,"disused:highway":null,"service":null,"noname":null,"motorroad":null,"smoothness":null,"motorcycle":null,"busway:right":null,"tactile_paving":null,"turn:lanes":null,"cycleway":null,"footway":"crossing","crossing":"zebra","lit":null,"motor_vehicle:conditional":null,"motor_vehicle":null,"horse":null,"operator":null,"emergency":null,"bus":null,"psv":null,"oneway:bicycle":null,"sidewalk":null,"foot":null,"bicycle":null,"cycleway:right":null,"access":null,"maxspeed":null,"destination:street":null,"surface":null,"oneway":null,"name":null,"lanes":null,"alt_name":null,"longitud_m":6.0011771088346686,"id_segmento":380,"id_nodo":287,"fin_id_nodo":204},"geometry":{"type":"MultiLineString","coordinates":[[[1060890.888889396563172,864495.766954620601609],[1060896.890752154402435,864495.711599812144414]]]}},
{"type":"Feature","properties":{"fid":381,"full_id":"w1248246244","osm_id":"1248246244","osm_type":"way","highway":"footway","ford":null,"width":null,"covered":null,"tunnel":null,"layer":null,"bridge":null,"disused:highway":null,"service":null,"noname":null,"motorroad":null,"smoothness":null,"motorcycle":null,"busway:right":null,"tactile_paving":null,"turn:lanes":null,"cycleway":null,"footway":"crossing","crossing":"zebra","lit":null,"motor_vehicle:conditional":null,"motor_vehicle":null,"horse":null,"operator":null,"emergency":null,"bus":null,"psv":null,"oneway:bicycle":null,"sidewalk":null,"foot":null,"bicycle":null,"cycleway:right":null,"access":null,"maxspeed":null,"destination:street":null,"surface":null,"oneway":null,"name":null,"lanes":null,"alt_name":null,"longitud_m":5.8790541717554552,"id_segmento":381,"id_nodo":298,"fin_id_nodo":294},"geometry":{"type":"MultiLineString","coordinates":[[[1060898.247003175551072,864525.384421695838682],[1060892.367402310017496,864525.450834838906303]]]}},
{"type":"Feature","properties":{"fid":382,"full_id":"w1248246245","osm_id":"1248246245","osm_type":"way","highway":"footway","ford":null,"width":null,"covered":null,"tunnel":null,"layer":null,"bridge":null,"disused:highway":null,"service":null,"noname":null,"motorroad":null,"smoothness":null,"motorcycle":null,"busway:right":null,"tactile_paving":null,"turn:lanes":null,"cycleway":null,"footway":"sidewalk","crossing":null,"lit":null,"motor_vehicle:conditional":null,"motor_vehicle":null,"horse":null,"operator":null,"emergency":null,"bus":null,"psv":null,"oneway:bicycle":null,"sidewalk":null,"foot":null,"bicycle":null,"cycleway:right":null,"access":null,"maxspeed":null,"destination:street":null,"surface":null,"oneway":null,"name":null,"lanes":null,"alt_name":null,"longitud_m":69.861764157008409,"id_segmento":382,"id_nodo":22,"fin_id_nodo":294},"geometry":{"type":"MultiLineString","coordinates":[[[1060897.158422715030611,864595.159278853214346],[1060892.367402310017496,864525.450834838906303]]]}},
{"type":"Feature","properties":{"fid":383,"full_id":"w1248246245","osm_id":"1248246245","osm_type":"way","highway":"footway","ford":null,"width":null,"covered":null,"tunnel":null,"layer":null,"bridge":null,"disused:highway":null,"service":null,"noname":null,"motorroad":null,"smoothness":null,"motorcycle":null,"busway:right":null,"tactile_paving":null,"turn:lanes":null,"cycleway":null,"footway":"sidewalk","crossing":null,"lit":null,"motor_vehicle:conditional":null,"motor_vehicle":null,"horse":null,"operator":null,"emergency":null,"bus":null,"psv":null,"oneway:bicycle":null,"sidewalk":null,"foot":null,"bicycle":null,"cycleway:right":null,"access":null,"maxspeed":null,"destination:street":null,"surface":null,"oneway":null,"name":null,"lanes":null,"alt_name":null,"longitud_m":29.715944913426821,"id_segmento":383,"id_nodo":294,"fin_id_nodo":287},"geometry":{"type":"MultiLineString","coordinates":[[[1060892.367402310017496,864525.450834838906303],[1060890.888889396563172,864495.766954620601609]]]}},
{"type":"Feature","properties":{"fid":384,"full_id":"w1248246245","osm_id":"1248246245","osm_type":"way","highway":"footway","ford":null,"width":null,"covered":null,"tunnel":null,"layer":null,"bridge":null,"disused:highway":null,"service":null,"noname":null,"motorroad":null,"smoothness":null,"motorcycle":null,"busway:right":null,"tactile_paving":null,"turn:lanes":null,"cycleway":null,"footway":"sidewalk","crossing":null,"lit":null,"motor_vehicle:conditional":null,"motor_vehicle":null,"horse":null,"operator":null,"emergency":null,"bus":null,"psv":null,"oneway:bicycle":null,"sidewalk":null,"foot":null,"bicycle":null,"cycleway:right":null,"access":null,"maxspeed":null,"destination:street":null,"surface":null,"oneway":null,"name":null,"lanes":null,"alt_name":null,"longitud_m":218.2900441543203,"id_segmento":384,"id_nodo":287,"fin_id_nodo":25},"geometry":{"type":"MultiLineString","coordinates":[[[1060890.888889396563172,864495.766954620601609],[1060876.575593400746584,864277.911825464689173]]]}},
{"type":"Feature","properties":{"fid":385,"full_id":"w1248246246","osm_id":"1248246246","osm_type":"way","highway":"footway","ford":null,"width":null,"covered":null,"tunnel":null,"layer":null,"bridge":null,"disused:highway":null,"service":null,"noname":null,"motorroad":null,"smoothness":null,"motorcycle":null,"busway:right":null,"tactile_paving":null,"turn:lanes":null,"cycleway":null,"footway":"crossing","crossing":null,"lit":null,"motor_vehicle:conditional":null,"motor_vehicle":null,"horse":null,"operator":null,"emergency":null,"bus":null,"psv":null,"oneway:bicycle":null,"sidewalk":null,"foot":null,"bicycle":null,"cycleway:right":null,"access":null,"maxspeed":null,"destination:street":null,"surface":null,"oneway":null,"name":null,"lanes":null,"alt_name":null,"longitud_m":4.9871708031024315,"id_segmento":385,"id_nodo":26,"fin_id_nodo":24},"geometry":{"type":"MultiLineString","coordinates":[[[1060898.68133097467944,864618.373308459413238],[1060898.347848454723135,864613.396503700874746]]]}},
{"type":"Feature","properties":{"fid":386,"full_id":"w1248246246","osm_id":"1248246246","osm_type":"way","highway":"footway","ford":null,"width":null,"covered":null,"tunnel":null,"layer":null,"bridge":null,"disused:highway":null,"service":null,"noname":null,"motorroad":null,"smoothness":null,"motorcycle":null,"busway:right":null,"tactile_paving":null,"turn:lanes":null,"cycleway":null,"footway":"crossing","crossing":null,"lit":null,"motor_vehicle:conditional":null,"motor_vehicle":null,"horse":null,"operator":null,"emergency":null,"bus":null,"psv":null,"oneway:bicycle":null,"sidewalk":null,"foot":null,"bicycle":null,"cycleway:right":null,"access":null,"maxspeed":null,"destination:street":null,"surface":null,"oneway":null,"name":null,"lanes":null,"alt_name":null,"longitud_m":12.089846161613726,"id_segmento":386,"id_nodo":24,"fin_id_nodo":23},"geometry":{"type":"MultiLineString","coordinates":[[[1060898.347848454723135,864613.396503700874746],[1060897.558603708865121,864601.330516875255853]]]}},
{"type":"Feature","properties":{"fid":387,"full_id":"w1248246246","osm_id":"1248246246","osm_type":"way","highway":"footway","ford":null,"width":null,"covered":null,"tunnel":null,"layer":null,"bridge":null,"disused:highway":null,"service":null,"noname":null,"motorroad":null,"smoothness":null,"motorcycle":null,"busway:right":null,"tactile_paving":null,"turn:lanes":null,"cycleway":null,"footway":"crossing","crossing":null,"lit":null,"motor_vehicle:conditional":null,"motor_vehicle":null,"horse":null,"operator":null,"emergency":null,"bus":null,"psv":null,"oneway:bicycle":null,"sidewalk":null,"foot":null,"bicycle":null,"cycleway:right":null,"access":null,"maxspeed":null,"destination:street":null,"surface":null,"oneway":null,"name":null,"lanes":null,"alt_name":null,"longitud_m":6.1832146481792503,"id_segmento":387,"id_nodo":23,"fin_id_nodo":22},"geometry":{"type":"MultiLineString","coordinates":[[[1060897.558603708865121,864601.330516875255853],[1060897.158422715030611,864595.159278853214346]]]}},
{"type":"Feature","properties":{"fid":388,"full_id":"w1248246247","osm_id":"1248246247","osm_type":"way","highway":"footway","ford":null,"width":null,"covered":null,"tunnel":null,"layer":null,"bridge":null,"disused:highway":null,"service":null,"noname":null,"motorroad":null,"smoothness":null,"motorcycle":null,"busway:right":null,"tactile_paving":null,"turn:lanes":null,"cycleway":null,"footway":"sidewalk","crossing":null,"lit":null,"motor_vehicle:conditional":null,"motor_vehicle":null,"horse":null,"operator":null,"emergency":null,"bus":null,"psv":null,"oneway:bicycle":null,"sidewalk":null,"foot":null,"bicycle":null,"cycleway:right":null,"access":null,"maxspeed":null,"destination:street":null,"surface":null,"oneway":null,"name":null,"lanes":null,"alt_name":null,"longitud_m":847.94910698072965,"id_segmento":388,"id_nodo":15,"fin_id_nodo":26},"geometry":{"type":"MultiLineString","coordinates":[[[1060939.568129521561787,865461.322534551844001],[1060943.235863905400038,865457.009267876972444],[1060947.448187093250453,865450.406664798269048],[1060949.626580975251272,865445.750564966117963],[1060951.860527369426563,865438.816192617407069],[1060898.68133097467944,864618.373308459413238]]]}},
{"type":"Feature","properties":{"fid":389,"full_id":"w1248246248","osm_id":"1248246248","osm_type":"way","highway":"footway","ford":null,"width":null,"covered":null,"tunnel":null,"layer":null,"bridge":null,"disused:highway":null,"service":null,"noname":null,"motorroad":null,"smoothness":null,"motorcycle":null,"busway:right":null,"tactile_paving":null,"turn:lanes":null,"cycleway":null,"footway":"crossing","crossing":"zebra","lit":null,"motor_vehicle:conditional":null,"motor_vehicle":null,"horse":null,"operator":null,"emergency":null,"bus":null,"psv":null,"oneway:bicycle":null,"sidewalk":null,"foot":null,"bicycle":null,"cycleway:right":null,"access":null,"maxspeed":null,"destination:street":null,"surface":null,"oneway":null,"name":null,"lanes":null,"alt_name":null,"longitud_m":7.4267898895961508,"id_segmento":389,"id_nodo":314,"fin_id_nodo":15},"geometry":{"type":"MultiLineString","coordinates":[[[1060945.670006804401055,865465.558295971597545],[1060939.568129521561787,865461.322534551844001]]]}},
{"type":"Feature","properties":{"fid":390,"full_id":"w1257576562","osm_id":"1257576562","osm_type":"way","highway":"footway","ford":null,"width":null,"covered":null,"tunnel":null,"layer":null,"bridge":null,"disused:highway":null,"service":null,"noname":null,"motorroad":null,"smoothness":null,"motorcycle":null,"busway:right":null,"tactile_paving":null,"turn:lanes":null,"cycleway":null,"footway":"crossing","crossing":"zebra","lit":null,"motor_vehicle:conditional":null,"motor_vehicle":null,"horse":null,"operator":null,"emergency":null,"bus":null,"psv":null,"oneway:bicycle":null,"sidewalk":null,"foot":null,"bicycle":null,"cycleway:right":null,"access":null,"maxspeed":null,"destination:street":null,"surface":null,"oneway":null,"name":null,"lanes":null,"alt_name":null,"longitud_m":1.2352946496104762,"id_segmento":390,"id_nodo":17,"fin_id_nodo":30},"geometry":{"type":"MultiLineString","coordinates":[[[1060592.752754769753665,865486.929154419107363],[1060593.986459001433104,865486.862781779957004]]]}},
{"type":"Feature","properties":{"fid":391,"full_id":"w1257576562","osm_id":"1257576562","osm_type":"way","highway":"footway","ford":null,"width":null,"covered":null,"tunnel":null,"layer":null,"bridge":null,"disused:highway":null,"service":null,"noname":null,"motorroad":null,"smoothness":null,"motorcycle":null,"busway:right":null,"tactile_paving":null,"turn:lanes":null,"cycleway":null,"footway":"crossing","crossing":"zebra","lit":null,"motor_vehicle:conditional":null,"motor_vehicle":null,"horse":null,"operator":null,"emergency":null,"bus":null,"psv":null,"oneway:bicycle":null,"sidewalk":null,"foot":null,"bicycle":null,"cycleway:right":null,"access":null,"maxspeed":null,"destination:street":null,"surface":null,"oneway":null,"name":null,"lanes":null,"alt_name":null,"longitud_m":1.4134361838040765,"id_segmento":391,"id_nodo":30,"fin_id_nodo":18},"geometry":{"type":"MultiLineString","coordinates":[[[1060593.986459001433104,865486.862781779957004],[1060595.397994456347078,865486.785347394295968]]]}},
{"type":"Feature","properties":{"fid":392,"full_id":"w1257576563","osm_id":"1257576563","osm_type":"way","highway":"footway","ford":null,"width":null,"covered":null,"tunnel":null,"layer":null,"bridge":null,"disused:highway":null,"service":null,"noname":null,"motorroad":null,"smoothness":null,"motorcycle":null,"busway:right":null,"tactile_paving":null,"turn:lanes":null,"cycleway":null,"footway":"sidewalk","crossing":null,"lit":null,"motor_vehicle:conditional":null,"motor_vehicle":null,"horse":null,"operator":null,"emergency":null,"bus":null,"psv":null,"oneway:bicycle":null,"sidewalk":null,"foot":null,"bicycle":null,"cycleway:right":null,"access":null,"maxspeed":null,"destination:street":null,"surface":null,"oneway":null,"name":null,"lanes":null,"alt_name":null,"longitud_m":23.655575417308608,"id_segmento":392,"id_nodo":29,"fin_id_nodo":17},"geometry":{"type":"MultiLineString","coordinates":[[[1060581.182780012488365,865501.494755479856394],[1060580.460245777154341,865493.764122850960121],[1060589.218431460671127,865493.100439850240946],[1060592.752754769753665,865486.929154419107363]]]}},
{"type":"Feature","properties":{"fid":393,"full_id":"w1257576564","osm_id":"1257576564","osm_type":"way","highway":"footway","ford":null,"width":null,"covered":null,"tunnel":null,"layer":null,"bridge":null,"disused:highway":null,"service":null,"noname":null,"motorroad":null,"smoothness":null,"motorcycle":null,"busway:right":null,"tactile_paving":null,"turn:lanes":null,"cycleway":null,"footway":"sidewalk","crossing":null,"lit":null,"motor_vehicle:conditional":null,"motor_vehicle":null,"horse":null,"operator":null,"emergency":null,"bus":null,"psv":null,"oneway:bicycle":null,"sidewalk":null,"foot":null,"bicycle":null,"cycleway:right":null,"access":null,"maxspeed":null,"destination:street":null,"surface":null,"oneway":null,"name":null,"lanes":null,"alt_name":null,"longitud_m":353.04668045492758,"id_segmento":393,"id_nodo":18,"fin_id_nodo":15},"geometry":{"type":"MultiLineString","coordinates":[[[1060595.397994456347078,865486.785347394295968],[1060603.489433888345957,865496.174825749825686],[1060922.385277268011123,865473.101136947982013],[1060927.397877650568262,865470.701163487043232],[1060932.399357156129554,865467.560198965016752],[1060935.767015667399392,865464.939049459062517],[1060939.568129521561787,865461.322534551844001]]]}},
{"type":"Feature","properties":{"fid":394,"full_id":"w1366389750","osm_id":"1366389750","osm_type":"way","highway":"footway","ford":null,"width":null,"covered":null,"tunnel":null,"layer":null,"bridge":null,"disused:highway":null,"service":null,"noname":null,"motorroad":null,"smoothness":null,"motorcycle":null,"busway:right":null,"tactile_paving":null,"turn:lanes":null,"cycleway":null,"footway":null,"crossing":null,"lit":null,"motor_vehicle:conditional":null,"motor_vehicle":null,"horse":null,"operator":null,"emergency":null,"bus":null,"psv":null,"oneway:bicycle":null,"sidewalk":null,"foot":null,"bicycle":null,"cycleway:right":null,"access":null,"maxspeed":null,"destination:street":null,"surface":null,"oneway":null,"name":null,"lanes":null,"alt_name":null,"longitud_m":79.688323779351222,"id_segmento":394,"id_nodo":16,"fin_id_nodo":13},"geometry":{"type":"MultiLineString","coordinates":[[[1060391.222304399358109,864470.413285128655843],[1060394.567877237219363,864476.816730426158756],[1060408.172334442380816,864493.616029762546532],[1060422.632700603688136,864517.161658525583334],[1060427.245415887329727,864529.891163038904779],[1060427.245547654340044,864539.579349097795784]]]}},
{"type":"Feature","properties":{"fid":395,"full_id":"w1386046065","osm_id":"1386046065","osm_type":"way","highway":"service","ford":null,"width":null,"covered":null,"tunnel":null,"layer":null,"bridge":null,"disused:highway":null,"service":null,"noname":null,"motorroad":null,"smoothness":null,"motorcycle":null,"busway:right":null,"tactile_paving":null,"turn:lanes":null,"cycleway":null,"footway":null,"crossing":null,"lit":null,"motor_vehicle:conditional":null,"motor_vehicle":null,"horse":null,"operator":null,"emergency":null,"bus":null,"psv":null,"oneway:bicycle":null,"sidewalk":null,"foot":null,"bicycle":null,"cycleway:right":null,"access":null,"maxspeed":null,"destination:street":null,"surface":null,"oneway":"yes","name":null,"lanes":null,"alt_name":null,"longitud_m":11.387886433443104,"id_segmento":395,"id_nodo":14,"fin_id_nodo":12},"geometry":{"type":"MultiLineString","coordinates":[[[1060842.008479617070407,864642.328894121572375],[1060836.239933440927416,864632.508050891105086]]]}},
{"type":"Feature","properties":{"fid":396,"full_id":null,"osm_id":null,"osm_type":null,"highway":null,"ford":null,"width":null,"covered":null,"tunnel":null,"layer":null,"bridge":null,"disused:highway":null,"service":null,"noname":null,"motorroad":null,"smoothness":null,"motorcycle":null,"busway:right":null,"tactile_paving":null,"turn:lanes":null,"cycleway":null,"footway":null,"crossing":null,"lit":null,"motor_vehicle:conditional":null,"motor_vehicle":null,"horse":null,"operator":null,"emergency":null,"bus":null,"psv":null,"oneway:bicycle":null,"sidewalk":null,"foot":null,"bicycle":null,"cycleway:right":null,"access":null,"maxspeed":null,"destination:street":null,"surface":null,"oneway":null,"name":null,"lanes":null,"alt_name":null,"longitud_m":null,"id_segmento":396,"id_nodo":325,"fin_id_nodo":170},"geometry":{"type":"MultiLineString","coordinates":[[[1060491.398551328806207,864677.652741375262849],[1060487.544230450410396,864572.905903386417776]]]}}
]
}
