{
"type": "FeatureCollection",
"name": "edificios",
"crs": { "type": "name", "properties": { "name": "urn:ogc:def:crs:EPSG::6249" } },
"features": [
{"type":"Feature","properties":{"fid":1,"full_id":"r5597395","osm_id":"5597395","osm_type":"relation","building":"yes","operator":null,"place":null,"landuse":null,"power":null,"highway":null,"height":null,"addr:place":null,"addr:city":null,"shop":null,"sport":null,"leisure":null,"public_transport":null,"network":null,"name":null,"bus":null,"layer":null,"building:levels":null,"faculty":null,"type":"multipolygon","amenity":"library","addr:housenumber":"E19","addr:housename":"Biblioteca Central Mario Carvajal","altura":6},"geometry":{"type":"MultiPolygon","coordinates":[[[[1060400.523387412074953,865142.049969735671766],[1060400.578784410841763,865129.397817293414846],[1060370.847504468169063,865129.276586513849907],[1060316.164178390987217,865129.067257193149999],[1060316.631938436068594,865194.009063618723303],[1060400.979794237064198,865193.432740038144402],[1060400.523387412074953,865142.049969735671766]],[[1060337.3379111061804,865171.734776218188927],[1060337.159831245429814,865154.581380920135416],[1060354.498439266579226,865154.404173656948842],[1060354.665402044076473,865171.56862871919293],[1060337.3379111061804,865171.734776218188927]]]]}},
{"type":"Feature","properties":{"fid":2,"full_id":"r8754005","osm_id":"8754005","osm_type":"relation","building":"yes","operator":null,"place":null,"landuse":null,"power":null,"highway":null,"height":null,"addr:place":null,"addr:city":null,"shop":null,"sport":null,"leisure":null,"public_transport":null,"network":null,"name":null,"bus":null,"layer":null,"building:levels":null,"faculty":null,"type":"multipolygon","amenity":null,"addr:housenumber":"B14","addr:housename":"Servicio Geológico Colombiano - Ingeominas","altura":6},"geometry":{"type":"MultiPolygon","coordinates":[[[[1060858.269221747526899,864659.006569417892024],[1060887.600504584610462,864658.895689610391855],[1060887.633941106731072,864668.827185960719362],[1060891.012762332102284,864668.816094185458496],[1060891.068480411078781,864684.410091766621917],[1060888.82334298081696,864684.421172723989002],[1060888.867917487630621,864696.874251641798764],[1060859.281010500155389,864696.985133607173339],[1060859.236443329136819,864685.649071587715298],[1060849.111095888540149,864685.693409736151807],[1060849.066519490210339,864673.516820163349621],[1060857.146792198065668,864673.483561675180681],[1060857.1245293316897,864669.977677212329581],[1060858.313785510370508,864669.977665523649193],[1060858.269221747526899,864659.006569417892024]],[[1060866.371864354936406,864673.605126661946997],[1060867.905658155214041,864672.222665082081221],[1060879.042428757064044,864672.012425388675183],[1060880.331729140365496,864673.428038344252855],[1060880.565233925590292,864683.978868863894604],[1060879.242619038559496,864685.637817555922084],[1060868.294796948553994,864685.836995816789567],[1060866.572029616916552,864684.443506377167068],[1060866.371864354936406,864673.605126661946997]]]]}},
{"type":"Feature","properties":{"fid":3,"full_id":"r8779322","osm_id":"8779322","osm_type":"relation","building":"university","operator":null,"place":null,"landuse":null,"power":null,"highway":null,"height":null,"addr:place":null,"addr:city":null,"shop":null,"sport":null,"leisure":null,"public_transport":null,"network":null,"name":null,"bus":null,"layer":null,"building:levels":null,"faculty":null,"type":"multipolygon","amenity":null,"addr:housenumber":"E24","addr:housename":"Complejo Auditorios","altura":3},"geometry":{"type":"MultiPolygon","coordinates":[[[[1060543.732630312908441,865060.085545113426633],[1060534.941057502990589,865060.052479192730971],[1060532.029073213692755,865061.291188905481249],[1060529.472761091310531,865063.160289769410156],[1060527.416608438128605,865065.560243730549701],[1060525.971758591942489,865068.358334442251362],[1060525.204896709648892,865071.410786564229056],[1060525.149364134063944,865074.551706052618101],[1060525.827387981116772,865077.637318167719059],[1060527.183393293758854,865080.479610899579711],[1060529.161805700743571,865082.934810542152263],[1060531.651478626066819,865084.881263259914704],[1060534.530151313170791,865086.219434504630044],[1060537.631105166161433,865086.860849864548072],[1060540.798737089382485,865086.794451780384406],[1060543.866329492535442,865086.009182816720568],[1060546.667165332240984,865084.538223811658099],[1060549.290159140015021,865082.259918306954205],[1060563.683614615816623,865096.51552572415676],[1060559.771351912291721,865099.844506605528295],[1060565.773269436554983,865106.955736446660012],[1060561.183013462694362,865109.543734408449382],[1060562.116660629864782,865111.910471275332384],[1060552.913905896479264,865115.914153244928457],[1060552.247005552751943,865113.469996056868695],[1060548.7792909713462,865114.177852863562293],[1060549.112748991465196,865116.024797327932902],[1060540.954720596550032,865117.064501433982514],[1060535.141843272605911,865117.462720718351193],[1060535.030744094867259,865121.090262134326622],[1060523.038196343695745,865120.69227253482677],[1060522.982596528949216,865118.546716069919057],[1060517.736524653621018,865116.279571825987659],[1060512.890570658026263,865113.713814132963307],[1060510.500941191567108,865112.751662553288043],[1060507.299938771408051,865110.661445220466703],[1060502.965242786798626,865107.443166453507729],[1060501.042410027701408,865105.552004795987159],[1060499.630846596090123,865103.848849163972773],[1060496.574285252951086,865098.142149834660813],[1060495.307175525464118,865093.77363522478845],[1060491.728310352889821,865094.072291163378395],[1060489.938830536557361,865090.599608978955075],[1060488.449424515478313,865085.777654908713885],[1060487.77140817604959,865083.344557847012766],[1060487.326770037878305,865078.898615371319465],[1060487.548898556735367,865066.53400965500623],[1060487.926724065560848,865061.358124399441294],[1060488.960309970425442,865056.536136758280918],[1060501.264116708189249,865060.462122226832435],[1060502.531112804543227,865056.027216699090786],[1060512.000733874505386,865060.981781098991632],[1060517.213366887765005,865055.573581743985415],[1060522.359398356406018,865056.834306106902659],[1060522.459405223140493,865054.976296522188932],[1060518.358125625178218,865052.819733114796691],[1060543.688085181871429,865053.140133758424781],[1060543.732630312908441,865060.085545113426633]]]]}},
{"type":"Feature","properties":{"fid":4,"full_id":"r8779323","osm_id":"8779323","osm_type":"relation","building":"university","operator":null,"place":null,"landuse":null,"power":null,"highway":null,"height":null,"addr:place":null,"addr:city":null,"shop":null,"sport":null,"leisure":null,"public_transport":null,"network":null,"name":null,"bus":null,"layer":null,"building:levels":null,"faculty":"engineering","type":"multipolygon","amenity":null,"addr:housenumber":"E22","addr:housename":"Torre de Ingeniería","altura":10},"geometry":{"type":"MultiPolygon","coordinates":[[[[1060572.519345765234903,865072.383426188840531],[1060572.141282644122839,865058.536845364957117],[1060572.218971453839913,865049.357398695661686],[1060566.772865076316521,865049.434884034330025],[1060566.972890713950619,865046.55939250648953],[1060566.983993903035298,865045.641447797301225],[1060543.599078833824024,865045.940352790174074],[1060543.688085181871429,865053.140133758424781],[1060543.732630312908441,865060.085545113426633],[1060543.743765346473083,865061.722361793974414],[1060566.328438207972795,865061.865849818801507],[1060566.406371224205941,865072.527277334593236],[1060572.519345765234903,865072.383426188840531]]]]}},
{"type":"Feature","properties":{"fid":5,"full_id":"r8779324","osm_id":"8779324","osm_type":"relation","building":"university","operator":null,"place":null,"landuse":null,"power":null,"highway":null,"height":null,"addr:place":null,"addr:city":null,"shop":null,"sport":null,"leisure":null,"public_transport":null,"network":null,"name":null,"bus":null,"layer":null,"building:levels":null,"faculty":"engineering","type":"multipolygon","amenity":null,"addr:housenumber":"E23","addr:housename":"Edificio Espiritu Santo Potes","altura":6},"geometry":{"type":"MultiPolygon","coordinates":[[[[1060518.358125625178218,865052.819733114796691],[1060518.269118297146633,865045.675250033498742],[1060521.981362449936569,865045.630963439238258],[1060521.947986375074834,865043.076202480238862],[1060509.799833959899843,865043.231195056112483],[1060509.63295640819706,865030.789177474332973],[1060518.06886555464007,865030.678471480496228],[1060517.979858618695289,865023.567167118773796],[1060538.097115777200088,865023.467370706726797],[1060538.063693976961076,865017.251891037682071],[1060517.868634107755497,865017.351688470109366],[1060517.835205491865054,865010.693825882393867],[1060510.266225470462814,865010.727103518671356],[1060510.210503126028925,864999.070314171491191],[1060522.392005159752443,864999.003797794459388],[1060522.380858953809366,864996.515393985435367],[1060517.590505486121401,864996.548635040526278],[1060517.534817575477064,864987.524024093640037],[1060570.328741961158812,864987.246859689243138],[1060570.484711942728609,865017.085586034343578],[1060562.637869650963694,865017.118863417184912],[1060562.637946516275406,865023.334343514405191],[1060570.7293075195048,865023.301063066464849],[1060570.974112123018131,865046.526163568138145],[1060568.262173026101664,865046.537257162039168],[1060566.972890713950619,865046.55939250648953],[1060566.983993903035298,865045.641447797301225],[1060543.599078833824024,865045.940352790174074],[1060543.688085181871429,865053.140133758424781],[1060518.358125625178218,865052.819733114796691]],[[1060542.142484729643911,864998.638577159726992],[1060529.64977636327967,864998.70509528927505],[1060529.705468445783481,865008.138910448178649],[1060542.187061212491244,865008.072392467525788],[1060542.142484729643911,864998.638577159726992]],[[1060551.600932025583461,864998.583158611087129],[1060564.649365918012336,864998.516636067884974],[1060564.693940574303269,865007.96151095838286],[1060551.656622329959646,865008.028033354668878],[1060551.600932025583461,864998.583158611087129]],[[1060559.681417084764689,865017.64976025139913],[1060559.714837641455233,865023.865239927195944],[1060546.66640681005083,865023.931763077271171],[1060546.632985640782863,865017.727342978585511],[1060559.681417084764689,865017.64976025139913]],[[1060548.367050571599975,865033.863238057936542],[1060548.422737835207954,865043.042683044914156],[1060561.460051856702194,865042.976160251186229],[1060561.415480205556378,865033.796715117176063],[1060548.367050571599975,865033.863238057936542]],[[1060526.115816022036597,865034.427562217693776],[1060538.608520260080695,865034.361043671960942],[1060538.653093845350668,865043.540488796425052],[1060526.171505174133927,865043.607007192913443],[1060526.115816022036597,865034.427562217693776]]]]}},
{"type":"Feature","properties":{"fid":6,"full_id":"r8779722","osm_id":"8779722","osm_type":"relation","building":"university","operator":null,"place":null,"landuse":null,"power":null,"highway":null,"height":null,"addr:place":null,"addr:city":null,"shop":null,"sport":null,"leisure":null,"public_transport":null,"network":null,"name":null,"bus":null,"layer":null,"building:levels":null,"faculty":"Artes Integradas","type":"multipolygon","amenity":null,"addr:housenumber":null,"addr:housename":null,"altura":3},"geometry":{"type":"MultiPolygon","coordinates":[[[[1060269.092881517484784,865035.990603173035197],[1060269.015362209640443,865054.703402098501101],[1060268.993193923262879,865058.729087058221921],[1060273.027759133605286,865058.751144232810475],[1060291.444492905167863,865058.817220736760646],[1060309.060982547933236,865058.894372013397515],[1060309.160678565967828,865036.155888165696524],[1060305.893013605847955,865036.144877659389749],[1060269.092881517484784,865035.990603173035197]],[[1060272.093837463529781,865038.600616324343719],[1060272.038523506838828,865055.776134241954423],[1060306.46014465787448,865055.90832631685771],[1060306.515463919378817,865038.721748844021931],[1060272.093837463529781,865038.600616324343719]]]]}},
{"type":"Feature","properties":{"fid":7,"full_id":"r8779723","osm_id":"8779723","osm_type":"relation","building":"university","operator":null,"place":null,"landuse":null,"power":null,"highway":null,"height":null,"addr:place":null,"addr:city":null,"shop":null,"sport":null,"leisure":null,"public_transport":null,"network":null,"name":null,"bus":null,"layer":null,"building:levels":null,"faculty":"Artes Integradas","type":"multipolygon","amenity":null,"addr:housenumber":"E15","addr:housename":"Tulio Ramírez","altura":10},"geometry":{"type":"MultiPolygon","coordinates":[[[[1060216.601041160989553,865162.656714434851892],[1060216.500929774250835,865157.458716653636657],[1060235.929058713139966,865157.071324969525449],[1060235.51751270936802,865136.953967907233164],[1060220.435146608389914,865137.252814168808982],[1060220.501883924705908,865140.493268038495444],[1060216.600697246612981,865140.570746902842075],[1060216.433854952920228,865132.552559033152647],[1060186.669243571581319,865133.150252663530409],[1060162.639710722956806,865133.637264808872715],[1060163.251491629052907,865163.741412844043225],[1060216.601041160989553,865162.656714434851892]],[[1060201.840718775521964,865145.116466773091815],[1060213.844372942578048,865145.094156099716201],[1060213.855577995534986,865150.900431814021431],[1060201.851924649672583,865150.933802059153095],[1060201.840718775521964,865145.116466773091815]],[[1060190.481705321464688,865145.138768411707133],[1060190.492911806795746,865150.956103696604259],[1060179.578478740062565,865150.978399337385781],[1060179.55615717289038,865145.161064233980142],[1060190.481705321464688,865145.138768411707133]]]]}},
{"type":"Feature","properties":{"fid":8,"full_id":"r8780134","osm_id":"8780134","osm_type":"relation","building":"university","operator":null,"place":null,"landuse":null,"power":null,"highway":null,"height":null,"addr:place":null,"addr:city":null,"shop":null,"sport":null,"leisure":null,"public_transport":null,"network":null,"name":null,"bus":null,"layer":null,"building:levels":null,"faculty":null,"type":"multipolygon","amenity":null,"addr:housenumber":"C5","addr:housename":"CDU - Gimnasio","altura":3},"geometry":{"type":"MultiPolygon","coordinates":[[[[1060507.64782421477139,864506.167292592232116],[1060507.636583669809625,864496.368510947912],[1060507.625321794534102,864484.910793334362097],[1060522.174284118227661,864484.888484168215655],[1060522.163083162624389,864478.097906412789598],[1060540.779976619407535,864478.07554702507332],[1060540.791222490137443,864488.537903060670942],[1060554.840029028011486,864488.515604786691256],[1060554.851361878449097,864506.089266344322823],[1060542.580887167481706,864506.100482266629115],[1060542.580953294411302,864511.375898648169823],[1060534.067200468620285,864511.387067536823452],[1060522.985984283266589,864511.398270415025763],[1060522.974803062155843,864506.15603289718274],[1060507.64782421477139,864506.167292592232116]],[[1060526.898202267475426,864502.94870581862051],[1060535.167437926633283,864503.136611817404628],[1060535.456264892360196,864491.103792536770925],[1060527.18702831515111,864490.91588651551865],[1060526.898202267475426,864502.94870581862051]]]]}},
{"type":"Feature","properties":{"fid":9,"full_id":"r8789528","osm_id":"8789528","osm_type":"relation","building":"university","operator":null,"place":null,"landuse":null,"power":null,"highway":null,"height":null,"addr:place":null,"addr:city":null,"shop":null,"sport":null,"leisure":null,"public_transport":null,"network":null,"name":null,"bus":null,"layer":null,"building:levels":null,"faculty":null,"type":"multipolygon","amenity":null,"addr:housenumber":"E18","addr:housename":"Edificio de Medios / DINTEV / CREE","altura":8},"geometry":{"type":"MultiPolygon","coordinates":[[[[1060245.843984533334151,865209.183878439827822],[1060254.346566591411829,865209.084210003959015],[1060254.52465061750263,865225.65144778706599],[1060292.602875748416409,865225.241659610066563],[1060292.424791307421401,865208.254157984163612],[1060299.815924965310842,865208.176629192894325],[1060299.548808314139023,865183.259414965403266],[1060290.95730809122324,865183.348021553596482],[1060290.768111986806616,865166.570651988382451],[1060273.718482830561697,865166.74786523799412],[1060252.223057502647862,865166.980448076385073],[1060252.412267342442647,865184.266557936440222],[1060245.576856628758833,865184.344081360148266],[1060245.843984533334151,865209.183878439827822]],[[1060280.009614193579182,865188.667842892813496],[1060268.806212002178654,865188.944503948325291],[1060269.239939920138568,865206.363324955338612],[1060280.443340307334438,865206.086663945694454],[1060280.009614193579182,865188.667842892813496]]]]}},
{"type":"Feature","properties":{"fid":10,"full_id":"r8789529","osm_id":"8789529","osm_type":"relation","building":"university","operator":null,"place":null,"landuse":null,"power":null,"highway":null,"height":null,"addr:place":null,"addr:city":null,"shop":null,"sport":null,"leisure":null,"public_transport":null,"network":null,"name":null,"bus":null,"layer":null,"building:levels":null,"faculty":"Ingeniería","type":"multipolygon","amenity":null,"addr:housenumber":"E26","addr:housename":"Álvaro Escobar Navia – Aulas","altura":9},"geometry":{"type":"MultiPolygon","coordinates":[[[[1060528.862371973926201,865134.804212385555729],[1060582.512045936891809,865134.958366336883046],[1060582.456658253213391,865150.121041784179397],[1060579.833637437783182,865150.110014831298031],[1060579.811497050803155,865157.365095079177991],[1060582.312258258461952,865157.376123550464399],[1060582.279065769864246,865169.762845866731368],[1060528.829469938529655,865169.608689446235076],[1060528.851567762671039,865159.267988285399042],[1060515.625319977290928,865159.223921822151169],[1060515.669619898078963,865146.881437632488087],[1060528.81806773180142,865146.925505107268691],[1060528.862371973926201,865134.804212385555729]],[[1060559.227354255039245,865149.258686219691299],[1060559.271921963430941,865158.106344158994034],[1060570.830994471674785,865158.039841215941124],[1060570.775313213700429,865149.192183411098085],[1060559.227354255039245,865149.258686219691299]],[[1060537.676327417371795,865147.511548320064321],[1060549.413234894862399,865147.599874782375991],[1060549.335551989497617,865157.088989515905268],[1060537.598645403981209,865156.989603489055298],[1060537.676327417371795,865147.511548320064321]]]]}},
{"type":"Feature","properties":{"fid":11,"full_id":"r12301215","osm_id":"12301215","osm_type":"relation","building":"university","operator":null,"place":null,"landuse":null,"power":null,"highway":null,"height":null,"addr:place":null,"addr:city":null,"shop":null,"sport":null,"leisure":null,"public_transport":null,"network":null,"name":null,"bus":null,"layer":null,"building:levels":null,"faculty":"Ciencias Naturales y Exactas","type":"multipolygon","amenity":null,"addr:housenumber":"E20","addr:housename":"Facultad de Ciencias Naturales y Exactas","altura":3},"geometry":{"type":"MultiPolygon","coordinates":[[[[1060427.740560050355271,864978.544859270448796],[1060427.74056637333706,864979.009361341712065],[1060426.240107253426686,864979.009382182499394],[1060426.218086506705731,864994.293712552054785],[1060414.092155336402357,864994.271762610995211],[1060413.849429570371285,865124.763669354957528],[1060413.782980984076858,865142.105080951587297],[1060413.760871198028326,865150.775786594138481],[1060418.662363350158557,865150.786777589586563],[1060418.629254320403561,865167.895937681663781],[1060443.79246610426344,865167.939827469759621],[1060443.880816275719553,865125.935567514854483],[1060443.924979496514425,865104.048671687254682],[1060466.209550853120163,865104.092606356018223],[1060466.264794258633628,865079.274923508986831],[1060461.085436327848583,865079.263934083399363],[1060461.096442508045584,865071.12408811156638],[1060459.095832054736093,865071.124115274637006],[1060459.139989431481808,865048.562585492618382],[1060435.39940649154596,865048.518672407022677],[1060435.4104681215249,865044.614642939995974],[1060435.432586291106418,865036.430558519437909],[1060442.645900889765471,865036.441518722334877],[1060442.645940387388691,865039.372305600787513],[1060466.542128557572141,865039.42727777804248],[1060466.597392798867077,865016.168994741863571],[1060472.07684547198005,865016.179980395594612],[1060472.087914273375645,865012.718333857366815],[1060480.779460228979588,865012.740336333634332],[1060480.834701445652172,864987.491330142016523],[1060456.805127822328359,864987.447416132781655],[1060456.805159699637443,864989.836283928132616],[1060452.326011817203835,864989.836344977025874],[1060452.348091027932242,864978.64405666955281],[1060452.348063790006563,864976.609095214284025],[1060427.740532951895148,864976.554136107675731],[1060427.740560050355271,864978.544859270448796]]]]}},
{"type":"Feature","properties":{"fid":12,"full_id":"w41284872","osm_id":"41284872","osm_type":"way","building":"university","operator":null,"place":null,"landuse":null,"power":null,"highway":null,"height":null,"addr:place":null,"addr:city":null,"shop":null,"sport":"multi","leisure":"sports_centre","public_transport":null,"network":null,"name":null,"bus":null,"layer":null,"building:levels":null,"faculty":null,"type":null,"amenity":null,"addr:housenumber":"D17","addr:housename":"Coliseo Alberto León Betancur","altura":6},"geometry":{"type":"MultiPolygon","coordinates":[[[[1060399.827294196467847,864637.656027907622047],[1060427.013445424148813,864635.388434334425256],[1060466.403357630129904,864632.114260902861133],[1060465.780845381785184,864624.748593616182916],[1060470.082170926500112,864624.394629192887805],[1060468.803797701140866,864609.25409082416445],[1060472.304877002257854,864608.955435159266926],[1060471.104317161021754,864594.677542419405654],[1060467.469862784259021,864594.976199925411493],[1060466.180372406728566,864579.691887287772261],[1060461.790128820808604,864580.056912648258731],[1060461.40105760213919,864575.400837638182566],[1060395.036135893315077,864580.931545213214122],[1060399.827294196467847,864637.656027907622047]]]]}},
{"type":"Feature","properties":{"fid":13,"full_id":"w54579826","osm_id":"54579826","osm_type":"way","building":"university","operator":null,"place":null,"landuse":null,"power":null,"highway":null,"height":"12","addr:place":"Ciudad Universitaria Melendez","addr:city":"Cali","shop":null,"sport":null,"leisure":null,"public_transport":null,"network":null,"name":null,"bus":null,"layer":null,"building:levels":"4","faculty":null,"type":null,"amenity":null,"addr:housenumber":"E1","addr:housename":"Administración Central","altura":8},"geometry":{"type":"MultiPolygon","coordinates":[[[[1060322.241572604514658,864975.858900056104176],[1060370.1784698353149,864976.256342357140966],[1060404.133308799471706,864976.543406888609752],[1060404.255359206814319,864961.413909127353691],[1060404.333042586455122,864952.864858003449626],[1060359.652688240399584,864952.489472062676214],[1060322.44128846633248,864952.180351017042994],[1060322.241572604514658,864975.858900056104176]]]]}},
{"type":"Feature","properties":{"fid":14,"full_id":"w54579828","osm_id":"54579828","osm_type":"way","building":"university","operator":null,"place":null,"landuse":null,"power":null,"highway":null,"height":null,"addr:place":null,"addr:city":null,"shop":null,"sport":null,"leisure":null,"public_transport":null,"network":null,"name":null,"bus":null,"layer":null,"building:levels":null,"faculty":"Humanidades","type":null,"amenity":null,"addr:housenumber":"E17","addr:housename":"Escuela de Ciencias del Lenguaje","altura":9},"geometry":{"type":"MultiPolygon","coordinates":[[[[1060248.788508482510224,865155.799273062730208],[1060271.539875162998214,865155.655146820703521],[1060271.528716187924147,865152.702240966726094],[1060275.54104823875241,865152.680060285842046],[1060277.863977347500622,865152.668965156772174],[1060277.87513913679868,865155.820943327737041],[1060301.037742124171928,865155.67681712389458],[1060300.89290885720402,865132.363239152822644],[1060275.518516296287999,865132.518458817852661],[1060248.643666991731152,865132.684767479426228],[1060248.788508482510224,865155.799273062730208]]]]}},
{"type":"Feature","properties":{"fid":15,"full_id":"w54580874","osm_id":"54580874","osm_type":"way","building":"yes","operator":null,"place":null,"landuse":null,"power":null,"highway":null,"height":null,"addr:place":null,"addr:city":null,"shop":null,"sport":null,"leisure":null,"public_transport":null,"network":null,"name":null,"bus":null,"layer":null,"building:levels":null,"faculty":"Ciencias Naturales y Exactas","type":null,"amenity":null,"addr:housenumber":"B23","addr:housename":"CECIM (Centro de Investigación para la Enseñanza de las Ciencias Naturales y las Matematicas)","altura":7},"geometry":{"type":"MultiPolygon","coordinates":[[[[1060750.440507833147421,865091.923614012659527],[1060765.489539728034288,865091.768617925001308],[1060765.556288348510861,865097.641250542132184],[1060770.246606684057042,865097.585902605671436],[1060770.190973972668871,865091.823865598416887],[1060769.712579686427489,865046.789288917090744],[1060793.075266752392054,865046.545731874881312],[1060793.175398731371388,865056.455108352820389],[1060793.731659853830934,865108.833240884938277],[1060771.791641836753115,865109.054663491435349],[1060771.769393681548536,865107.218774588778615],[1060765.211840078700334,865107.285201995517127],[1060765.234086720272899,865108.966256872867234],[1060750.618522667326033,865109.121248297858983],[1060750.440507833147421,865091.923614012659527]]]]}},
{"type":"Feature","properties":{"fid":16,"full_id":"w54580875","osm_id":"54580875","osm_type":"way","building":"university","operator":null,"place":null,"landuse":null,"power":null,"highway":null,"height":null,"addr:place":null,"addr:city":null,"shop":null,"sport":null,"leisure":null,"public_transport":null,"network":null,"name":null,"bus":null,"layer":null,"building:levels":null,"faculty":null,"type":null,"amenity":null,"addr:housenumber":"B16","addr:housename":"Gestion documental","altura":7},"geometry":{"type":"MultiPolygon","coordinates":[[[[1060794.294581160880625,864725.530549526098184],[1060796.005958400201052,864699.883381610969082],[1060753.870706661371514,864697.229531074059196],[1060752.481657923432067,864722.589147279388271],[1060794.294581160880625,864725.530549526098184]]]]}},
{"type":"Feature","properties":{"fid":17,"full_id":"w54580876","osm_id":"54580876","osm_type":"way","building":"yes","operator":null,"place":null,"landuse":null,"power":null,"highway":null,"height":null,"addr:place":null,"addr:city":null,"shop":null,"sport":null,"leisure":null,"public_transport":null,"network":null,"name":null,"bus":null,"layer":null,"building:levels":null,"faculty":"Ingeniería","type":null,"amenity":null,"addr:housenumber":"B15","addr:housename":"Laboratorio de Fluidos e Hidráulica","altura":6},"geometry":{"type":"MultiPolygon","coordinates":[[[[1060802.263696510577574,864724.700998750631697],[1060824.659499262692407,864725.552356418222189],[1060825.681775148957968,864699.197383291670121],[1060826.670714282663539,864673.483865753747523],[1060804.274900776566938,864672.632507661590353],[1060802.263696510577574,864724.700998750631697]]]]}},
{"type":"Feature","properties":{"fid":18,"full_id":"w54580877","osm_id":"54580877","osm_type":"way","building":"yes","operator":null,"place":null,"landuse":null,"power":null,"highway":null,"height":null,"addr:place":null,"addr:city":null,"shop":null,"sport":null,"leisure":null,"public_transport":null,"network":null,"name":"Cafetería Central","bus":null,"layer":null,"building:levels":null,"faculty":null,"type":null,"amenity":"restaurant","addr:housenumber":"D14","addr:housename":"Restaurante Universitario / Cafetería Central","altura":6},"geometry":{"type":"MultiPolygon","coordinates":[[[[1060264.453762929653749,864746.970850048353896],[1060280.191944828489795,864746.915310636279173],[1060280.158487003063783,864739.284205688629299],[1060286.771635958226398,864739.261985739809461],[1060286.81627428974025,864751.350098490365781],[1060293.596140537643805,864751.327876431285404],[1060293.573818552074954,864745.068158378591761],[1060301.087244571885094,864745.045925689395517],[1060301.064921220997348,864738.664552330737934],[1060309.323021484306082,864738.631249426980503],[1060309.233817304484546,864719.044746754341759],[1060295.251728452509269,864719.100255270022899],[1060295.162487781839445,864697.22442097205203],[1060301.297714050160721,864697.202209162176587],[1060301.241957080550492,864684.727011513663456],[1060301.074658200144768,864645.410231563728303],[1060271.265447151381522,864645.543400055146776],[1060271.42159139807336,864681.475950752035715],[1060232.954162195324898,864681.642442041658796],[1060220.728166097542271,864681.686873218859546],[1060220.839716088259593,864707.765344889834523],[1060263.830753380665556,864707.576660174294375],[1060263.875388752901927,864719.299807001836598],[1060257.262238752096891,864719.333087951410562],[1060257.329199929023162,864737.382310260087252],[1060264.420274078147486,864737.360081516089849],[1060264.453762929653749,864746.970850048353896]]]]}},
{"type":"Feature","properties":{"fid":19,"full_id":"w54580878","osm_id":"54580878","osm_type":"way","building":"university","operator":null,"place":null,"landuse":null,"power":null,"highway":null,"height":null,"addr:place":null,"addr:city":null,"shop":null,"sport":null,"leisure":null,"public_transport":null,"network":null,"name":null,"bus":null,"layer":null,"building:levels":"5","faculty":"Humanidades","type":null,"amenity":null,"addr:housenumber":"D10","addr:housename":"Edificio Carlos Restrepo Acuña","altura":6},"geometry":{"type":"MultiPolygon","coordinates":[[[[1060125.377270792378113,864728.348764916998334],[1060116.230007694568485,864728.437394959735684],[1060116.196595727931708,864724.290055598365143],[1060110.906076480634511,864724.345442581456155],[1060110.984007496386766,864732.164559468626976],[1060108.160915375687182,864732.186726275016554],[1060108.283377420390025,864744.396492940024473],[1060135.6584754770156,864744.130604231962934],[1060135.380143064074218,864715.364659155369736],[1060182.661385067738593,864714.91044048673939],[1060182.605736386729404,864710.121646223240532],[1060185.462172714760527,864710.099480859236792],[1060185.428771282080561,864706.449822266818956],[1060174.703241784358397,864706.549532367382199],[1060174.647587988525629,864701.46212963364087],[1060167.045243351021782,864701.528611025190912],[1060167.089768797392026,864705.731248086434789],[1060150.8180846569594,864705.886349236941896],[1060150.784673296380788,864701.69477157224901],[1060143.293474094942212,864701.761252833064646],[1060143.326873717829585,864705.211839096038602],[1060140.003626764984801,864705.245072913705371],[1060139.914559737080708,864695.977152110077441],[1060133.690417645731941,864696.032553455210291],[1060133.723815771052614,864699.372543983859941],[1060125.098933630390093,864699.461164562962949],[1060125.377270792378113,864728.348764916998334]]]]}},
{"type":"Feature","properties":{"fid":20,"full_id":"w54580883","osm_id":"54580883","osm_type":"way","building":"university","operator":null,"place":null,"landuse":null,"power":null,"highway":null,"height":null,"addr:place":null,"addr:city":null,"shop":null,"sport":null,"leisure":null,"public_transport":null,"network":null,"name":null,"bus":null,"layer":null,"building:levels":"5","faculty":"Humanidades","type":null,"amenity":null,"addr:housenumber":"D8","addr:housename":"Edificio Estanislao Zuleta","altura":7},"geometry":{"type":"MultiPolygon","coordinates":[[[[1060104.948051614454016,864686.212135111331008],[1060165.900198509916663,864686.100525227375329],[1060165.889015752123669,864681.842589755775407],[1060168.723224093671888,864681.842543450766243],[1060168.700852257665247,864672.917468301136978],[1060158.90893967775628,864672.928688176907599],[1060158.897770167095587,864669.511280263657682],[1060153.351613,864669.522431034012698],[1060153.362854069564492,864677.363668197067454],[1060134.06800801330246,864677.39716644550208],[1060134.056829057633877,864673.448899024748243],[1060126.565627005649731,864673.460083601414226],[1060126.576798624359071,864676.943848950089887],[1060123.29800843517296,864676.943903828505427],[1060123.286775354994461,864669.72200276365038],[1060116.962600140832365,864669.733168473816477],[1060116.973772068275139,864673.216933821560815],[1060104.925607393728569,864673.239256211323664],[1060104.948051614454016,864686.212135111331008]]]]}},
{"type":"Feature","properties":{"fid":21,"full_id":"w54580884","osm_id":"54580884","osm_type":"way","building":"university","operator":null,"place":null,"landuse":null,"power":null,"highway":null,"height":null,"addr:place":null,"addr:city":null,"shop":null,"sport":null,"leisure":null,"public_transport":null,"network":null,"name":null,"bus":null,"layer":null,"building:levels":"5","faculty":"Artes Integradas","type":null,"amenity":null,"addr:housenumber":"D6","addr:housename":"Escuela de Comunicación Social","altura":5},"geometry":{"type":"MultiPolygon","coordinates":[[[[1060122.485462262295187,864604.802321926108561],[1060134.900414540199563,864604.768935852684081],[1060173.968057688791305,864604.668756669387221],[1060173.99043401540257,864613.90349986765068],[1060171.16733862250112,864613.914605423924513],[1060171.178531232522801,864618.802936564316042],[1060173.668190028285608,864618.791836435440928],[1060173.668210308998823,864620.063687344896607],[1060183.193378325551748,864620.041413576458581],[1060183.159784409683198,864604.259403265663423],[1060186.427462071878836,864604.248290844261646],[1060186.393917819717899,864591.574020580854267],[1060178.19137896085158,864591.596272580558434],[1060178.180190890328959,864586.973371194442734],[1060172.745175017509609,864586.984519146382809],[1060172.756371964234859,864592.149339615018107],[1060165.098446185467765,864592.171583758783527],[1060148.949003258254379,864592.216087465174496],[1060141.457795762456954,864592.23833056318108],[1060141.468968156725168,864595.799512925324962],[1060138.245748445624486,864595.810625993297435],[1060138.234520519152284,864588.843095108750276],[1060131.854767818469554,864588.854260854306631],[1060131.865935652051121,864592.116834741085768],[1060122.45191070693545,864592.139111256226897],[1060122.485462262295187,864604.802321926108561]]]]}},
{"type":"Feature","properties":{"fid":22,"full_id":"w54580885","osm_id":"54580885","osm_type":"way","building":"university","operator":null,"place":null,"landuse":null,"power":null,"highway":null,"height":null,"addr:place":null,"addr:city":null,"shop":null,"sport":null,"leisure":null,"public_transport":null,"network":null,"name":null,"bus":null,"layer":null,"building:levels":"4","faculty":"design","type":null,"amenity":null,"addr:housenumber":"D5","addr:housename":"Departamento de Diseño","altura":6},"geometry":{"type":"MultiPolygon","coordinates":[[[[1060147.03685863292776,864564.932152145425789],[1060150.904723424697295,864564.921028710785322],[1060150.915887465933338,864567.984530283370987],[1060160.063165215775371,864567.962260670610704],[1060209.589617353631184,864567.872983107576147],[1060209.578383318148553,864560.219758681720123],[1060210.923244471894577,864560.219737253966741],[1060210.91201346530579,864552.754525571130216],[1060194.873710023472086,864552.787960941670462],[1060194.873743636067957,864554.922458554967307],[1060190.361234261188656,864554.933590776170604],[1060190.361186415655538,864551.903267739806324],[1060185.915364251937717,864551.914399075205438],[1060185.926559692248702,864557.023921679588966],[1060174.111787733854726,864557.046232438529842],[1060169.243612681515515,864557.05737134674564],[1060169.232428297866136,864552.688840143498965],[1060163.363943031290546,864552.699995651259087],[1060163.363982053939253,864555.133101738872938],[1060157.017571030883119,864555.144265424809419],[1060147.014471424277872,864555.16654944291804],[1060147.03685863292776,864564.932152145425789]]]]}},
{"type":"Feature","properties":{"fid":23,"full_id":"w54580892","osm_id":"54580892","osm_type":"way","building":"university","operator":null,"place":null,"landuse":null,"power":null,"highway":null,"height":null,"addr:place":null,"addr:city":null,"shop":null,"sport":null,"leisure":null,"public_transport":null,"network":null,"name":null,"bus":null,"layer":null,"building:levels":"4","faculty":null,"type":null,"amenity":null,"addr:housenumber":"D4","addr:housename":"Instituto de Educación y Pedagogía","altura":4},"geometry":{"type":"MultiPolygon","coordinates":[[[[1060177.85701857926324,864533.511399937910028],[1060192.217026652768254,864533.477989006554708],[1060238.209065223112702,864533.388781781075522],[1060238.186726804589853,864526.266417036298662],[1060240.909793462138623,864526.255314828595147],[1060240.909738054266199,864522.638834416400641],[1060230.139730868395418,864522.661122595076449],[1060230.128529674373567,864517.042859622160904],[1060214.179137414321303,864517.076290673576295],[1060214.190329622011632,864522.064157976652496],[1060206.26564929028973,864522.075343815609813],[1060206.265583558473736,864517.872706027817912],[1060198.774370737140998,864517.883885504561476],[1060198.774425466312096,864521.367651039268821],[1060195.495630739023909,864521.378763258922845],[1060195.495602363953367,864519.576052839402109],[1060190.994206076720729,864519.587184855132364],[1060190.99427152890712,864523.734524777391925],[1060177.834634332451969,864523.756856801919639],[1060177.85701857926324,864533.511399937910028]]]]}},
{"type":"Feature","properties":{"fid":24,"full_id":"w54580893","osm_id":"54580893","osm_type":"way","building":"university","operator":null,"place":null,"landuse":null,"power":null,"highway":null,"height":null,"addr:place":null,"addr:city":null,"shop":null,"sport":null,"leisure":null,"public_transport":null,"network":null,"name":null,"bus":null,"layer":null,"building:levels":"4","faculty":"architecture","type":null,"amenity":null,"addr:housenumber":"D1","addr:housename":"Escuela de Arquitectura","altura":9},"geometry":{"type":"MultiPolygon","coordinates":[[[[1060260.505189238814637,864554.600696017849259],[1060273.553676649229601,864554.545197235420346],[1060273.564833067590371,864557.332209492800757],[1060319.456828961614519,864557.13244330114685],[1060319.423387463437393,864550.430342483683489],[1060324.158187997527421,864550.408152877003886],[1060324.102429152000695,864537.623287168797106],[1060311.465178296901286,864537.678773571853526],[1060311.487467603059486,864541.781874868669547],[1060303.918454853119329,864541.815167230903171],[1060303.940745910862461,864546.017804684350267],[1060287.613463636022061,864546.09546867350582],[1060287.59117227117531,864541.914950369740836],[1060282.133925178088248,864541.937152627506293],[1060282.12275939504616,864538.508685128064826],[1060274.653777439612895,864538.54197805270087],[1060274.664939639391378,864541.716075369506143],[1060260.44942237646319,864541.782651623827405],[1060260.505189238814637,864554.600696017849259]]]]}},
{"type":"Feature","properties":{"fid":25,"full_id":"w54580897","osm_id":"54580897","osm_type":"way","building":"university","operator":null,"place":null,"landuse":null,"power":null,"highway":null,"height":null,"addr:place":null,"addr:city":null,"shop":null,"sport":null,"leisure":null,"public_transport":null,"network":null,"name":null,"bus":null,"layer":null,"building:levels":null,"faculty":"electrical_engineering","type":null,"amenity":null,"addr:housenumber":"E52","addr:housename":"Escuela de Ingeniería Eléctrica y Electrónica","altura":9},"geometry":{"type":"MultiPolygon","coordinates":[[[[1060502.006723462138325,864900.706578593933955],[1060544.775402920786291,864901.214763791766018],[1060544.630554176401347,864872.481994655099697],[1060501.050512476591393,864872.692692468757741],[1060502.006723462138325,864900.706578593933955]]]]}},
{"type":"Feature","properties":{"fid":26,"full_id":"w54580898","osm_id":"54580898","osm_type":"way","building":"university","operator":null,"place":null,"landuse":null,"power":null,"highway":null,"height":null,"addr:place":null,"addr:city":null,"shop":null,"sport":null,"leisure":null,"public_transport":null,"network":null,"name":null,"bus":null,"layer":null,"building:levels":null,"faculty":"civil_engineering;geomatics","type":null,"amenity":null,"addr:housenumber":"E48","addr:housename":"Escuela de Ingeniería Civil y Geomática","altura":4},"geometry":{"type":"MultiPolygon","coordinates":[[[[1060596.213351937942207,864897.111017305869609],[1060596.224512176122516,864900.904450751724653],[1060639.926802546018735,864900.704850163892843],[1060639.904536145040765,864897.497574221109971],[1060645.450681421905756,864897.464329746668227],[1060645.428376450901851,864890.917062718421221],[1060639.693283851724118,864890.939249866292812],[1060639.604146959725767,864871.994202156434767],[1060596.012990223476663,864872.193801510729827],[1060596.0798291915562,864884.790654482319951],[1060591.245012533152476,864884.812833184492774],[1060591.267290143761784,864888.827457955223508],[1060596.135450185742229,864888.805278844083659],[1060596.135461382800713,864889.734282986726612],[1060588.810992341255769,864889.767552011995576],[1060584.765306910034269,864889.789721255772747],[1060584.798740156926215,864897.166456117876805],[1060588.777738191420212,864897.144287699949928],[1060596.213351937942207,864897.111017305869609]]]]}},
{"type":"Feature","properties":{"fid":27,"full_id":"w54580900","osm_id":"54580900","osm_type":"way","building":"university","operator":null,"place":null,"landuse":null,"power":null,"highway":null,"height":null,"addr:place":null,"addr:city":null,"shop":null,"sport":null,"leisure":null,"public_transport":null,"network":null,"name":null,"bus":null,"layer":null,"building:levels":"5","faculty":"Ciencias Sociales y Económicas.","type":null,"amenity":null,"addr:housenumber":"D12","addr:housename":"Facultad de Ciencias Sociales y Económicas.","altura":3},"geometry":{"type":"MultiPolygon","coordinates":[[[[1060233.044131370028481,864750.001662135124207],[1060233.066251760115847,864742.945654131472111],[1060235.800427674781531,864742.945611191214994],[1060235.811484901001677,864739.218534873332828],[1060235.822521378751844,864734.142190634156577],[1060226.297362708486617,864734.120221383636817],[1060218.55052997590974,864734.098224778776057],[1060218.539476091973484,864738.002254268387333],[1060171.658357986947522,864737.870293045998551],[1060171.647290960885584,864740.845318397972733],[1060169.402154420735314,864740.834295437554829],[1060169.380065769422799,864749.615596862044185],[1060169.36898554279469,864751.761154229752719],[1060158.276678749127313,864751.728157099802047],[1060141.149179078405723,864751.684201475931332],[1060141.127088233362883,864760.189013578230515],[1060169.947077516233549,864760.277016106876545],[1060169.947105627739802,864762.035488233785145],[1060176.74920095782727,864762.057496635476127],[1060176.782349968096241,864749.836667789844796],[1060233.044131370028481,864750.001662135124207]]]]}},
{"type":"Feature","properties":{"fid":28,"full_id":"w54580901","osm_id":"54580901","osm_type":"way","building":"university","operator":null,"place":null,"landuse":null,"power":null,"highway":null,"height":null,"addr:place":null,"addr:city":null,"shop":null,"sport":null,"leisure":null,"public_transport":null,"network":null,"name":null,"bus":null,"layer":null,"building:levels":"5","faculty":null,"type":null,"amenity":null,"addr:housenumber":"D13","addr:housename":"Edificio Josué Angel","altura":9},"geometry":{"type":"MultiPolygon","coordinates":[[[[1060221.541044590761885,864779.497725099790841],[1060221.54102280526422,864778.093159312731586],[1060225.675628944300115,864778.093093956704251],[1060271.712023417232558,864778.114496289868839],[1060271.690133678261191,864800.664966235170141],[1060295.630832291673869,864800.686720503610559],[1060295.63069586455822,864791.485155662754551],[1060281.003972738049924,864791.485377945005894],[1060281.025796921225265,864764.422602166188881],[1060270.633707602275535,864764.422761318273842],[1060270.633758889278397,864767.829109841026366],[1060263.5982590704225,864767.829218165832572],[1060263.598178630694747,864762.509563492261805],[1060255.995837218593806,864762.509681069175713],[1060255.995902742724866,864766.822914588381536],[1060239.724225282901898,864766.82316807564348],[1060239.724162673344836,864762.742185592069291],[1060232.232966620009392,864762.742303132428788],[1060232.233018263010308,864766.093353789532557],[1060218.05087305791676,864766.093577762832865],[1060218.039934715721756,864777.429640393122099],[1060219.340335038723424,864777.429619777249172],[1060219.340367158409208,864779.497759951744229],[1060221.541044590761885,864779.497725099790841]]]]}},
{"type":"Feature","properties":{"fid":29,"full_id":"w54580903","osm_id":"54580903","osm_type":"way","building":"university","operator":null,"place":null,"landuse":null,"power":null,"highway":null,"height":null,"addr:place":null,"addr:city":null,"shop":null,"sport":null,"leisure":null,"public_transport":null,"network":null,"name":null,"bus":null,"layer":null,"building:levels":null,"faculty":"mechanical_engineering","type":null,"amenity":null,"addr:housenumber":"E42","addr:housename":"Escuela de Ingeniería Mecánica","altura":7},"geometry":{"type":"MultiPolygon","coordinates":[[[[1060592.291339875198901,865014.032872710376978],[1060635.360059102997184,865013.965992932906374],[1060635.315267652738839,864985.454413941828534],[1060592.246536937076598,864985.510234164539725],[1060592.291339875198901,865014.032872710376978]]]]}},
{"type":"Feature","properties":{"fid":30,"full_id":"w54580904","osm_id":"54580904","osm_type":"way","building":"university","operator":null,"place":null,"landuse":null,"power":null,"highway":null,"height":null,"addr:place":null,"addr:city":null,"shop":null,"sport":null,"leisure":null,"public_transport":null,"network":null,"name":null,"bus":null,"layer":null,"building:levels":null,"faculty":"electrical_engineering","type":null,"amenity":null,"addr:housenumber":"E53","addr:housename":"Escuela de Ingeniería Eléctrica y Electrónica","altura":9},"geometry":{"type":"MultiPolygon","coordinates":[[[[1060486.62462064018473,864930.777761816978455],[1060505.930535429622978,864930.689029693137854],[1060506.485911221709102,864903.515651217196137],[1060488.146941230399534,864902.564770488650538],[1060486.490877918666229,864902.575852121808566],[1060486.62462064018473,864930.777761816978455]]]]}},
{"type":"Feature","properties":{"fid":31,"full_id":"w54580905","osm_id":"54580905","osm_type":"way","building":"university","operator":null,"place":null,"landuse":null,"power":null,"highway":null,"height":null,"addr:place":null,"addr:city":null,"shop":null,"sport":null,"leisure":null,"public_transport":null,"network":null,"name":null,"bus":null,"layer":null,"building:levels":null,"faculty":"electrical_engineering","type":null,"amenity":null,"addr:housenumber":"E55","addr:housename":"Escuela de Ingeniería Eléctrica y Electrónica","altura":7},"geometry":{"type":"MultiPolygon","coordinates":[[[[1060518.212374347727746,864953.991389537695795],[1060541.208298993529752,864953.515530760749243],[1060540.741214616689831,864931.650760671240278],[1060517.75639983965084,864932.126619404647499],[1060518.212374347727746,864953.991389537695795]]]]}},
{"type":"Feature","properties":{"fid":32,"full_id":"w54580906","osm_id":"54580906","osm_type":"way","building":"university","operator":null,"place":null,"landuse":null,"power":null,"highway":null,"height":null,"addr:place":null,"addr:city":null,"shop":null,"sport":null,"leisure":null,"public_transport":null,"network":null,"name":null,"bus":null,"layer":null,"building:levels":null,"faculty":"statistics","type":null,"amenity":null,"addr:housenumber":"E49","addr:housename":"Escuela de Estadística","altura":4},"geometry":{"type":"MultiPolygon","coordinates":[[[[1060563.503552324138582,864916.045413682586513],[1060585.021257365820929,864915.823953226325102],[1060584.798740156926215,864897.166456117876805],[1060584.765306910034269,864889.789721255772747],[1060584.731955143623054,864889.11508770857472],[1060563.21424492681399,864889.347607796778902],[1060563.503552324138582,864916.045413682586513]]]]}},
{"type":"Feature","properties":{"fid":33,"full_id":"w54580907","osm_id":"54580907","osm_type":"way","building":"university","operator":null,"place":null,"landuse":null,"power":null,"highway":null,"height":null,"addr:place":null,"addr:city":null,"shop":null,"sport":null,"leisure":null,"public_transport":null,"network":null,"name":null,"bus":null,"layer":null,"building:levels":"2","faculty":"industrial_engineering","type":null,"amenity":null,"addr:housenumber":"E56","addr:housename":"Escuela de Ingeniería Industrial","altura":7},"geometry":{"type":"MultiPolygon","coordinates":[[[[1060563.314955653157085,864944.380042414879426],[1060584.299161003436893,864944.379780000308529],[1060584.29884850489907,864918.688391626696102],[1060563.314643091289327,864919.086798673844896],[1060563.314955653157085,864944.380042414879426]]]]}},
{"type":"Feature","properties":{"fid":34,"full_id":"w54580908","osm_id":"54580908","osm_type":"way","building":"university","operator":null,"place":null,"landuse":null,"power":null,"highway":null,"height":null,"addr:place":null,"addr:city":null,"shop":null,"sport":null,"leisure":null,"public_transport":null,"network":null,"name":null,"bus":null,"layer":null,"building:levels":null,"faculty":"electrical_engineering","type":null,"amenity":null,"addr:housenumber":"E50","addr:housename":"Laboratorio de Alta Tensión","altura":7},"geometry":{"type":"MultiPolygon","coordinates":[[[[1060532.116229541599751,864922.16175782494247],[1060556.623738605296239,864921.940253086038865],[1060556.456786497263238,864903.072623443673365],[1060550.943985231686383,864903.116931720636785],[1060550.999640169553459,864909.719496170408092],[1060532.004929253598675,864909.896692660986446],[1060532.116229541599751,864922.16175782494247]]]]}},
{"type":"Feature","properties":{"fid":35,"full_id":"w54580909","osm_id":"54580909","osm_type":"way","building":"university","operator":null,"place":null,"landuse":null,"power":null,"highway":null,"height":null,"addr:place":null,"addr:city":null,"shop":null,"sport":null,"leisure":null,"public_transport":null,"network":null,"name":null,"bus":null,"layer":null,"building:levels":null,"faculty":"materials_science","type":null,"amenity":null,"addr:housenumber":"E46","addr:housename":"Escuela de Ingeniería de Materiales","altura":10},"geometry":{"type":"MultiPolygon","coordinates":[[[[1060618.587274149991572,864930.256285264971666],[1060639.593709340319037,864930.090139924664982],[1060639.382231533993036,864904.177562598139048],[1060618.37579144211486,864904.354767553624697],[1060618.509361028205603,864920.844589474145323],[1060618.587274149991572,864930.256285264971666]]]]}},
{"type":"Feature","properties":{"fid":36,"full_id":"w54580911","osm_id":"54580911","osm_type":"way","building":"university","operator":null,"place":null,"landuse":null,"power":null,"highway":null,"height":null,"addr:place":null,"addr:city":null,"shop":null,"sport":null,"leisure":null,"public_transport":null,"network":null,"name":null,"bus":null,"layer":null,"building:levels":null,"faculty":"materials_science","type":null,"amenity":null,"addr:housenumber":"E47","addr:housename":"Escuela de Ingeniería de Materiales","altura":4},"geometry":{"type":"MultiPolygon","coordinates":[[[[1060591.812583679333329,864945.220214609522372],[1060608.717760108644143,864945.087292544194497],[1060608.740023466991261,864947.962781286565587],[1060611.129644362721592,864947.97381179057993],[1060611.107380802975968,864945.076203901553527],[1060613.497001367853954,864945.054055739543401],[1060613.363451688317582,864930.300586806377396],[1060618.587274149991572,864930.256285264971666],[1060618.509361028205603,864920.844589474145323],[1060612.685354142449796,864920.888898303033784],[1060612.752128640888259,864928.232454049866647],[1060591.679006027989089,864928.398605528986081],[1060591.812583679333329,864945.220214609522372]]]]}},
{"type":"Feature","properties":{"fid":37,"full_id":"w54580913","osm_id":"54580913","osm_type":"way","building":"university","operator":null,"place":null,"landuse":null,"power":null,"highway":null,"height":null,"addr:place":null,"addr:city":null,"shop":null,"sport":null,"leisure":null,"public_transport":null,"network":null,"name":null,"bus":null,"layer":null,"building:levels":null,"faculty":"civil_engineering;geomatics","type":null,"amenity":null,"addr:housenumber":"E43","addr:housename":"Escuela de Ingeniería Civil y Geomática","altura":5},"geometry":{"type":"MultiPolygon","coordinates":[[[[1060605.817229666048661,864975.014532787026837],[1060627.412727515213192,864975.036390590365045],[1060627.434752893866971,864957.728158379904926],[1060631.702726335497573,864957.728107251343317],[1060631.713726727524772,864947.995682766661048],[1060611.129644362721592,864947.97381179057993],[1060608.740023466991261,864947.962781286565587],[1060605.850249520735815,864947.962816511746496],[1060605.839196670800447,864953.116577724460512],[1060605.817229666048661,864975.014532787026837]]]]}},
{"type":"Feature","properties":{"fid":38,"full_id":"w54580914","osm_id":"54580914","osm_type":"way","building":"university","operator":null,"place":null,"landuse":null,"power":null,"highway":null,"height":null,"addr:place":null,"addr:city":null,"shop":null,"sport":null,"leisure":null,"public_transport":null,"network":null,"name":null,"bus":null,"layer":null,"building:levels":null,"faculty":"materials_science","type":null,"amenity":null,"addr:housenumber":"E44","addr:housename":"Escuela de Ingeniería de Materiales","altura":10},"geometry":{"type":"MultiPolygon","coordinates":[[[[1060631.702726335497573,864957.728107251343317],[1060631.691653710789979,864961.300349504221231],[1060654.998789420118555,864961.322192467632703],[1060655.031812679022551,864933.496306088636629],[1060647.340567019302398,864933.485337085905485],[1060631.724670976167545,864933.474463118007407],[1060631.713726727524772,864947.995682766661048],[1060631.702726335497573,864957.728107251343317]]]]}},
{"type":"Feature","properties":{"fid":39,"full_id":"w54580916","osm_id":"54580916","osm_type":"way","building":"university","operator":null,"place":null,"landuse":null,"power":null,"highway":null,"height":null,"addr:place":null,"addr:city":null,"shop":null,"sport":null,"leisure":null,"public_transport":null,"network":null,"name":null,"bus":null,"layer":null,"building:levels":null,"faculty":"food_engineering","type":null,"amenity":null,"addr:housenumber":"E32","addr:housename":"Escuela de Ingeniería de Alimentos","altura":4},"geometry":{"type":"MultiPolygon","coordinates":[[[[1060598.484296078793705,865194.713042724994011],[1060619.468452853849158,865194.712787269148976],[1060619.468134222785011,865167.815905424649827],[1060598.483972226968035,865167.816160880727693],[1060598.484296078793705,865194.713042724994011]]]]}},
{"type":"Feature","properties":{"fid":40,"full_id":"w54580917","osm_id":"54580917","osm_type":"way","building":"university","operator":null,"place":null,"landuse":null,"power":null,"highway":null,"height":null,"addr:place":null,"addr:city":null,"shop":null,"sport":null,"leisure":null,"public_transport":null,"network":null,"name":null,"bus":null,"layer":null,"building:levels":null,"faculty":"mechanical_engineering","type":null,"amenity":null,"addr:housenumber":"E33","addr:housename":"Escuela de Ingeniería Mecánica","altura":10},"geometry":{"type":"MultiPolygon","coordinates":[[[[1060587.402621421497315,865151.204818618367426],[1060630.971434882609174,865150.850381969008595],[1060630.726578921079636,865122.139733057934791],[1060587.157754025654867,865122.505229381145909],[1060587.402621421497315,865151.204818618367426]]]]}},
{"type":"Feature","properties":{"fid":41,"full_id":"w54580918","osm_id":"54580918","osm_type":"way","building":"university","operator":null,"place":null,"landuse":null,"power":null,"highway":null,"height":null,"addr:place":null,"addr:city":null,"shop":null,"sport":null,"leisure":null,"public_transport":null,"network":null,"name":null,"bus":null,"layer":null,"building:levels":null,"faculty":"Ingeniería","type":null,"amenity":null,"addr:housenumber":"E37","addr:housename":"Escuela de Ingeniería de Recursos Naturales y del Ambiente","altura":5},"geometry":{"type":"MultiPolygon","coordinates":[[[[1060587.68001725897193,865112.772798564168625],[1060631.259955385699868,865111.9649193972582],[1060631.259620940778404,865083.464399449178018],[1060587.67966636037454,865083.863074410590343],[1060587.68001725897193,865112.772798564168625]]]]}},
{"type":"Feature","properties":{"fid":42,"full_id":"w54580919","osm_id":"54580919","osm_type":"way","building":"university","operator":null,"place":null,"landuse":null,"power":null,"highway":null,"height":null,"addr:place":null,"addr:city":null,"shop":null,"sport":null,"leisure":null,"public_transport":null,"network":null,"name":null,"bus":null,"layer":null,"building:levels":null,"faculty":"Ingeniería","type":null,"amenity":null,"addr:housenumber":"E39","addr:housename":"Escuela de Ingeniería de Recursos Naturales y del Ambiente","altura":6},"geometry":{"type":"MultiPolygon","coordinates":[[[[1060588.690737112890929,865055.097112196846865],[1060596.337515181861818,865055.030660481192172],[1060603.8175756954588,865054.96421135449782],[1060632.270703678485006,865054.731616370030679],[1060632.025848450139165,865026.065205748309381],[1060588.445870333584026,865026.430701675824821],[1060588.690737112890929,865055.097112196846865]]]]}},
{"type":"Feature","properties":{"fid":43,"full_id":"w210432067","osm_id":"210432067","osm_type":"way","building":"university","operator":null,"place":null,"landuse":null,"power":null,"highway":null,"height":null,"addr:place":null,"addr:city":null,"shop":null,"sport":null,"leisure":null,"public_transport":null,"network":null,"name":null,"bus":null,"layer":null,"building:levels":null,"faculty":null,"type":null,"amenity":null,"addr:housenumber":"B1","addr:housename":"Herbario CUVC \"Luis Sigifredo Espinal-Tascón\"","altura":4},"geometry":{"type":"MultiPolygon","coordinates":[[[[1060331.937805811408907,865277.740864361054264],[1060346.053197992499918,865277.807014032732695],[1060345.964364206185564,865283.513755068648607],[1060353.766731071751565,865283.613177181920037],[1060353.811104497406632,865277.707364484434947],[1060383.54233789560385,865277.419386283494532],[1060383.397632511332631,865261.947045546025038],[1060347.353361909743398,865261.770613953587599],[1060331.7041691520717,865261.715546352788806],[1060331.937805811408907,865277.740864361054264]]]]}},
{"type":"Feature","properties":{"fid":44,"full_id":"w210442747","osm_id":"210442747","osm_type":"way","building":"yes","operator":null,"place":null,"landuse":null,"power":null,"highway":null,"height":null,"addr:place":null,"addr:city":null,"shop":null,"sport":null,"leisure":null,"public_transport":null,"network":null,"name":null,"bus":null,"layer":null,"building:levels":null,"faculty":null,"type":null,"amenity":"theatre","addr:housenumber":"D16","addr:housename":"Tulpa del Lago","altura":3},"geometry":{"type":"MultiPolygon","coordinates":[[[[1060422.335686611710116,864742.743775767739862],[1060424.736265586223453,864730.943177818437107],[1060436.551050917711109,864733.309762772871181],[1060434.161585096269846,864745.099300728063099],[1060422.335686611710116,864742.743775767739862]]]]}},
{"type":"Feature","properties":{"fid":45,"full_id":"w210616647","osm_id":"210616647","osm_type":"way","building":"university","operator":null,"place":null,"landuse":null,"power":null,"highway":null,"height":null,"addr:place":null,"addr:city":null,"shop":null,"sport":null,"leisure":null,"public_transport":null,"network":null,"name":null,"bus":null,"layer":null,"building:levels":null,"faculty":null,"type":null,"amenity":null,"addr:housenumber":"E30","addr:housename":"Escuela de Ingeniería Química / Laboratorio de Análisis Instrumental","altura":10},"geometry":{"type":"MultiPolygon","coordinates":[[[[1060571.032245320035145,865254.822163140517659],[1060567.308893301058561,865254.822209865087643],[1060567.297921200748533,865266.368404349079356],[1060583.213860338088125,865266.39032467850484],[1060583.213878260692582,865267.861247904365882],[1060589.437988479621708,865267.872230377630331],[1060589.438035824103281,865271.776259691338055],[1060597.707210486521944,865271.787217396660708],[1060597.718277922831476,865267.883187946397811],[1060605.609560484066606,865267.894150909036398],[1060605.62054555118084,865257.088947828509845],[1060571.032272791722789,865257.056196912191808],[1060571.032245320035145,865254.822163140517659]]]]}},
{"type":"Feature","properties":{"fid":46,"full_id":"w210616648","osm_id":"210616648","osm_type":"way","building":"university","operator":null,"place":null,"landuse":null,"power":null,"highway":null,"height":null,"addr:place":null,"addr:city":null,"shop":null,"sport":null,"leisure":null,"public_transport":null,"network":null,"name":null,"bus":null,"layer":null,"building:levels":null,"faculty":null,"type":null,"amenity":null,"addr:housenumber":"E28","addr:housename":"Escuela de Ingeniería Química","altura":4},"geometry":{"type":"MultiPolygon","coordinates":[[[[1060522.350635564653203,865241.374343441799283],[1060528.307999954093248,865241.407444939482957],[1060528.285835695452988,865246.505908438353799],[1060544.657472460530698,865246.59417452767957],[1060544.845980229554698,865211.623801886569709],[1060536.265594875440001,865211.579673584667034],[1060522.516972129698843,865211.502434261259623],[1060522.350635564653203,865241.374343441799283]]]]}},
{"type":"Feature","properties":{"fid":47,"full_id":"w210616649","osm_id":"210616649","osm_type":"way","building":"university","operator":null,"place":null,"landuse":null,"power":null,"highway":null,"height":null,"addr:place":null,"addr:city":null,"shop":null,"sport":null,"leisure":null,"public_transport":null,"network":null,"name":null,"bus":null,"layer":null,"building:levels":null,"faculty":null,"type":null,"amenity":null,"addr:housenumber":"E27","addr:housename":"Escuela de Ingeniería Química","altura":8},"geometry":{"type":"MultiPolygon","coordinates":[[[[1060581.690366576192901,865200.010785689461045],[1060583.92437905468978,865200.021817515138537],[1060598.495475155999884,865200.076935555087402],[1060598.451159562682733,865211.899619773263112],[1060572.765576321166009,865211.78934239083901],[1060572.721251870971173,865222.660903330775909],[1060564.507645609322935,865222.627827727468684],[1060564.551968550309539,865211.700968918390572],[1060544.845980229554698,865211.623801886569709],[1060536.265594875440001,865211.579673584667034],[1060536.365292781963944,865185.224709537695162],[1060581.745760982157663,865185.412148471339606],[1060581.690366576192901,865200.010785689461045]]]]}},
{"type":"Feature","properties":{"fid":48,"full_id":"w375847623","osm_id":"375847623","osm_type":"way","building":null,"operator":null,"place":null,"landuse":null,"power":null,"highway":"pedestrian","height":null,"addr:place":null,"addr:city":null,"shop":null,"sport":null,"leisure":null,"public_transport":null,"network":null,"name":"Plazoleta de las Palmas","bus":null,"layer":null,"building:levels":null,"faculty":null,"type":null,"amenity":null,"addr:housenumber":null,"addr:housename":null,"altura":4},"geometry":{"type":"MultiPolygon","coordinates":[[[[1060337.3379111061804,865171.734776218188927],[1060337.159831245429814,865154.581380920135416],[1060354.498439266579226,865154.404173656948842],[1060354.665402044076473,865171.56862871919293],[1060337.3379111061804,865171.734776218188927]]]]}},
{"type":"Feature","properties":{"fid":49,"full_id":"w570297390","osm_id":"570297390","osm_type":"way","building":"house","operator":null,"place":null,"landuse":null,"power":null,"highway":null,"height":null,"addr:place":null,"addr:city":null,"shop":null,"sport":null,"leisure":null,"public_transport":null,"network":null,"name":null,"bus":null,"layer":null,"building:levels":null,"faculty":null,"type":null,"amenity":null,"addr:housenumber":null,"addr:housename":null,"altura":6},"geometry":{"type":"MultiPolygon","coordinates":[[[[1060643.795959027251229,865012.937352369423024],[1060643.907185557298362,865019.949120415374637],[1060653.009965771110728,865019.80523853818886],[1060652.88762532430701,865012.793470613309182],[1060643.795959027251229,865012.937352369423024]]]]}},
{"type":"Feature","properties":{"fid":50,"full_id":"w598409450","osm_id":"598409450","osm_type":"way","building":"university","operator":null,"place":null,"landuse":null,"power":null,"highway":null,"height":null,"addr:place":null,"addr:city":null,"shop":null,"sport":null,"leisure":null,"public_transport":null,"network":null,"name":null,"bus":null,"layer":null,"building:levels":"5","faculty":"geography","type":null,"amenity":null,"addr:housenumber":"D7","addr:housename":"Departamento de Geografía","altura":3},"geometry":{"type":"MultiPolygon","coordinates":[[[[1060094.032547293696553,864624.831689563230611],[1060100.567903570597991,864624.942174206953496],[1060100.612318199127913,864622.321054621948861],[1060104.813618678599596,864622.38734086160548],[1060104.869135855464265,864619.03628926386591],[1060111.059941454092041,864619.146780386683531],[1060110.993322510272264,864623.283061860594898],[1060123.26378752826713,864623.492987471283413],[1060123.241583115421236,864624.997089788666926],[1060134.178301754640415,864625.184919868945144],[1060134.233821464702487,864621.933404444716871],[1060149.149549701716751,864622.176467759534717],[1060149.082922332221642,864625.881425857543945],[1060161.4311886401847,864626.080295026185922],[1060161.231320921564475,864638.168411732418463],[1060093.343648871406913,864637.030410457518883],[1060093.376954677747563,864634.763197398744524],[1060095.555406694300473,864634.807398603879847],[1060095.644240492256358,864629.852708330843598],[1060092.576624548528343,864629.808522273669951],[1060092.665457476861775,864624.80959370569326],[1060094.032547293696553,864624.831689563230611]]]]}},
{"type":"Feature","properties":{"fid":51,"full_id":"w628886762","osm_id":"628886762","osm_type":"way","building":"yes","operator":null,"place":null,"landuse":null,"power":null,"highway":null,"height":null,"addr:place":null,"addr:city":null,"shop":null,"sport":null,"leisure":null,"public_transport":null,"network":null,"name":null,"bus":null,"layer":null,"building:levels":null,"faculty":null,"type":null,"amenity":null,"addr:housenumber":"C7","addr:housename":null,"altura":4},"geometry":{"type":"MultiPolygon","coordinates":[[[[1060517.951805400196463,864567.558848247863352],[1060509.160193136427552,864567.570022757165134],[1060509.306049921782687,864674.029471780406311],[1060518.108768084086478,864674.018297138391063],[1060517.951805400196463,864567.558848247863352]]]]}},
{"type":"Feature","properties":{"fid":52,"full_id":"w628914957","osm_id":"628914957","osm_type":"way","building":"yes","operator":null,"place":null,"landuse":null,"power":null,"highway":null,"height":null,"addr:place":null,"addr:city":null,"shop":null,"sport":null,"leisure":null,"public_transport":null,"network":null,"name":null,"bus":null,"layer":null,"building:levels":null,"faculty":null,"type":null,"amenity":null,"addr:housenumber":null,"addr:housename":null,"altura":7},"geometry":{"type":"MultiPolygon","coordinates":[[[[1060802.657178288092837,865165.57981787296012],[1060802.501712155994028,865179.050379552179947],[1060808.903659999137744,865179.127730502630584],[1060809.048012324608862,865165.646109373890795],[1060802.657178288092837,865165.57981787296012]]]]}},
{"type":"Feature","properties":{"fid":53,"full_id":"w628914958","osm_id":"628914958","osm_type":"way","building":"yes","operator":null,"place":null,"landuse":null,"power":null,"highway":null,"height":null,"addr:place":null,"addr:city":null,"shop":null,"sport":null,"leisure":null,"public_transport":null,"network":null,"name":null,"bus":null,"layer":null,"building:levels":null,"faculty":null,"type":null,"amenity":null,"addr:housenumber":null,"addr:housename":null,"altura":3},"geometry":{"type":"MultiPolygon","coordinates":[[[[1060764.056485712062567,865159.961961175664328],[1060764.056695723906159,865179.946609816513956],[1060772.848258369136602,865179.946516008931212],[1060772.848049982450902,865159.961867368081585],[1060764.056485712062567,865159.961961175664328]]]]}},
{"type":"Feature","properties":{"fid":54,"full_id":"w628914959","osm_id":"628914959","osm_type":"way","building":"yes","operator":null,"place":null,"landuse":null,"power":null,"highway":null,"height":null,"addr:place":null,"addr:city":null,"shop":null,"sport":null,"leisure":null,"public_transport":null,"network":null,"name":null,"bus":null,"layer":null,"building:levels":null,"faculty":null,"type":null,"amenity":null,"addr:housenumber":"B24","addr:housename":"Unidad Transitoria de Basuras","altura":8},"geometry":{"type":"MultiPolygon","coordinates":[[[[1060753.920073955319822,865160.548227613209747],[1060753.475893181515858,865198.161840624292381],[1060762.100738052278757,865198.261283886618912],[1060762.544921942520887,865160.658730484778062],[1060753.920073955319822,865160.548227613209747]]]]}},
{"type":"Feature","properties":{"fid":55,"full_id":"w628914960","osm_id":"628914960","osm_type":"way","building":"yes","operator":null,"place":null,"landuse":null,"power":null,"highway":null,"height":null,"addr:place":null,"addr:city":null,"shop":null,"sport":null,"leisure":null,"public_transport":null,"network":null,"name":null,"bus":null,"layer":null,"building:levels":null,"faculty":null,"type":null,"amenity":null,"addr:housenumber":"A2","addr:housename":"Fondo acumulativo","altura":8},"geometry":{"type":"MultiPolygon","coordinates":[[[[1060101.495518312323838,864932.2434574222425],[1060074.509903810685501,864957.857889853301458],[1060088.525550293503329,864972.434166913968511],[1060115.511164460564032,864946.819738048827276],[1060101.495518312323838,864932.2434574222425]]]]}},
{"type":"Feature","properties":{"fid":56,"full_id":"w628914961","osm_id":"628914961","osm_type":"way","building":"yes","operator":null,"place":null,"landuse":null,"power":null,"highway":null,"height":null,"addr:place":null,"addr:city":null,"shop":null,"sport":null,"leisure":null,"public_transport":null,"network":null,"name":null,"bus":null,"layer":null,"building:levels":null,"faculty":null,"type":null,"amenity":null,"addr:housenumber":null,"addr:housename":null,"altura":7},"geometry":{"type":"MultiPolygon","coordinates":[[[[1060096.204767651390284,864917.810804344131611],[1060095.004524426767603,864925.287096199812368],[1060075.187006323132664,864905.52397815650329],[1060089.046780343865976,864903.621494006714784],[1060088.446659986628219,864907.425997412181459],[1060089.180281578563154,864911.208358893287368],[1060091.169835764216259,864914.515137306763791],[1060094.181910741142929,864916.937132491497323],[1060096.204767651390284,864917.810804344131611]]]]}},
{"type":"Feature","properties":{"fid":57,"full_id":"w628914962","osm_id":"628914962","osm_type":"way","building":"yes","operator":null,"place":null,"landuse":null,"power":null,"highway":null,"height":null,"addr:place":null,"addr:city":null,"shop":null,"sport":null,"leisure":null,"public_transport":null,"network":null,"name":null,"bus":null,"layer":null,"building:levels":null,"faculty":null,"type":null,"amenity":null,"addr:housenumber":"A1","addr:housename":"Agora","altura":3},"geometry":{"type":"MultiPolygon","coordinates":[[[[1060090.836163643514737,864900.369948967010714],[1060093.592523069120944,864897.881498028407805],[1060097.026885702740401,864896.432635506964289],[1060100.750245830975473,864896.178202091366984],[1060104.351366809336469,864897.162443066365086],[1060107.419009257340804,864899.263710065511987],[1060109.630848377710208,864902.260817020665854],[1060110.72012986172922,864905.799862038576975],[1060110.575702392263338,864909.504821473383345],[1060109.208673660876229,864912.955431363778189],[1060106.785755318589509,864915.775663451873697],[1060103.562575813150033,864917.633726285537705],[1060099.894796554232016,864918.341601157444529],[1060096.204767651390284,864917.810804344131611],[1060094.181910741142929,864916.937132491497323],[1060091.169835764216259,864914.515137306763791],[1060089.180281578563154,864911.208358893287368],[1060088.446659986628219,864907.425997412181459],[1060089.046780343865976,864903.621494006714784],[1060090.836163643514737,864900.369948967010714]]]]}},
{"type":"Feature","properties":{"fid":58,"full_id":"w628914963","osm_id":"628914963","osm_type":"way","building":"yes","operator":null,"place":null,"landuse":null,"power":null,"highway":null,"height":null,"addr:place":null,"addr:city":null,"shop":null,"sport":null,"leisure":null,"public_transport":null,"network":null,"name":null,"bus":null,"layer":null,"building:levels":null,"faculty":null,"type":null,"amenity":null,"addr:housenumber":null,"addr:housename":null,"altura":8},"geometry":{"type":"MultiPolygon","coordinates":[[[[1060838.129792653722689,864671.869052715366706],[1060836.863082317635417,864707.259699418325908],[1060845.021157406968996,864707.547166847158223],[1060846.287870408035815,864672.156520241638646],[1060838.129792653722689,864671.869052715366706]]]]}},
{"type":"Feature","properties":{"fid":59,"full_id":"w628914966","osm_id":"628914966","osm_type":"way","building":"university","operator":null,"place":null,"landuse":null,"power":null,"highway":null,"height":null,"addr:place":null,"addr:city":null,"shop":null,"sport":null,"leisure":null,"public_transport":null,"network":null,"name":null,"bus":null,"layer":null,"building:levels":null,"faculty":null,"type":null,"amenity":null,"addr:housenumber":null,"addr:housename":null,"altura":9},"geometry":{"type":"MultiPolygon","coordinates":[[[[1060550.454537565354258,864870.347422768129036],[1060550.676996177760884,864883.82903958123643],[1060556.867783429566771,864883.718365262728184],[1060556.645325725898147,864870.247808009735309],[1060550.454537565354258,864870.347422768129036]]]]}},
{"type":"Feature","properties":{"fid":60,"full_id":"w631114694","osm_id":"631114694","osm_type":"way","building":"university","operator":null,"place":null,"landuse":null,"power":null,"highway":null,"height":null,"addr:place":null,"addr:city":null,"shop":null,"sport":null,"leisure":null,"public_transport":null,"network":null,"name":null,"bus":null,"layer":null,"building:levels":null,"faculty":"Ingeniería","type":null,"amenity":null,"addr:housenumber":"E38","addr:housename":"Centro de Estudios Facultad de Ingeniería.","altura":7},"geometry":{"type":"MultiPolygon","coordinates":[[[[1060596.337515181861818,865055.030660481192172],[1060596.548990197712556,865079.870459128287621],[1060604.029048994649202,865079.804010016494431],[1060603.8175756954588,865054.96421135449782],[1060596.337515181861818,865055.030660481192172]]]]}},
{"type":"Feature","properties":{"fid":61,"full_id":"w631126114","osm_id":"631126114","osm_type":"way","building":"university","operator":null,"place":null,"landuse":null,"power":null,"highway":null,"height":null,"addr:place":null,"addr:city":null,"shop":null,"sport":null,"leisure":null,"public_transport":null,"network":null,"name":null,"bus":null,"layer":null,"building:levels":null,"faculty":"chemical_engineering","type":null,"amenity":null,"addr:housenumber":"E29","addr:housename":"Planta Piloto de Ingeniería Química","altura":3},"geometry":{"type":"MultiPolygon","coordinates":[[[[1060571.032245320035145,865254.822163140517659],[1060567.308893301058561,865254.822209865087643],[1060547.602913536829874,865254.800340186571702],[1060547.635916417231783,865227.582730296766385],[1060612.511174808489159,865227.670399427996017],[1060612.500136998714879,865234.10707112273667],[1060615.501048156293109,865234.10703473247122],[1060615.479013197589666,865250.430964936967939],[1060612.278041781159118,865250.431003756821156],[1060612.278094755485654,865254.87695215374697],[1060571.032245320035145,865254.822163140517659]]]]}},
{"type":"Feature","properties":{"fid":62,"full_id":"w631126115","osm_id":"631126115","osm_type":"way","building":"university","operator":null,"place":null,"landuse":null,"power":null,"highway":null,"height":null,"addr:place":null,"addr:city":null,"shop":null,"sport":null,"leisure":null,"public_transport":null,"network":null,"name":null,"bus":null,"layer":null,"building:levels":null,"faculty":"music;performing_arts","type":null,"amenity":null,"addr:housenumber":"E8","addr:housename":"Aulas Escuela de Música /Aulas Departamento de Artes Escénicas","altura":5},"geometry":{"type":"MultiPolygon","coordinates":[[[[1060309.017072280868888,865096.12089582241606],[1060324.143907522549853,865096.175967836519703],[1060324.110699104378,865105.443890611641109],[1060324.077455553924665,865112.300826445338316],[1060320.354098303243518,865112.278762692818418],[1060320.343009497504681,865114.037234985502437],[1060316.230644871713594,865114.015177172841504],[1060314.60792798595503,865114.004141845391132],[1060314.619012642651796,865111.969180224114098],[1060309.417427103267983,865111.947138963965699],[1060309.439586138352752,865107.191522186389193],[1060306.205266657285392,865107.169451597263105],[1060306.238493753131479,865099.272915884270333],[1060309.006004324648529,865099.283933903207071],[1060309.017072280868888,865096.12089582241606]]]]}},
{"type":"Feature","properties":{"fid":63,"full_id":"w631126116","osm_id":"631126116","osm_type":"way","building":"university","operator":null,"place":null,"landuse":null,"power":null,"highway":null,"height":null,"addr:place":null,"addr:city":null,"shop":null,"sport":null,"leisure":null,"public_transport":null,"network":null,"name":null,"bus":null,"layer":null,"building:levels":null,"faculty":"music;performing_arts","type":null,"amenity":null,"addr:housenumber":"E7","addr:housename":"Aulas Escuela de Música /Aulas Departamento de Artes Escénicas","altura":7},"geometry":{"type":"MultiPolygon","coordinates":[[[[1060291.444492905167863,865058.817220736760646],[1060291.333753614220768,865086.090129751246423],[1060289.455402784049511,865086.07909868657589],[1060289.455431777285412,865088.025583556736819],[1060288.477355708135292,865088.025598414591514],[1060288.466279283398762,865090.580359975574538],[1060287.599348242860287,865090.580373152624816],[1060287.588273985078558,865093.27890916436445],[1060286.876945970347151,865093.278919981676154],[1060286.854805246461183,865099.19579194218386],[1060306.238493753131479,865099.272915884270333],[1060309.006004324648529,865099.283933903207071],[1060309.017072280868888,865096.12089582241606],[1060309.03922430681996,865090.889717400423251],[1060312.21797160897404,865090.900729334796779],[1060312.2290203361772,865086.421602052287199],[1060308.950242391787469,865086.410591618274339],[1060308.972390839830041,865080.936102587496862],[1060309.060982547933236,865058.894372013397515],[1060291.444492905167863,865058.817220736760646]]]]}},
{"type":"Feature","properties":{"fid":64,"full_id":"w631126117","osm_id":"631126117","osm_type":"way","building":"university","operator":null,"place":null,"landuse":null,"power":null,"highway":null,"height":null,"addr:place":null,"addr:city":null,"shop":null,"sport":null,"leisure":null,"public_transport":null,"network":null,"name":null,"bus":null,"layer":null,"building:levels":null,"faculty":"Artes Integradas","type":null,"amenity":null,"addr:housenumber":"E9","addr:housename":"Aulas Departamento de Artes Escénicas","altura":3},"geometry":{"type":"MultiPolygon","coordinates":[[[[1060309.060982547933236,865058.894372013397515],[1060308.972390839830041,865080.936102587496862],[1060324.666067942744121,865081.0022257467499],[1060324.754662686958909,865058.949435612536035],[1060309.060982547933236,865058.894372013397515]]]]}},
{"type":"Feature","properties":{"fid":65,"full_id":"w631126118","osm_id":"631126118","osm_type":"way","building":"university","operator":null,"place":null,"landuse":null,"power":null,"highway":null,"height":null,"addr:place":null,"addr:city":null,"shop":null,"sport":null,"leisure":null,"public_transport":null,"network":null,"name":null,"bus":null,"layer":null,"building:levels":null,"faculty":"design","type":null,"amenity":null,"addr:housenumber":"E12","addr:housename":"Departamento de Diseño","altura":6},"geometry":{"type":"MultiPolygon","coordinates":[[[[1060308.037648152094334,865004.547645016340539],[1060308.104102421551943,864988.732454445213079],[1060323.297639910830185,864988.798584910458885],[1060323.231183258583769,865004.602715899120085],[1060308.037648152094334,865004.547645016340539]]]]}},
{"type":"Feature","properties":{"fid":66,"full_id":"w631126119","osm_id":"631126119","osm_type":"way","building":"university","operator":null,"place":null,"landuse":null,"power":null,"highway":null,"height":null,"addr:place":null,"addr:city":null,"shop":null,"sport":null,"leisure":null,"public_transport":null,"network":null,"name":null,"bus":null,"layer":null,"building:levels":null,"faculty":"design","type":null,"amenity":null,"addr:housenumber":"E11","addr:housename":"Departamento de Diseño","altura":6},"geometry":{"type":"MultiPolygon","coordinates":[[[[1060307.971212797798216,865021.645746070309542],[1060308.037648152094334,865004.547645016340539],[1060323.231183258583769,865004.602715899120085],[1060323.164745502639562,865021.700816943543032],[1060307.971212797798216,865021.645746070309542]]]]}},
{"type":"Feature","properties":{"fid":67,"full_id":"w631126120","osm_id":"631126120","osm_type":"way","building":"university","operator":null,"place":null,"landuse":null,"power":null,"highway":null,"height":null,"addr:place":null,"addr:city":null,"shop":null,"sport":null,"leisure":null,"public_transport":null,"network":null,"name":null,"bus":null,"layer":null,"building:levels":null,"faculty":"performing_arts;visual_arts","type":null,"amenity":null,"addr:housenumber":"E10","addr:housename":"Aulas Departamento de Artes Visuales / Departamento de Artes Escénicas","altura":9},"geometry":{"type":"MultiPolygon","coordinates":[[[[1060305.893013605847955,865036.144877659389749],[1060305.959486757405102,865021.634716715780087],[1060307.971212797798216,865021.645746070309542],[1060323.164745502639562,865021.700816943543032],[1060323.09827004163526,865036.2109778765589],[1060309.160678565967828,865036.155888165696524],[1060305.893013605847955,865036.144877659389749]]]]}},
{"type":"Feature","properties":{"fid":68,"full_id":"w631126121","osm_id":"631126121","osm_type":"way","building":null,"operator":null,"place":null,"landuse":null,"power":null,"highway":"pedestrian","height":null,"addr:place":null,"addr:city":null,"shop":null,"sport":null,"leisure":null,"public_transport":null,"network":null,"name":"Hall de los pasos perdidos","bus":null,"layer":null,"building:levels":null,"faculty":null,"type":null,"amenity":null,"addr:housenumber":null,"addr:housename":null,"altura":7},"geometry":{"type":"MultiPolygon","coordinates":[[[[1060272.093837463529781,865038.600616324343719],[1060272.038523506838828,865055.776134241954423],[1060306.46014465787448,865055.90832631685771],[1060306.515463919378817,865038.721748844021931],[1060272.093837463529781,865038.600616324343719]]]]}},
{"type":"Feature","properties":{"fid":69,"full_id":"w631126123","osm_id":"631126123","osm_type":"way","building":"university","operator":null,"place":null,"landuse":null,"power":null,"highway":null,"height":null,"addr:place":null,"addr:city":null,"shop":null,"sport":null,"leisure":null,"public_transport":null,"network":null,"name":null,"bus":null,"layer":null,"building:levels":null,"faculty":"music","type":null,"amenity":null,"addr:housenumber":"E6","addr:housename":"Aulas Escuela de Música /Taller Departamento Artes Visuales","altura":9},"geometry":{"type":"MultiPolygon","coordinates":[[[[1060236.171999209094793,865054.504839964560233],[1060269.015362209640443,865054.703402098501101],[1060268.993193923262879,865058.729087058221921],[1060273.027759133605286,865058.751144232810475],[1060272.950150811113417,865071.591309825656936],[1060262.235769422492012,865071.525117306853645],[1060236.061113527510315,865071.359631152125075],[1060236.171999209094793,865054.504839964560233]]]]}},
{"type":"Feature","properties":{"fid":70,"full_id":"w631127772","osm_id":"631127772","osm_type":"way","building":"university","operator":null,"place":null,"landuse":null,"power":null,"highway":null,"height":null,"addr:place":null,"addr:city":null,"shop":null,"sport":null,"leisure":null,"public_transport":null,"network":null,"name":null,"bus":null,"layer":null,"building:levels":null,"faculty":"Ciencias Naturales y Exactas","type":null,"amenity":null,"addr:housenumber":"B20","addr:housename":"Laboratorio 2 Estación experimental Biología","altura":8},"geometry":{"type":"MultiPolygon","coordinates":[[[[1060716.204254984389991,864763.742217643535696],[1060733.498374314280227,864754.861188780749217],[1060729.408140612998977,864747.019996502902359],[1060712.114020362496376,864755.901026032632217],[1060716.204254984389991,864763.742217643535696]]]]}},
{"type":"Feature","properties":{"fid":71,"full_id":"w631127773","osm_id":"631127773","osm_type":"way","building":"university","operator":null,"place":null,"landuse":null,"power":null,"highway":null,"height":null,"addr:place":null,"addr:city":null,"shop":null,"sport":null,"leisure":null,"public_transport":null,"network":null,"name":null,"bus":null,"layer":null,"building:levels":null,"faculty":"Ciencias Naturales y Exactas","type":null,"amenity":null,"addr:housenumber":"B19","addr:housename":"Laboratorio 3 Estación experimental Biología","altura":4},"geometry":{"type":"MultiPolygon","coordinates":[[[[1060744.824385721702129,864782.985559268388897],[1060751.526407744269818,864779.13675502652768],[1060748.191986892838031,864773.396872736280784],[1060741.478850099025294,864777.245677310042083],[1060744.824385721702129,864782.985559268388897]]]]}},
{"type":"Feature","properties":{"fid":72,"full_id":"w631127774","osm_id":"631127774","osm_type":"way","building":"university","operator":null,"place":null,"landuse":null,"power":null,"highway":null,"height":null,"addr:place":null,"addr:city":null,"shop":null,"sport":null,"leisure":null,"public_transport":null,"network":null,"name":null,"bus":null,"layer":null,"building:levels":null,"faculty":null,"type":null,"amenity":null,"addr:housenumber":"B17","addr:housename":"Servicios Varios/ Bodega Jardinería y Vivero","altura":10},"geometry":{"type":"MultiPolygon","coordinates":[[[[1060768.520289633655921,864756.342792130424641],[1060781.190860859584063,864756.486432148725726],[1060781.313015217427164,864746.278444862458855],[1060768.642442796612158,864746.13480482948944],[1060768.520289633655921,864756.342792130424641]]]]}},
{"type":"Feature","properties":{"fid":73,"full_id":"w631127776","osm_id":"631127776","osm_type":"way","building":"university","operator":null,"place":null,"landuse":null,"power":null,"highway":null,"height":null,"addr:place":null,"addr:city":null,"shop":null,"sport":null,"leisure":null,"public_transport":null,"network":null,"name":null,"bus":null,"layer":null,"building:levels":null,"faculty":null,"type":null,"amenity":null,"addr:housenumber":"B18","addr:housename":"Taller de Mantenimiento/ Bodega Inventario","altura":8},"geometry":{"type":"MultiPolygon","coordinates":[[[[1060771.054437502054498,864759.594279622309841],[1060770.976781149860471,864773.529342590947635],[1060826.127097330056131,864773.827378252753988],[1060826.204760782886297,864759.892315324395895],[1060771.054437502054498,864759.594279622309841]]]]}},
{"type":"Feature","properties":{"fid":74,"full_id":"w631127777","osm_id":"631127777","osm_type":"way","building":"university","operator":null,"place":null,"landuse":null,"power":null,"highway":null,"height":null,"addr:place":null,"addr:city":null,"shop":null,"sport":null,"leisure":null,"public_transport":null,"network":null,"name":null,"bus":null,"layer":null,"building:levels":null,"faculty":"Ciencias Naturales y Exactas","type":null,"amenity":null,"addr:housenumber":"B21","addr:housename":"Laboratorio 1 Estación experimental Biología","altura":9},"geometry":{"type":"MultiPolygon","coordinates":[[[[1060666.711226192070171,864763.001790271373466],[1060679.093104633735493,864788.471843915176578],[1060690.074202952673659,864783.207361252629198],[1060677.703441031742841,864757.737306198687293],[1060666.711226192070171,864763.001790271373466]]]]}},
{"type":"Feature","properties":{"fid":75,"full_id":"w631143921","osm_id":"631143921","osm_type":"way","building":"yes","operator":null,"place":null,"landuse":null,"power":null,"highway":null,"height":null,"addr:place":null,"addr:city":null,"shop":null,"sport":null,"leisure":null,"public_transport":null,"network":null,"name":null,"bus":null,"layer":null,"building:levels":null,"faculty":null,"type":null,"amenity":null,"addr:housenumber":null,"addr:housename":null,"altura":6},"geometry":{"type":"MultiPolygon","coordinates":[[[[1060732.235631520394236,865154.443579810787924],[1060731.202497916063294,865202.010815217741765],[1060740.705388322705403,865202.220842798007652],[1060741.73852598736994,865154.642547910450958],[1060732.235631520394236,865154.443579810787924]]]]}},
{"type":"Feature","properties":{"fid":76,"full_id":"w631145728","osm_id":"631145728","osm_type":"way","building":"yes","operator":null,"place":null,"landuse":null,"power":null,"highway":null,"height":null,"addr:place":null,"addr:city":null,"shop":null,"sport":null,"leisure":null,"public_transport":null,"network":null,"name":null,"bus":null,"layer":null,"building:levels":null,"faculty":null,"type":null,"amenity":null,"addr:housenumber":null,"addr:housename":null,"altura":3},"geometry":{"type":"MultiPolygon","coordinates":[[[[1060485.084674619138241,864460.87863926414866],[1060485.085110834566876,864494.267490533762611],[1060489.853257830254734,864494.267427025130019],[1060489.852823084685951,864460.878575755516067],[1060485.084674619138241,864460.87863926414866]]]]}},
{"type":"Feature","properties":{"fid":77,"full_id":"w631145740","osm_id":"631145740","osm_type":"way","building":"yes","operator":null,"place":null,"landuse":null,"power":null,"highway":null,"height":null,"addr:place":null,"addr:city":null,"shop":null,"sport":null,"leisure":null,"public_transport":null,"network":null,"name":null,"bus":null,"layer":null,"building:levels":null,"faculty":null,"type":null,"amenity":null,"addr:housenumber":"C9","addr:housename":"Camerinos","altura":9},"geometry":{"type":"MultiPolygon","coordinates":[[[[1060621.194664763053879,864547.661380981793627],[1060633.420677970396355,864547.771829989738762],[1060633.376277704490349,864552.726519281626679],[1060630.653211283497512,864552.704432693775743],[1060630.63101406628266,864555.425087949144654],[1060622.017232519574463,864555.336714817211032],[1060622.05053872265853,864552.162616927991621],[1060621.150259700603783,864552.162627780577168],[1060621.194664763053879,864547.661380981793627]]]]}},
{"type":"Feature","properties":{"fid":78,"full_id":"w631146909","osm_id":"631146909","osm_type":"way","building":"university","operator":null,"place":null,"landuse":null,"power":null,"highway":null,"height":null,"addr:place":null,"addr:city":null,"shop":null,"sport":null,"leisure":null,"public_transport":null,"network":null,"name":null,"bus":null,"layer":null,"building:levels":"1","faculty":"architecture","type":null,"amenity":null,"addr:housenumber":"D2","addr:housename":"Edificio Laboratorio de Arquitectura","altura":7},"geometry":{"type":"MultiPolygon","coordinates":[[[[1060284.745384297566488,864510.981367634027265],[1060284.812352251494303,864529.793700505862944],[1060315.366271062055603,864529.693703411263414],[1060315.310422975337133,864510.881370353861712],[1060284.745384297566488,864510.981367634027265]]]]}},
{"type":"Feature","properties":{"fid":79,"full_id":"w631148612","osm_id":"631148612","osm_type":"way","building":"university","operator":null,"place":null,"landuse":null,"power":null,"highway":null,"height":null,"addr:place":null,"addr:city":null,"shop":null,"sport":null,"leisure":null,"public_transport":null,"network":null,"name":null,"bus":null,"layer":null,"building:levels":null,"faculty":null,"type":null,"amenity":null,"addr:housenumber":"B2","addr:housename":"Espacio IVIultipropósito - Contenedores","altura":4},"geometry":{"type":"MultiPolygon","coordinates":[[[[1060314.210188695462421,865276.413979182951152],[1060304.496130630373955,865276.325648295809515],[1060284.990204985486344,865275.607071292120963],[1060284.290142124285921,865285.604936063289642],[1060314.110305079258978,865286.411834784550592],[1060314.210188695462421,865276.413979182951152]]]]}},
{"type":"Feature","properties":{"fid":80,"full_id":"w729350749","osm_id":"729350749","osm_type":"way","building":"university","operator":null,"place":null,"landuse":null,"power":null,"highway":null,"height":"24","addr:place":null,"addr:city":null,"shop":null,"sport":null,"leisure":null,"public_transport":null,"network":null,"name":null,"bus":null,"layer":null,"building:levels":"6","faculty":"computer_science","type":null,"amenity":null,"addr:housenumber":"B13","addr:housename":"EISC - Escuela de ingeniería de sistemas y computación","altura":4},"geometry":{"type":"MultiPolygon","coordinates":[[[[1060852.960268244845793,865051.532991180429235],[1060852.037622671574354,865036.912244618288241],[1060866.942166496999562,865035.994153807405382],[1060866.653145900461823,865031.448672067490406],[1060910.944429608760402,865028.705475591123104],[1060912.144971448229626,865047.871704632416368],[1060852.960268244845793,865051.532991180429235]]]]}},
{"type":"Feature","properties":{"fid":81,"full_id":"w800510931","osm_id":"800510931","osm_type":"way","building":"yes","operator":null,"place":null,"landuse":null,"power":null,"highway":null,"height":null,"addr:place":null,"addr:city":null,"shop":null,"sport":null,"leisure":null,"public_transport":null,"network":null,"name":null,"bus":null,"layer":null,"building:levels":null,"faculty":null,"type":null,"amenity":null,"addr:housenumber":null,"addr:housename":null,"altura":10},"geometry":{"type":"MultiPolygon","coordinates":[[[[1060138.313966349232942,865372.137360614608042],[1060152.929496468044817,865372.137118839193135],[1060152.929290633182973,865359.407550171832554],[1060138.313763661310077,865359.706400421680883],[1060138.313966349232942,865372.137360614608042]]]]}},
{"type":"Feature","properties":{"fid":82,"full_id":"w800510933","osm_id":"800510933","osm_type":"way","building":"yes","operator":null,"place":null,"landuse":null,"power":null,"highway":null,"height":null,"addr:place":null,"addr:city":null,"shop":null,"sport":null,"leisure":null,"public_transport":null,"network":null,"name":null,"bus":null,"layer":null,"building:levels":null,"faculty":null,"type":null,"amenity":null,"addr:housenumber":null,"addr:housename":null,"altura":8},"geometry":{"type":"MultiPolygon","coordinates":[[[[1060139.80286177713424,865344.897607277380303],[1060154.418395580491051,865344.897365707205608],[1060154.418189936084673,865332.167797039728612],[1060139.802659275475889,865332.466647084453143],[1060139.80286177713424,865344.897607277380303]]]]}},
{"type":"Feature","properties":{"fid":83,"full_id":"w800510935","osm_id":"800510935","osm_type":"way","building":"yes","operator":null,"place":null,"landuse":null,"power":null,"highway":null,"height":null,"addr:place":null,"addr:city":null,"shop":null,"sport":null,"leisure":null,"public_transport":null,"network":null,"name":null,"bus":null,"layer":null,"building:levels":null,"faculty":null,"type":null,"amenity":null,"addr:housenumber":null,"addr:housename":null,"altura":10},"geometry":{"type":"MultiPolygon","coordinates":[[[[1060118.041458408348262,865389.611824846593663],[1060132.656986163463444,865389.611580277793109],[1060132.65677793091163,865376.882011610548943],[1060118.041253378614783,865377.180864653782919],[1060118.041458408348262,865389.611824846593663]]]]}},
{"type":"Feature","properties":{"fid":84,"full_id":"w800510936","osm_id":"800510936","osm_type":"way","building":"yes","operator":null,"place":null,"landuse":null,"power":null,"highway":null,"height":null,"addr:place":null,"addr:city":null,"shop":null,"sport":null,"leisure":null,"public_transport":null,"network":null,"name":null,"bus":null,"layer":null,"building:levels":null,"faculty":null,"type":null,"amenity":null,"addr:housenumber":null,"addr:housename":null,"altura":7},"geometry":{"type":"MultiPolygon","coordinates":[[[[1060062.891167335445061,865372.437248773290776],[1060077.506697413977236,865372.436996604781598],[1060077.506482693832368,865359.707427937770262],[1060062.89095597085543,865360.006288580712862],[1060062.891167335445061,865372.437248773290776]]]]}},
{"type":"Feature","properties":{"fid":85,"full_id":"w800510937","osm_id":"800510937","osm_type":"way","building":"yes","operator":null,"place":null,"landuse":null,"power":null,"highway":null,"height":null,"addr:place":null,"addr:city":null,"shop":null,"sport":null,"leisure":null,"public_transport":null,"network":null,"name":null,"bus":null,"layer":null,"building:levels":null,"faculty":null,"type":null,"amenity":null,"addr:housenumber":null,"addr:housename":null,"altura":9},"geometry":{"type":"MultiPolygon","coordinates":[[[[1060062.301329891895875,865327.13724745856598],[1060076.905751619953662,865327.136995399720035],[1060076.905536668375134,865314.396367159555666],[1060062.301118296803907,865314.695227692718618],[1060062.301329891895875,865327.13724745856598]]]]}},
{"type":"Feature","properties":{"fid":86,"full_id":"w800510938","osm_id":"800510938","osm_type":"way","building":"yes","operator":null,"place":null,"landuse":null,"power":null,"highway":null,"height":null,"addr:place":null,"addr:city":null,"shop":null,"sport":null,"leisure":null,"public_transport":null,"network":null,"name":null,"bus":null,"layer":null,"building:levels":null,"faculty":null,"type":null,"amenity":null,"addr:housenumber":null,"addr:housename":null,"altura":10},"geometry":{"type":"MultiPolygon","coordinates":[[[[1060061.701455431757495,865345.197540773428045],[1060076.305874719284475,865345.197288632043637],[1060076.305659873178229,865332.467719964915887],[1060061.701243757503107,865332.755521007580683],[1060061.701455431757495,865345.197540773428045]]]]}},
{"type":"Feature","properties":{"fid":87,"full_id":"w800510939","osm_id":"800510939","osm_type":"way","building":"yes","operator":null,"place":null,"landuse":null,"power":null,"highway":null,"height":null,"addr:place":null,"addr:city":null,"shop":null,"sport":null,"leisure":null,"public_transport":null,"network":null,"name":null,"bus":null,"layer":null,"building:levels":null,"faculty":null,"type":null,"amenity":null,"addr:housenumber":null,"addr:housename":null,"altura":3},"geometry":{"type":"MultiPolygon","coordinates":[[[[1060082.863115698331967,865327.424442059942521],[1060097.478651864919811,865327.424192643375136],[1060097.478439523139969,865314.694623976247385],[1060082.862906656460837,865314.993481867131777],[1060082.863115698331967,865327.424442059942521]]]]}},
{"type":"Feature","properties":{"fid":88,"full_id":"w800510942","osm_id":"800510942","osm_type":"way","building":"yes","operator":null,"place":null,"landuse":null,"power":null,"highway":null,"height":null,"addr:place":null,"addr:city":null,"shop":null,"sport":null,"leisure":null,"public_transport":null,"network":null,"name":null,"bus":null,"layer":null,"building:levels":null,"faculty":null,"type":null,"amenity":null,"addr:housenumber":null,"addr:housename":null,"altura":3},"geometry":{"type":"MultiPolygon","coordinates":[[[[1060062.446878150105476,865389.468999088043347],[1060077.051291453884915,865389.468747049453668],[1060077.051076483679935,865376.728118809289299],[1060062.446666536387056,865377.0269793223124],[1060062.446878150105476,865389.468999088043347]]]]}},
{"type":"Feature","properties":{"fid":89,"full_id":"w800520153","osm_id":"800520153","osm_type":"way","building":"yes","operator":null,"place":null,"landuse":null,"power":null,"highway":null,"height":null,"addr:place":null,"addr:city":null,"shop":null,"sport":null,"leisure":null,"public_transport":null,"network":null,"name":null,"bus":null,"layer":null,"building:levels":null,"faculty":null,"type":null,"amenity":null,"addr:housenumber":null,"addr:housename":null,"altura":3},"geometry":{"type":"MultiPolygon","coordinates":[[[[1060107.26874746219255,865221.451196983922273],[1060114.993319992674515,865221.694377298117615],[1060123.495906944852322,865221.959664285881445],[1060123.673650767188519,865216.606827914481983],[1060115.33778070891276,865216.341538106906228],[1060107.435375994537026,865216.098360773175955],[1060107.26874746219255,865221.451196983922273]]]]}}
]
}
