{
"type": "FeatureCollection",
"name": "nodos",
"crs": { "type": "name", "properties": { "name": "urn:ogc:def:crs:EPSG::6249" } },
"features": [
{"type":"Feature","properties":{"fid":1,"full_id":"w598676013","osm_id":"598676013","osm_type":"way","highway":"service","ford":null,"width":null,"covered":null,"tunnel":null,"layer":null,"bridge":null,"disused:highway":null,"service":null,"noname":null,"motorroad":null,"smoothness":null,"motorcycle":null,"busway:right":null,"tactile_paving":null,"turn:lanes":null,"cycleway":null,"footway":null,"crossing":null,"lit":null,"motor_vehicle:conditional":null,"motor_vehicle":null,"horse":null,"operator":null,"emergency":null,"bus":null,"psv":null,"oneway:bicycle":null,"sidewalk":null,"foot":null,"bicycle":null,"cycleway:right":null,"access":"destination","maxspeed":null,"destination:street":null,"surface":null,"oneway":null,"name":null,"lanes":null,"alt_name":null,"longitud_m":59.360543606701071,"vertex_pos":-1,"vertex_index":1,"vertex_part":0,"vertex_part_index":1,"distance":59.369857661477674,"angle":73.02890000547508,"id_nodo":1},"geometry":{"type":"Point","coordinates":[1060201.801696860929951,864783.446306949714199]}},
{"type":"Feature","properties":{"fid":2,"full_id":"w598409424","osm_id":"598409424","osm_type":"way","highway":"service","ford":null,"width":null,"covered":null,"tunnel":null,"layer":null,"bridge":null,"disused:highway":null,"service":null,"noname":null,"motorroad":null,"smoothness":null,"motorcycle":null,"busway:right":null,"tactile_paving":null,"turn:lanes":null,"cycleway":null,"footway":null,"crossing":null,"lit":null,"motor_vehicle:conditional":null,"motor_vehicle":null,"horse":null,"operator":null,"emergency":null,"bus":null,"psv":null,"oneway:bicycle":null,"sidewalk":null,"foot":null,"bicycle":null,"cycleway:right":null,"access":"destination","maxspeed":null,"destination:street":null,"surface":null,"oneway":null,"name":null,"lanes":null,"alt_name":null,"longitud_m":48.001972856473905,"vertex_pos":-1,"vertex_index":1,"vertex_part":0,"vertex_part_index":1,"distance":48.009498463050747,"angle":267.67735273133223,"id_nodo":2},"geometry":{"type":"Point","coordinates":[1060071.106088885571808,865450.827361123403534]}},
{"type":"Feature","properties":{"fid":3,"full_id":"w600004521","osm_id":"600004521","osm_type":"way","highway":"service","ford":null,"width":null,"covered":null,"tunnel":null,"layer":null,"bridge":null,"disused:highway":null,"service":"driveway","noname":null,"motorroad":null,"smoothness":null,"motorcycle":null,"busway:right":null,"tactile_paving":null,"turn:lanes":null,"cycleway":null,"footway":null,"crossing":null,"lit":null,"motor_vehicle:conditional":null,"motor_vehicle":null,"horse":null,"operator":null,"emergency":null,"bus":null,"psv":null,"oneway:bicycle":null,"sidewalk":null,"foot":null,"bicycle":null,"cycleway:right":null,"access":"destination","maxspeed":null,"destination:street":null,"surface":null,"oneway":null,"name":null,"lanes":null,"alt_name":null,"longitud_m":83.628390276689032,"vertex_pos":-1,"vertex_index":6,"vertex_part":0,"vertex_part_index":6,"distance":83.641622795319108,"angle":178.0209679239496,"id_nodo":3},"geometry":{"type":"Point","coordinates":[1060748.551759540103376,865159.221136990003288]}},
{"type":"Feature","properties":{"fid":4,"full_id":"w600004544","osm_id":"600004544","osm_type":"way","highway":"path","ford":null,"width":null,"covered":null,"tunnel":null,"layer":null,"bridge":null,"disused:highway":null,"service":null,"noname":null,"motorroad":null,"smoothness":null,"motorcycle":null,"busway:right":null,"tactile_paving":null,"turn:lanes":null,"cycleway":null,"footway":null,"crossing":null,"lit":null,"motor_vehicle:conditional":null,"motor_vehicle":null,"horse":null,"operator":null,"emergency":null,"bus":null,"psv":null,"oneway:bicycle":null,"sidewalk":null,"foot":null,"bicycle":null,"cycleway:right":null,"access":null,"maxspeed":null,"destination:street":null,"surface":null,"oneway":null,"name":null,"lanes":null,"alt_name":null,"longitud_m":5.5627556909394986,"vertex_pos":0,"vertex_index":0,"vertex_part":0,"vertex_part_index":0,"distance":0.0,"angle":263.15097215944081,"id_nodo":4},"geometry":{"type":"Point","coordinates":[1060141.741453277878463,864948.832142244325951]}},
{"type":"Feature","properties":{"fid":5,"full_id":"w598676014","osm_id":"598676014","osm_type":"way","highway":"service","ford":null,"width":null,"covered":null,"tunnel":null,"layer":null,"bridge":null,"disused:highway":null,"service":null,"noname":null,"motorroad":null,"smoothness":null,"motorcycle":null,"busway:right":null,"tactile_paving":null,"turn:lanes":null,"cycleway":null,"footway":null,"crossing":null,"lit":null,"motor_vehicle:conditional":null,"motor_vehicle":null,"horse":null,"operator":null,"emergency":null,"bus":null,"psv":null,"oneway:bicycle":null,"sidewalk":null,"foot":null,"bicycle":null,"cycleway:right":null,"access":"destination","maxspeed":null,"destination:street":null,"surface":null,"oneway":null,"name":null,"lanes":null,"alt_name":null,"longitud_m":75.407818861745767,"vertex_pos":-1,"vertex_index":1,"vertex_part":0,"vertex_part_index":1,"distance":75.419651376583232,"angle":72.823338968690521,"id_nodo":5},"geometry":{"type":"Point","coordinates":[1060270.301057417178527,864816.601832450018264]}},
{"type":"Feature","properties":{"fid":6,"full_id":"w598337569","osm_id":"598337569","osm_type":"way","highway":"footway","ford":null,"width":null,"covered":null,"tunnel":null,"layer":null,"bridge":null,"disused:highway":null,"service":null,"noname":null,"motorroad":null,"smoothness":null,"motorcycle":null,"busway:right":null,"tactile_paving":null,"turn:lanes":null,"cycleway":null,"footway":"crossing","crossing":"zebra","lit":null,"motor_vehicle:conditional":null,"motor_vehicle":null,"horse":null,"operator":null,"emergency":null,"bus":null,"psv":null,"oneway:bicycle":null,"sidewalk":"both","foot":"yes","bicycle":"no","cycleway:right":null,"access":null,"maxspeed":null,"destination:street":null,"surface":null,"oneway":null,"name":null,"lanes":null,"alt_name":null,"longitud_m":6.1017223418638391,"vertex_pos":0,"vertex_index":0,"vertex_part":0,"vertex_part_index":0,"distance":0.0,"angle":89.066449076736632,"id_nodo":6},"geometry":{"type":"Point","coordinates":[1060048.86903744074516,864976.427357586915605]}},
{"type":"Feature","properties":{"fid":7,"full_id":"w598233412","osm_id":"598233412","osm_type":"way","highway":"service","ford":null,"width":null,"covered":null,"tunnel":null,"layer":null,"bridge":null,"disused:highway":null,"service":null,"noname":null,"motorroad":null,"smoothness":null,"motorcycle":null,"busway:right":null,"tactile_paving":null,"turn:lanes":null,"cycleway":null,"footway":null,"crossing":null,"lit":null,"motor_vehicle:conditional":null,"motor_vehicle":null,"horse":null,"operator":null,"emergency":null,"bus":null,"psv":null,"oneway:bicycle":null,"sidewalk":null,"foot":null,"bicycle":null,"cycleway:right":null,"access":"destination","maxspeed":null,"destination:street":null,"surface":null,"oneway":null,"name":null,"lanes":null,"alt_name":null,"longitud_m":60.922961955963274,"vertex_pos":-1,"vertex_index":7,"vertex_part":0,"vertex_part_index":7,"distance":60.932578669654873,"angle":91.206816098920157,"id_nodo":7},"geometry":{"type":"Point","coordinates":[1060245.770320006413385,864752.976488038431853]}},
{"type":"Feature","properties":{"fid":8,"full_id":"w598409424","osm_id":"598409424","osm_type":"way","highway":"service","ford":null,"width":null,"covered":null,"tunnel":null,"layer":null,"bridge":null,"disused:highway":null,"service":null,"noname":null,"motorroad":null,"smoothness":null,"motorcycle":null,"busway:right":null,"tactile_paving":null,"turn:lanes":null,"cycleway":null,"footway":null,"crossing":null,"lit":null,"motor_vehicle:conditional":null,"motor_vehicle":null,"horse":null,"operator":null,"emergency":null,"bus":null,"psv":null,"oneway:bicycle":null,"sidewalk":null,"foot":null,"bicycle":null,"cycleway:right":null,"access":"destination","maxspeed":null,"destination:street":null,"surface":null,"oneway":null,"name":null,"lanes":null,"alt_name":null,"longitud_m":16.399667319224861,"vertex_pos":0,"vertex_index":0,"vertex_part":0,"vertex_part_index":0,"distance":0.0,"angle":185.92628883132198,"id_nodo":8},"geometry":{"type":"Point","coordinates":[1060128.757026205770671,865463.954095909488387]}},
{"type":"Feature","properties":{"fid":9,"full_id":"w569802534","osm_id":"569802534","osm_type":"way","highway":"tertiary","ford":null,"width":null,"covered":null,"tunnel":null,"layer":null,"bridge":null,"disused:highway":null,"service":null,"noname":null,"motorroad":null,"smoothness":null,"motorcycle":null,"busway:right":null,"tactile_paving":null,"turn:lanes":null,"cycleway":null,"footway":null,"crossing":null,"lit":null,"motor_vehicle:conditional":null,"motor_vehicle":null,"horse":null,"operator":null,"emergency":null,"bus":null,"psv":null,"oneway:bicycle":null,"sidewalk":null,"foot":null,"bicycle":null,"cycleway:right":null,"access":null,"maxspeed":"30","destination:street":null,"surface":"asphalt","oneway":"yes","name":"Carrera 86","lanes":"3","alt_name":null,"longitud_m":200.27490226540573,"vertex_pos":-1,"vertex_index":1,"vertex_part":0,"vertex_part_index":1,"distance":200.30630775764755,"angle":93.77755180864375,"id_nodo":9},"geometry":{"type":"Point","coordinates":[1060566.211617024382576,865502.490304296370596]}},
{"type":"Feature","properties":{"fid":10,"full_id":"w569802534","osm_id":"569802534","osm_type":"way","highway":"tertiary","ford":null,"width":null,"covered":null,"tunnel":null,"layer":null,"bridge":null,"disused:highway":null,"service":null,"noname":null,"motorroad":null,"smoothness":null,"motorcycle":null,"busway:right":null,"tactile_paving":null,"turn:lanes":null,"cycleway":null,"footway":null,"crossing":null,"lit":null,"motor_vehicle:conditional":null,"motor_vehicle":null,"horse":null,"operator":null,"emergency":null,"bus":null,"psv":null,"oneway:bicycle":null,"sidewalk":null,"foot":null,"bicycle":null,"cycleway:right":null,"access":null,"maxspeed":"30","destination:street":null,"surface":"asphalt","oneway":"yes","name":"Carrera 86","lanes":"3","alt_name":null,"longitud_m":30.882653757807468,"vertex_pos":-1,"vertex_index":1,"vertex_part":0,"vertex_part_index":1,"distance":30.88749656404238,"angle":93.77839186511514,"id_nodo":10},"geometry":{"type":"Point","coordinates":[1060366.340503267711028,865515.687077127979137]}},
{"type":"Feature","properties":{"fid":11,"full_id":"w569802534","osm_id":"569802534","osm_type":"way","highway":"tertiary","ford":null,"width":null,"covered":null,"tunnel":null,"layer":null,"bridge":null,"disused:highway":null,"service":null,"noname":null,"motorroad":null,"smoothness":null,"motorcycle":null,"busway:right":null,"tactile_paving":null,"turn:lanes":null,"cycleway":null,"footway":null,"crossing":null,"lit":null,"motor_vehicle:conditional":null,"motor_vehicle":null,"horse":null,"operator":null,"emergency":null,"bus":null,"psv":null,"oneway:bicycle":null,"sidewalk":null,"foot":null,"bicycle":null,"cycleway:right":null,"access":null,"maxspeed":"30","destination:street":null,"surface":"asphalt","oneway":"yes","name":"Carrera 86","lanes":"3","alt_name":null,"longitud_m":190.94550472124263,"vertex_pos":-1,"vertex_index":1,"vertex_part":0,"vertex_part_index":1,"distance":190.9754477598388,"angle":93.79288208393767,"id_nodo":11},"geometry":{"type":"Point","coordinates":[1060335.520144031383097,865517.722488766303286]}},
{"type":"Feature","properties":{"fid":12,"full_id":"w1386046065","osm_id":"1386046065","osm_type":"way","highway":"service","ford":null,"width":null,"covered":null,"tunnel":null,"layer":null,"bridge":null,"disused:highway":null,"service":null,"noname":null,"motorroad":null,"smoothness":null,"motorcycle":null,"busway:right":null,"tactile_paving":null,"turn:lanes":null,"cycleway":null,"footway":null,"crossing":null,"lit":null,"motor_vehicle:conditional":null,"motor_vehicle":null,"horse":null,"operator":null,"emergency":null,"bus":null,"psv":null,"oneway:bicycle":null,"sidewalk":null,"foot":null,"bicycle":null,"cycleway:right":null,"access":null,"maxspeed":null,"destination:street":null,"surface":null,"oneway":"yes","name":null,"lanes":null,"alt_name":null,"longitud_m":11.387886433443104,"vertex_pos":-1,"vertex_index":1,"vertex_part":0,"vertex_part_index":1,"distance":11.389692126818403,"angle":210.4290343112034,"id_nodo":12},"geometry":{"type":"Point","coordinates":[1060836.239933440927416,864632.508050891105086]}},
{"type":"Feature","properties":{"fid":13,"full_id":"w1366389750","osm_id":"1366389750","osm_type":"way","highway":"footway","ford":null,"width":null,"covered":null,"tunnel":null,"layer":null,"bridge":null,"disused:highway":null,"service":null,"noname":null,"motorroad":null,"smoothness":null,"motorcycle":null,"busway:right":null,"tactile_paving":null,"turn:lanes":null,"cycleway":null,"footway":null,"crossing":null,"lit":null,"motor_vehicle:conditional":null,"motor_vehicle":null,"horse":null,"operator":null,"emergency":null,"bus":null,"psv":null,"oneway:bicycle":null,"sidewalk":null,"foot":null,"bicycle":null,"cycleway:right":null,"access":null,"maxspeed":null,"destination:street":null,"surface":null,"oneway":null,"name":null,"lanes":null,"alt_name":null,"longitud_m":79.688323779351222,"vertex_pos":-1,"vertex_index":5,"vertex_part":0,"vertex_part_index":5,"distance":79.700962132859885,"angle":0.00077926802023006671,"id_nodo":13},"geometry":{"type":"Point","coordinates":[1060427.245547654340044,864539.579349097795784]}},
{"type":"Feature","properties":{"fid":14,"full_id":"w1386046065","osm_id":"1386046065","osm_type":"way","highway":"service","ford":null,"width":null,"covered":null,"tunnel":null,"layer":null,"bridge":null,"disused:highway":null,"service":null,"noname":null,"motorroad":null,"smoothness":null,"motorcycle":null,"busway:right":null,"tactile_paving":null,"turn:lanes":null,"cycleway":null,"footway":null,"crossing":null,"lit":null,"motor_vehicle:conditional":null,"motor_vehicle":null,"horse":null,"operator":null,"emergency":null,"bus":null,"psv":null,"oneway:bicycle":null,"sidewalk":null,"foot":null,"bicycle":null,"cycleway:right":null,"access":null,"maxspeed":null,"destination:street":null,"surface":null,"oneway":"yes","name":null,"lanes":null,"alt_name":null,"longitud_m":11.387886433443104,"vertex_pos":0,"vertex_index":0,"vertex_part":0,"vertex_part_index":0,"distance":0.0,"angle":210.4290343112034,"id_nodo":14},"geometry":{"type":"Point","coordinates":[1060842.008479617070407,864642.328894121572375]}},
{"type":"Feature","properties":{"fid":15,"full_id":"w1257576564","osm_id":"1257576564","osm_type":"way","highway":"footway","ford":null,"width":null,"covered":null,"tunnel":null,"layer":null,"bridge":null,"disused:highway":null,"service":null,"noname":null,"motorroad":null,"smoothness":null,"motorcycle":null,"busway:right":null,"tactile_paving":null,"turn:lanes":null,"cycleway":null,"footway":"sidewalk","crossing":null,"lit":null,"motor_vehicle:conditional":null,"motor_vehicle":null,"horse":null,"operator":null,"emergency":null,"bus":null,"psv":null,"oneway:bicycle":null,"sidewalk":null,"foot":null,"bicycle":null,"cycleway:right":null,"access":null,"maxspeed":null,"destination:street":null,"surface":null,"oneway":null,"name":null,"lanes":null,"alt_name":null,"longitud_m":353.04668045492758,"vertex_pos":-1,"vertex_index":6,"vertex_part":0,"vertex_part_index":6,"distance":353.1020744608237,"angle":133.57440184926307,"id_nodo":15},"geometry":{"type":"Point","coordinates":[1060939.568129521561787,865461.322534551844001]}},
{"type":"Feature","properties":{"fid":16,"full_id":"w1366389750","osm_id":"1366389750","osm_type":"way","highway":"footway","ford":null,"width":null,"covered":null,"tunnel":null,"layer":null,"bridge":null,"disused:highway":null,"service":null,"noname":null,"motorroad":null,"smoothness":null,"motorcycle":null,"busway:right":null,"tactile_paving":null,"turn:lanes":null,"cycleway":null,"footway":null,"crossing":null,"lit":null,"motor_vehicle:conditional":null,"motor_vehicle":null,"horse":null,"operator":null,"emergency":null,"bus":null,"psv":null,"oneway:bicycle":null,"sidewalk":null,"foot":null,"bicycle":null,"cycleway:right":null,"access":null,"maxspeed":null,"destination:street":null,"surface":null,"oneway":null,"name":null,"lanes":null,"alt_name":null,"longitud_m":79.688323779351222,"vertex_pos":0,"vertex_index":0,"vertex_part":0,"vertex_part_index":0,"distance":0.0,"angle":27.585469805163537,"id_nodo":16},"geometry":{"type":"Point","coordinates":[1060391.222304399358109,864470.413285128655843]}},
{"type":"Feature","properties":{"fid":17,"full_id":"w1257576563","osm_id":"1257576563","osm_type":"way","highway":"footway","ford":null,"width":null,"covered":null,"tunnel":null,"layer":null,"bridge":null,"disused:highway":null,"service":null,"noname":null,"motorroad":null,"smoothness":null,"motorcycle":null,"busway:right":null,"tactile_paving":null,"turn:lanes":null,"cycleway":null,"footway":"sidewalk","crossing":null,"lit":null,"motor_vehicle:conditional":null,"motor_vehicle":null,"horse":null,"operator":null,"emergency":null,"bus":null,"psv":null,"oneway:bicycle":null,"sidewalk":null,"foot":null,"bicycle":null,"cycleway:right":null,"access":null,"maxspeed":null,"destination:street":null,"surface":null,"oneway":null,"name":null,"lanes":null,"alt_name":null,"longitud_m":23.655575417308608,"vertex_pos":-1,"vertex_index":3,"vertex_part":0,"vertex_part_index":3,"distance":23.659315727995804,"angle":150.20003622779109,"id_nodo":17},"geometry":{"type":"Point","coordinates":[1060592.752754769753665,865486.929154419107363]}},
{"type":"Feature","properties":{"fid":18,"full_id":"w1257576564","osm_id":"1257576564","osm_type":"way","highway":"footway","ford":null,"width":null,"covered":null,"tunnel":null,"layer":null,"bridge":null,"disused:highway":null,"service":null,"noname":null,"motorroad":null,"smoothness":null,"motorcycle":null,"busway:right":null,"tactile_paving":null,"turn:lanes":null,"cycleway":null,"footway":"sidewalk","crossing":null,"lit":null,"motor_vehicle:conditional":null,"motor_vehicle":null,"horse":null,"operator":null,"emergency":null,"bus":null,"psv":null,"oneway:bicycle":null,"sidewalk":null,"foot":null,"bicycle":null,"cycleway:right":null,"access":null,"maxspeed":null,"destination:street":null,"surface":null,"oneway":null,"name":null,"lanes":null,"alt_name":null,"longitud_m":353.04668045492758,"vertex_pos":0,"vertex_index":0,"vertex_part":0,"vertex_part_index":0,"distance":0.0,"angle":40.753317216591263,"id_nodo":18},"geometry":{"type":"Point","coordinates":[1060595.397994456347078,865486.785347394295968]}},
{"type":"Feature","properties":{"fid":19,"full_id":"w569500386","osm_id":"569500386","osm_type":"way","highway":"tertiary","ford":null,"width":null,"covered":null,"tunnel":null,"layer":null,"bridge":null,"disused:highway":null,"service":null,"noname":null,"motorroad":null,"smoothness":null,"motorcycle":null,"busway:right":null,"tactile_paving":null,"turn:lanes":"through|through|through","cycleway":null,"footway":null,"crossing":null,"lit":null,"motor_vehicle:conditional":null,"motor_vehicle":null,"horse":null,"operator":null,"emergency":null,"bus":null,"psv":null,"oneway:bicycle":null,"sidewalk":null,"foot":null,"bicycle":null,"cycleway:right":null,"access":null,"maxspeed":"30","destination:street":null,"surface":"asphalt","oneway":"yes","name":"Carrera 86","lanes":"3","alt_name":null,"longitud_m":11.719957238529016,"vertex_pos":-1,"vertex_index":1,"vertex_part":0,"vertex_part_index":1,"distance":11.72179507941741,"angle":94.058503236050655,"id_nodo":19},"geometry":{"type":"Point","coordinates":[1060614.792874822858721,865499.227130345650949]}},
{"type":"Feature","properties":{"fid":20,"full_id":"w566855935","osm_id":"566855935","osm_type":"way","highway":"footway","ford":null,"width":null,"covered":null,"tunnel":null,"layer":null,"bridge":null,"disused:highway":null,"service":null,"noname":null,"motorroad":null,"smoothness":null,"motorcycle":null,"busway:right":null,"tactile_paving":"no","turn:lanes":null,"cycleway":null,"footway":null,"crossing":null,"lit":null,"motor_vehicle:conditional":null,"motor_vehicle":null,"horse":"no","operator":null,"emergency":null,"bus":null,"psv":null,"oneway:bicycle":null,"sidewalk":null,"foot":"yes","bicycle":"yes","cycleway:right":null,"access":null,"maxspeed":null,"destination:street":null,"surface":"concrete","oneway":null,"name":null,"lanes":null,"alt_name":null,"longitud_m":23.295746840759953,"vertex_pos":-1,"vertex_index":1,"vertex_part":0,"vertex_part_index":1,"distance":23.299445305696622,"angle":148.38264421835783,"id_nodo":20},"geometry":{"type":"Point","coordinates":[1060240.409876646474004,864541.805082469363697]}},
{"type":"Feature","properties":{"fid":21,"full_id":"w566855935","osm_id":"566855935","osm_type":"way","highway":"footway","ford":null,"width":null,"covered":null,"tunnel":null,"layer":null,"bridge":null,"disused:highway":null,"service":null,"noname":null,"motorroad":null,"smoothness":null,"motorcycle":null,"busway:right":null,"tactile_paving":"no","turn:lanes":null,"cycleway":null,"footway":null,"crossing":null,"lit":null,"motor_vehicle:conditional":null,"motor_vehicle":null,"horse":"no","operator":null,"emergency":null,"bus":null,"psv":null,"oneway:bicycle":null,"sidewalk":null,"foot":"yes","bicycle":"yes","cycleway:right":null,"access":null,"maxspeed":null,"destination:street":null,"surface":"concrete","oneway":null,"name":null,"lanes":null,"alt_name":null,"longitud_m":135.99796323048972,"vertex_pos":-1,"vertex_index":4,"vertex_part":0,"vertex_part_index":4,"distance":136.01939778659971,"angle":46.296726535452756,"id_nodo":21},"geometry":{"type":"Point","coordinates":[1060228.195284961955622,864561.646148507599719]}},
{"type":"Feature","properties":{"fid":22,"full_id":"w1248246246","osm_id":"1248246246","osm_type":"way","highway":"footway","ford":null,"width":null,"covered":null,"tunnel":null,"layer":null,"bridge":null,"disused:highway":null,"service":null,"noname":null,"motorroad":null,"smoothness":null,"motorcycle":null,"busway:right":null,"tactile_paving":null,"turn:lanes":null,"cycleway":null,"footway":"crossing","crossing":null,"lit":null,"motor_vehicle:conditional":null,"motor_vehicle":null,"horse":null,"operator":null,"emergency":null,"bus":null,"psv":null,"oneway:bicycle":null,"sidewalk":null,"foot":null,"bicycle":null,"cycleway:right":null,"access":null,"maxspeed":null,"destination:street":null,"surface":null,"oneway":null,"name":null,"lanes":null,"alt_name":null,"longitud_m":6.1832146481792503,"vertex_pos":-1,"vertex_index":1,"vertex_part":0,"vertex_part_index":1,"distance":6.1841995078196783,"angle":183.71021571496843,"id_nodo":22},"geometry":{"type":"Point","coordinates":[1060897.158422715030611,864595.159278853214346]}},
{"type":"Feature","properties":{"fid":23,"full_id":"w1248246246","osm_id":"1248246246","osm_type":"way","highway":"footway","ford":null,"width":null,"covered":null,"tunnel":null,"layer":null,"bridge":null,"disused:highway":null,"service":null,"noname":null,"motorroad":null,"smoothness":null,"motorcycle":null,"busway:right":null,"tactile_paving":null,"turn:lanes":null,"cycleway":null,"footway":"crossing","crossing":null,"lit":null,"motor_vehicle:conditional":null,"motor_vehicle":null,"horse":null,"operator":null,"emergency":null,"bus":null,"psv":null,"oneway:bicycle":null,"sidewalk":null,"foot":null,"bicycle":null,"cycleway:right":null,"access":null,"maxspeed":null,"destination:street":null,"surface":null,"oneway":null,"name":null,"lanes":null,"alt_name":null,"longitud_m":12.089846161613726,"vertex_pos":-1,"vertex_index":1,"vertex_part":0,"vertex_part_index":1,"distance":12.09177180337411,"angle":183.74242620329017,"id_nodo":23},"geometry":{"type":"Point","coordinates":[1060897.558603708865121,864601.330516875255853]}},
{"type":"Feature","properties":{"fid":24,"full_id":"w1248246246","osm_id":"1248246246","osm_type":"way","highway":"footway","ford":null,"width":null,"covered":null,"tunnel":null,"layer":null,"bridge":null,"disused:highway":null,"service":null,"noname":null,"motorroad":null,"smoothness":null,"motorcycle":null,"busway:right":null,"tactile_paving":null,"turn:lanes":null,"cycleway":null,"footway":"crossing","crossing":null,"lit":null,"motor_vehicle:conditional":null,"motor_vehicle":null,"horse":null,"operator":null,"emergency":null,"bus":null,"psv":null,"oneway:bicycle":null,"sidewalk":null,"foot":null,"bicycle":null,"cycleway:right":null,"access":null,"maxspeed":null,"destination:street":null,"surface":null,"oneway":null,"name":null,"lanes":null,"alt_name":null,"longitud_m":4.9871708031024315,"vertex_pos":-1,"vertex_index":1,"vertex_part":0,"vertex_part_index":1,"distance":4.9879651357770918,"angle":183.83350798863466,"id_nodo":24},"geometry":{"type":"Point","coordinates":[1060898.347848454723135,864613.396503700874746]}},
{"type":"Feature","properties":{"fid":25,"full_id":"w1248246245","osm_id":"1248246245","osm_type":"way","highway":"footway","ford":null,"width":null,"covered":null,"tunnel":null,"layer":null,"bridge":null,"disused:highway":null,"service":null,"noname":null,"motorroad":null,"smoothness":null,"motorcycle":null,"busway:right":null,"tactile_paving":null,"turn:lanes":null,"cycleway":null,"footway":"sidewalk","crossing":null,"lit":null,"motor_vehicle:conditional":null,"motor_vehicle":null,"horse":null,"operator":null,"emergency":null,"bus":null,"psv":null,"oneway:bicycle":null,"sidewalk":null,"foot":null,"bicycle":null,"cycleway:right":null,"access":null,"maxspeed":null,"destination:street":null,"surface":null,"oneway":null,"name":null,"lanes":null,"alt_name":null,"longitud_m":218.2900441543203,"vertex_pos":-1,"vertex_index":1,"vertex_part":0,"vertex_part_index":1,"distance":218.32482163465323,"angle":183.75898650621303,"id_nodo":25},"geometry":{"type":"Point","coordinates":[1060876.575593400746584,864277.911825464689173]}},
{"type":"Feature","properties":{"fid":26,"full_id":"w1248246246","osm_id":"1248246246","osm_type":"way","highway":"footway","ford":null,"width":null,"covered":null,"tunnel":null,"layer":null,"bridge":null,"disused:highway":null,"service":null,"noname":null,"motorroad":null,"smoothness":null,"motorcycle":null,"busway:right":null,"tactile_paving":null,"turn:lanes":null,"cycleway":null,"footway":"crossing","crossing":null,"lit":null,"motor_vehicle:conditional":null,"motor_vehicle":null,"horse":null,"operator":null,"emergency":null,"bus":null,"psv":null,"oneway:bicycle":null,"sidewalk":null,"foot":null,"bicycle":null,"cycleway:right":null,"access":null,"maxspeed":null,"destination:street":null,"surface":null,"oneway":null,"name":null,"lanes":null,"alt_name":null,"longitud_m":4.9871708031024315,"vertex_pos":0,"vertex_index":0,"vertex_part":0,"vertex_part_index":0,"distance":0.0,"angle":183.83350798863466,"id_nodo":26},"geometry":{"type":"Point","coordinates":[1060898.68133097467944,864618.373308459413238]}},
{"type":"Feature","properties":{"fid":27,"full_id":"w631064854","osm_id":"631064854","osm_type":"way","highway":"service","ford":null,"width":null,"covered":null,"tunnel":null,"layer":null,"bridge":null,"disused:highway":null,"service":null,"noname":null,"motorroad":null,"smoothness":null,"motorcycle":null,"busway:right":null,"tactile_paving":null,"turn:lanes":null,"cycleway":null,"footway":null,"crossing":null,"lit":null,"motor_vehicle:conditional":null,"motor_vehicle":null,"horse":null,"operator":null,"emergency":null,"bus":null,"psv":null,"oneway:bicycle":null,"sidewalk":null,"foot":null,"bicycle":null,"cycleway:right":null,"access":"destination","maxspeed":null,"destination:street":null,"surface":null,"oneway":null,"name":null,"lanes":null,"alt_name":null,"longitud_m":44.648112765712355,"vertex_pos":-1,"vertex_index":1,"vertex_part":0,"vertex_part_index":1,"distance":44.655208970324409,"angle":18.457856390275285,"id_nodo":27},"geometry":{"type":"Point","coordinates":[1060681.528341904049739,864891.016177954850718]}},
{"type":"Feature","properties":{"fid":28,"full_id":"w631064856","osm_id":"631064856","osm_type":"way","highway":"service","ford":null,"width":null,"covered":null,"tunnel":null,"layer":null,"bridge":null,"disused:highway":null,"service":null,"noname":null,"motorroad":null,"smoothness":null,"motorcycle":null,"busway:right":null,"tactile_paving":null,"turn:lanes":null,"cycleway":null,"footway":null,"crossing":null,"lit":null,"motor_vehicle:conditional":null,"motor_vehicle":null,"horse":null,"operator":null,"emergency":null,"bus":null,"psv":null,"oneway:bicycle":null,"sidewalk":null,"foot":null,"bicycle":null,"cycleway:right":null,"access":"destination","maxspeed":null,"destination:street":null,"surface":null,"oneway":null,"name":null,"lanes":null,"alt_name":null,"longitud_m":78.22079725633813,"vertex_pos":0,"vertex_index":0,"vertex_part":0,"vertex_part_index":0,"distance":0.0,"angle":184.39001175688855,"id_nodo":28},"geometry":{"type":"Point","coordinates":[1060652.408573212102056,864914.982611499493942]}},
{"type":"Feature","properties":{"fid":29,"full_id":"w1257576563","osm_id":"1257576563","osm_type":"way","highway":"footway","ford":null,"width":null,"covered":null,"tunnel":null,"layer":null,"bridge":null,"disused:highway":null,"service":null,"noname":null,"motorroad":null,"smoothness":null,"motorcycle":null,"busway:right":null,"tactile_paving":null,"turn:lanes":null,"cycleway":null,"footway":"sidewalk","crossing":null,"lit":null,"motor_vehicle:conditional":null,"motor_vehicle":null,"horse":null,"operator":null,"emergency":null,"bus":null,"psv":null,"oneway:bicycle":null,"sidewalk":null,"foot":null,"bicycle":null,"cycleway:right":null,"access":null,"maxspeed":null,"destination:street":null,"surface":null,"oneway":null,"name":null,"lanes":null,"alt_name":null,"longitud_m":23.655575417308608,"vertex_pos":0,"vertex_index":0,"vertex_part":0,"vertex_part_index":0,"distance":0.0,"angle":185.33956893757897,"id_nodo":29},"geometry":{"type":"Point","coordinates":[1060581.182780012488365,865501.494755479856394]}},
{"type":"Feature","properties":{"fid":30,"full_id":"w1257576562","osm_id":"1257576562","osm_type":"way","highway":"footway","ford":null,"width":null,"covered":null,"tunnel":null,"layer":null,"bridge":null,"disused:highway":null,"service":null,"noname":null,"motorroad":null,"smoothness":null,"motorcycle":null,"busway:right":null,"tactile_paving":null,"turn:lanes":null,"cycleway":null,"footway":"crossing","crossing":"zebra","lit":null,"motor_vehicle:conditional":null,"motor_vehicle":null,"horse":null,"operator":null,"emergency":null,"bus":null,"psv":null,"oneway:bicycle":null,"sidewalk":null,"foot":null,"bicycle":null,"cycleway:right":null,"access":null,"maxspeed":null,"destination:street":null,"surface":null,"oneway":null,"name":null,"lanes":null,"alt_name":null,"longitud_m":1.2352946496104762,"vertex_pos":-1,"vertex_index":1,"vertex_part":0,"vertex_part_index":1,"distance":1.235488348181212,"angle":93.079514011082097,"id_nodo":30},"geometry":{"type":"Point","coordinates":[1060593.986459001433104,865486.862781779957004]}},
{"type":"Feature","properties":{"fid":31,"full_id":"w631064854","osm_id":"631064854","osm_type":"way","highway":"service","ford":null,"width":null,"covered":null,"tunnel":null,"layer":null,"bridge":null,"disused:highway":null,"service":null,"noname":null,"motorroad":null,"smoothness":null,"motorcycle":null,"busway:right":null,"tactile_paving":null,"turn:lanes":null,"cycleway":null,"footway":null,"crossing":null,"lit":null,"motor_vehicle:conditional":null,"motor_vehicle":null,"horse":null,"operator":null,"emergency":null,"bus":null,"psv":null,"oneway:bicycle":null,"sidewalk":null,"foot":null,"bicycle":null,"cycleway:right":null,"access":"destination","maxspeed":null,"destination:street":null,"surface":null,"oneway":null,"name":null,"lanes":null,"alt_name":null,"longitud_m":44.648112765712355,"vertex_pos":0,"vertex_index":0,"vertex_part":0,"vertex_part_index":0,"distance":0.0,"angle":18.457856390275285,"id_nodo":31},"geometry":{"type":"Point","coordinates":[1060667.390188543358818,864848.658176258206367]}},
{"type":"Feature","properties":{"fid":32,"full_id":"w629060907","osm_id":"629060907","osm_type":"way","highway":"footway","ford":null,"width":null,"covered":null,"tunnel":null,"layer":null,"bridge":null,"disused:highway":null,"service":null,"noname":null,"motorroad":null,"smoothness":null,"motorcycle":null,"busway:right":null,"tactile_paving":null,"turn:lanes":null,"cycleway":null,"footway":null,"crossing":null,"lit":null,"motor_vehicle:conditional":null,"motor_vehicle":null,"horse":null,"operator":null,"emergency":null,"bus":null,"psv":null,"oneway:bicycle":null,"sidewalk":null,"foot":null,"bicycle":null,"cycleway:right":null,"access":null,"maxspeed":null,"destination:street":null,"surface":"ground","oneway":null,"name":null,"lanes":null,"alt_name":null,"longitud_m":43.422108678095718,"vertex_pos":-1,"vertex_index":4,"vertex_part":0,"vertex_part_index":4,"distance":43.429000979137847,"angle":146.16277741975654,"id_nodo":32},"geometry":{"type":"Point","coordinates":[1060474.22632144484669,864504.707872999133542]}},
{"type":"Feature","properties":{"fid":33,"full_id":"w631064853","osm_id":"631064853","osm_type":"way","highway":"service","ford":null,"width":null,"covered":null,"tunnel":null,"layer":null,"bridge":null,"disused:highway":null,"service":null,"noname":null,"motorroad":null,"smoothness":null,"motorcycle":null,"busway:right":null,"tactile_paving":null,"turn:lanes":null,"cycleway":null,"footway":null,"crossing":null,"lit":null,"motor_vehicle:conditional":null,"motor_vehicle":null,"horse":null,"operator":null,"emergency":null,"bus":null,"psv":null,"oneway:bicycle":null,"sidewalk":null,"foot":null,"bicycle":null,"cycleway:right":null,"access":"destination","maxspeed":null,"destination:street":null,"surface":null,"oneway":null,"name":null,"lanes":null,"alt_name":null,"longitud_m":26.88191240132652,"vertex_pos":0,"vertex_index":0,"vertex_part":0,"vertex_part_index":0,"distance":0.0,"angle":270.23477839579925,"id_nodo":33},"geometry":{"type":"Point","coordinates":[1060714.616961226798594,864954.000071904156357]}},
{"type":"Feature","properties":{"fid":34,"full_id":"w631064858","osm_id":"631064858","osm_type":"way","highway":"footway","ford":null,"width":null,"covered":null,"tunnel":null,"layer":null,"bridge":null,"disused:highway":null,"service":null,"noname":null,"motorroad":null,"smoothness":null,"motorcycle":null,"busway:right":null,"tactile_paving":null,"turn:lanes":null,"cycleway":null,"footway":null,"crossing":null,"lit":null,"motor_vehicle:conditional":null,"motor_vehicle":null,"horse":null,"operator":null,"emergency":null,"bus":null,"psv":null,"oneway:bicycle":null,"sidewalk":"both","foot":"yes","bicycle":"no","cycleway:right":null,"access":null,"maxspeed":null,"destination:street":null,"surface":null,"oneway":null,"name":null,"lanes":null,"alt_name":null,"longitud_m":43.266739548840391,"vertex_pos":0,"vertex_index":0,"vertex_part":0,"vertex_part_index":0,"distance":0.0,"angle":308.16923437708402,"id_nodo":34},"geometry":{"type":"Point","coordinates":[1060588.567233399255201,864952.497453811112791]}},
{"type":"Feature","properties":{"fid":35,"full_id":"w631064856","osm_id":"631064856","osm_type":"way","highway":"service","ford":null,"width":null,"covered":null,"tunnel":null,"layer":null,"bridge":null,"disused:highway":null,"service":null,"noname":null,"motorroad":null,"smoothness":null,"motorcycle":null,"busway:right":null,"tactile_paving":null,"turn:lanes":null,"cycleway":null,"footway":null,"crossing":null,"lit":null,"motor_vehicle:conditional":null,"motor_vehicle":null,"horse":null,"operator":null,"emergency":null,"bus":null,"psv":null,"oneway:bicycle":null,"sidewalk":null,"foot":null,"bicycle":null,"cycleway:right":null,"access":"destination","maxspeed":null,"destination:street":null,"surface":null,"oneway":null,"name":null,"lanes":null,"alt_name":null,"longitud_m":26.910429814509804,"vertex_pos":-1,"vertex_index":1,"vertex_part":0,"vertex_part_index":1,"distance":26.91466436811071,"angle":116.18879653536366,"id_nodo":35},"geometry":{"type":"Point","coordinates":[1060691.541919519659132,864836.779916752013378]}},
{"type":"Feature","properties":{"fid":36,"full_id":"w600477933","osm_id":"600477933","osm_type":"way","highway":"footway","ford":null,"width":null,"covered":null,"tunnel":null,"layer":null,"bridge":null,"disused:highway":null,"service":null,"noname":null,"motorroad":null,"smoothness":null,"motorcycle":null,"busway:right":null,"tactile_paving":null,"turn:lanes":null,"cycleway":null,"footway":null,"crossing":null,"lit":null,"motor_vehicle:conditional":null,"motor_vehicle":null,"horse":null,"operator":null,"emergency":null,"bus":null,"psv":null,"oneway:bicycle":null,"sidewalk":null,"foot":null,"bicycle":"yes","cycleway:right":null,"access":null,"maxspeed":null,"destination:street":null,"surface":null,"oneway":null,"name":null,"lanes":null,"alt_name":null,"longitud_m":93.258778087083428,"vertex_pos":0,"vertex_index":0,"vertex_part":0,"vertex_part_index":0,"distance":0.0,"angle":270.10964810607874,"id_nodo":36},"geometry":{"type":"Point","coordinates":[1060188.874051210936159,864692.061261982424185]}},
{"type":"Feature","properties":{"fid":37,"full_id":"w600477934","osm_id":"600477934","osm_type":"way","highway":"footway","ford":null,"width":null,"covered":null,"tunnel":null,"layer":null,"bridge":null,"disused:highway":null,"service":null,"noname":null,"motorroad":null,"smoothness":null,"motorcycle":null,"busway:right":null,"tactile_paving":null,"turn:lanes":null,"cycleway":null,"footway":null,"crossing":null,"lit":null,"motor_vehicle:conditional":null,"motor_vehicle":null,"horse":null,"operator":null,"emergency":null,"bus":null,"psv":null,"oneway:bicycle":null,"sidewalk":null,"foot":null,"bicycle":"yes","cycleway:right":null,"access":null,"maxspeed":null,"destination:street":null,"surface":null,"oneway":null,"name":null,"lanes":null,"alt_name":null,"longitud_m":88.283209639767634,"vertex_pos":-1,"vertex_index":1,"vertex_part":0,"vertex_part_index":1,"distance":88.297051452730287,"angle":90.481784559043916,"id_nodo":37},"geometry":{"type":"Point","coordinates":[1060183.705306147690862,864661.581161961541511]}},
{"type":"Feature","properties":{"fid":38,"full_id":"w600477939","osm_id":"600477939","osm_type":"way","highway":"footway","ford":null,"width":null,"covered":null,"tunnel":null,"layer":null,"bridge":null,"disused:highway":null,"service":null,"noname":null,"motorroad":null,"smoothness":null,"motorcycle":null,"busway:right":null,"tactile_paving":null,"turn:lanes":null,"cycleway":null,"footway":null,"crossing":null,"lit":null,"motor_vehicle:conditional":null,"motor_vehicle":null,"horse":null,"operator":null,"emergency":null,"bus":null,"psv":null,"oneway:bicycle":null,"sidewalk":null,"foot":null,"bicycle":"yes","cycleway:right":null,"access":null,"maxspeed":null,"destination:street":null,"surface":null,"oneway":null,"name":null,"lanes":null,"alt_name":null,"longitud_m":95.303589455929796,"vertex_pos":0,"vertex_index":0,"vertex_part":0,"vertex_part_index":0,"distance":0.0,"angle":270.09400692777734,"id_nodo":38},"geometry":{"type":"Point","coordinates":[1060214.280152077553794,864580.259630351793021]}},
{"type":"Feature","properties":{"fid":39,"full_id":"w600004568","osm_id":"600004568","osm_type":"way","highway":"footway","ford":null,"width":null,"covered":null,"tunnel":null,"layer":null,"bridge":null,"disused:highway":null,"service":null,"noname":null,"motorroad":null,"smoothness":null,"motorcycle":null,"busway:right":null,"tactile_paving":null,"turn:lanes":null,"cycleway":null,"footway":null,"crossing":null,"lit":null,"motor_vehicle:conditional":null,"motor_vehicle":null,"horse":null,"operator":null,"emergency":null,"bus":null,"psv":null,"oneway:bicycle":null,"sidewalk":null,"foot":null,"bicycle":"yes","cycleway:right":null,"access":null,"maxspeed":null,"destination:street":null,"surface":null,"oneway":null,"name":null,"lanes":null,"alt_name":null,"longitud_m":61.520251615793775,"vertex_pos":-1,"vertex_index":1,"vertex_part":0,"vertex_part_index":1,"distance":61.529919677979244,"angle":289.1392711085881,"id_nodo":39},"geometry":{"type":"Point","coordinates":[1060271.864712054375559,864584.328653586562723]}},
{"type":"Feature","properties":{"fid":40,"full_id":"w600477931","osm_id":"600477931","osm_type":"way","highway":"path","ford":null,"width":null,"covered":null,"tunnel":null,"layer":null,"bridge":null,"disused:highway":null,"service":null,"noname":null,"motorroad":null,"smoothness":null,"motorcycle":null,"busway:right":null,"tactile_paving":null,"turn:lanes":null,"cycleway":null,"footway":null,"crossing":null,"lit":null,"motor_vehicle:conditional":null,"motor_vehicle":null,"horse":null,"operator":null,"emergency":null,"bus":null,"psv":null,"oneway:bicycle":null,"sidewalk":null,"foot":null,"bicycle":"yes","cycleway:right":null,"access":null,"maxspeed":null,"destination:street":null,"surface":null,"oneway":null,"name":null,"lanes":null,"alt_name":null,"longitud_m":160.23227806249298,"vertex_pos":0,"vertex_index":0,"vertex_part":0,"vertex_part_index":0,"distance":0.0,"angle":318.34567981258493,"id_nodo":40},"geometry":{"type":"Point","coordinates":[1060167.692384402034804,864857.557058150297962]}},
{"type":"Feature","properties":{"fid":41,"full_id":"w600004564","osm_id":"600004564","osm_type":"way","highway":"service","ford":null,"width":null,"covered":null,"tunnel":null,"layer":null,"bridge":null,"disused:highway":null,"service":null,"noname":null,"motorroad":null,"smoothness":null,"motorcycle":null,"busway:right":null,"tactile_paving":null,"turn:lanes":null,"cycleway":null,"footway":null,"crossing":null,"lit":null,"motor_vehicle:conditional":null,"motor_vehicle":null,"horse":null,"operator":null,"emergency":null,"bus":null,"psv":null,"oneway:bicycle":null,"sidewalk":null,"foot":null,"bicycle":null,"cycleway:right":null,"access":"destination","maxspeed":null,"destination:street":null,"surface":null,"oneway":null,"name":null,"lanes":null,"alt_name":null,"longitud_m":61.769947303967562,"vertex_pos":0,"vertex_index":0,"vertex_part":0,"vertex_part_index":0,"distance":0.0,"angle":352.79741520558804,"id_nodo":41},"geometry":{"type":"Point","coordinates":[1060149.487278452375904,864887.53985983133316]}},
{"type":"Feature","properties":{"fid":42,"full_id":"w600004553","osm_id":"600004553","osm_type":"way","highway":"footway","ford":null,"width":null,"covered":null,"tunnel":null,"layer":null,"bridge":null,"disused:highway":null,"service":null,"noname":null,"motorroad":null,"smoothness":null,"motorcycle":null,"busway:right":null,"tactile_paving":null,"turn:lanes":null,"cycleway":null,"footway":null,"crossing":null,"lit":null,"motor_vehicle:conditional":null,"motor_vehicle":null,"horse":null,"operator":null,"emergency":null,"bus":null,"psv":null,"oneway:bicycle":null,"sidewalk":null,"foot":null,"bicycle":"yes","cycleway:right":null,"access":null,"maxspeed":null,"destination:street":null,"surface":null,"oneway":null,"name":null,"lanes":null,"alt_name":null,"longitud_m":61.207929105626718,"vertex_pos":-1,"vertex_index":1,"vertex_part":0,"vertex_part_index":1,"distance":61.21767966557524,"angle":359.43911794217422,"id_nodo":42},"geometry":{"type":"Point","coordinates":[1060271.265447151381522,864645.543400055146776]}},
{"type":"Feature","properties":{"fid":43,"full_id":"w600004558","osm_id":"600004558","osm_type":"way","highway":"path","ford":null,"width":null,"covered":null,"tunnel":null,"layer":null,"bridge":null,"disused:highway":null,"service":null,"noname":null,"motorroad":null,"smoothness":null,"motorcycle":null,"busway:right":null,"tactile_paving":null,"turn:lanes":null,"cycleway":null,"footway":null,"crossing":null,"lit":null,"motor_vehicle:conditional":null,"motor_vehicle":null,"horse":null,"operator":null,"emergency":null,"bus":null,"psv":null,"oneway:bicycle":null,"sidewalk":null,"foot":null,"bicycle":"yes","cycleway:right":null,"access":null,"maxspeed":null,"destination:street":null,"surface":null,"oneway":null,"name":null,"lanes":null,"alt_name":null,"longitud_m":93.672069664218398,"vertex_pos":0,"vertex_index":0,"vertex_part":0,"vertex_part_index":0,"distance":0.0,"angle":278.22679008618832,"id_nodo":43},"geometry":{"type":"Point","coordinates":[1060318.889142252737656,864499.301943873520941]}},
{"type":"Feature","properties":{"fid":44,"full_id":"w600004544","osm_id":"600004544","osm_type":"way","highway":"path","ford":null,"width":null,"covered":null,"tunnel":null,"layer":null,"bridge":null,"disused:highway":null,"service":null,"noname":null,"motorroad":null,"smoothness":null,"motorcycle":null,"busway:right":null,"tactile_paving":null,"turn:lanes":null,"cycleway":null,"footway":null,"crossing":null,"lit":null,"motor_vehicle:conditional":null,"motor_vehicle":null,"horse":null,"operator":null,"emergency":null,"bus":null,"psv":null,"oneway:bicycle":null,"sidewalk":null,"foot":null,"bicycle":null,"cycleway:right":null,"access":null,"maxspeed":null,"destination:street":null,"surface":null,"oneway":null,"name":null,"lanes":null,"alt_name":null,"longitud_m":5.5627556909394986,"vertex_pos":-1,"vertex_index":1,"vertex_part":0,"vertex_part_index":1,"distance":5.5636278324031361,"angle":263.15097215944081,"id_nodo":44},"geometry":{"type":"Point","coordinates":[1060136.217528458219022,864948.168659581220709]}},
{"type":"Feature","properties":{"fid":45,"full_id":"w600004564","osm_id":"600004564","osm_type":"way","highway":"service","ford":null,"width":null,"covered":null,"tunnel":null,"layer":null,"bridge":null,"disused:highway":null,"service":null,"noname":null,"motorroad":null,"smoothness":null,"motorcycle":null,"busway:right":null,"tactile_paving":null,"turn:lanes":null,"cycleway":null,"footway":null,"crossing":null,"lit":null,"motor_vehicle:conditional":null,"motor_vehicle":null,"horse":null,"operator":null,"emergency":null,"bus":null,"psv":null,"oneway:bicycle":null,"sidewalk":null,"foot":null,"bicycle":null,"cycleway:right":null,"access":"destination","maxspeed":null,"destination:street":null,"surface":null,"oneway":null,"name":null,"lanes":null,"alt_name":null,"longitud_m":14.175943287144932,"vertex_pos":-1,"vertex_index":1,"vertex_part":0,"vertex_part_index":1,"distance":14.178165951352186,"angle":81.613401935623301,"id_nodo":45},"geometry":{"type":"Point","coordinates":[1060155.768004669575021,864950.900050801341422]}},
{"type":"Feature","properties":{"fid":46,"full_id":"w600004568","osm_id":"600004568","osm_type":"way","highway":"footway","ford":null,"width":null,"covered":null,"tunnel":null,"layer":null,"bridge":null,"disused:highway":null,"service":null,"noname":null,"motorroad":null,"smoothness":null,"motorcycle":null,"busway:right":null,"tactile_paving":null,"turn:lanes":null,"cycleway":null,"footway":null,"crossing":null,"lit":null,"motor_vehicle:conditional":null,"motor_vehicle":null,"horse":null,"operator":null,"emergency":null,"bus":null,"psv":null,"oneway:bicycle":null,"sidewalk":null,"foot":null,"bicycle":"yes","cycleway:right":null,"access":null,"maxspeed":null,"destination:street":null,"surface":null,"oneway":null,"name":null,"lanes":null,"alt_name":null,"longitud_m":23.590722546183798,"vertex_pos":0,"vertex_index":0,"vertex_part":0,"vertex_part_index":0,"distance":0.0,"angle":265.73650351191105,"id_nodo":46},"geometry":{"type":"Point","coordinates":[1060326.8136165314354,864484.99073839711491]}},
{"type":"Feature","properties":{"fid":47,"full_id":"w631076395","osm_id":"631076395","osm_type":"way","highway":"service","ford":null,"width":null,"covered":null,"tunnel":null,"layer":null,"bridge":null,"disused:highway":null,"service":null,"noname":null,"motorroad":null,"smoothness":null,"motorcycle":null,"busway:right":null,"tactile_paving":null,"turn:lanes":null,"cycleway":null,"footway":null,"crossing":null,"lit":null,"motor_vehicle:conditional":null,"motor_vehicle":null,"horse":null,"operator":null,"emergency":null,"bus":null,"psv":null,"oneway:bicycle":null,"sidewalk":null,"foot":null,"bicycle":null,"cycleway:right":null,"access":"destination","maxspeed":null,"destination:street":null,"surface":null,"oneway":null,"name":null,"lanes":null,"alt_name":null,"longitud_m":27.250146805164317,"vertex_pos":0,"vertex_index":0,"vertex_part":0,"vertex_part_index":0,"distance":0.0,"angle":90.628411855803762,"id_nodo":47},"geometry":{"type":"Point","coordinates":[1060687.553401450160891,864979.260442892089486]}},
{"type":"Feature","properties":{"fid":48,"full_id":"w631076390","osm_id":"631076390","osm_type":"way","highway":"service","ford":null,"width":null,"covered":null,"tunnel":null,"layer":null,"bridge":null,"disused:highway":null,"service":null,"noname":null,"motorroad":null,"smoothness":null,"motorcycle":null,"busway:right":null,"tactile_paving":null,"turn:lanes":null,"cycleway":null,"footway":null,"crossing":null,"lit":null,"motor_vehicle:conditional":null,"motor_vehicle":null,"horse":null,"operator":null,"emergency":null,"bus":null,"psv":null,"oneway:bicycle":null,"sidewalk":null,"foot":null,"bicycle":null,"cycleway:right":null,"access":"destination","maxspeed":null,"destination:street":null,"surface":null,"oneway":null,"name":null,"lanes":null,"alt_name":null,"longitud_m":10.257129023666618,"vertex_pos":-1,"vertex_index":1,"vertex_part":0,"vertex_part_index":1,"distance":10.258737188431445,"angle":269.8153473171148,"id_nodo":48},"geometry":{"type":"Point","coordinates":[1060685.943098743213341,865095.186906847404316]}},
{"type":"Feature","properties":{"fid":49,"full_id":"w631070694","osm_id":"631070694","osm_type":"way","highway":"service","ford":null,"width":null,"covered":null,"tunnel":null,"layer":null,"bridge":null,"disused:highway":null,"service":null,"noname":null,"motorroad":null,"smoothness":null,"motorcycle":null,"busway:right":null,"tactile_paving":null,"turn:lanes":null,"cycleway":null,"footway":null,"crossing":null,"lit":null,"motor_vehicle:conditional":null,"motor_vehicle":null,"horse":null,"operator":null,"emergency":null,"bus":null,"psv":null,"oneway:bicycle":null,"sidewalk":null,"foot":null,"bicycle":null,"cycleway:right":"lane","access":"destination","maxspeed":null,"destination:street":null,"surface":null,"oneway":null,"name":"Vía Circunvalar Universitaria","lanes":null,"alt_name":null,"longitud_m":62.30752524171384,"vertex_pos":-1,"vertex_index":1,"vertex_part":0,"vertex_part_index":1,"distance":62.317447387312818,"angle":172.94226657952274,"id_nodo":49},"geometry":{"type":"Point","coordinates":[1060163.424912591697648,864889.054792212322354]}},
{"type":"Feature","properties":{"fid":50,"full_id":"w631068787","osm_id":"631068787","osm_type":"way","highway":"secondary","ford":null,"width":null,"covered":null,"tunnel":null,"layer":null,"bridge":null,"disused:highway":null,"service":null,"noname":null,"motorroad":null,"smoothness":null,"motorcycle":null,"busway:right":null,"tactile_paving":null,"turn:lanes":"through|through|through","cycleway":null,"footway":null,"crossing":null,"lit":null,"motor_vehicle:conditional":null,"motor_vehicle":null,"horse":null,"operator":null,"emergency":null,"bus":null,"psv":null,"oneway:bicycle":null,"sidewalk":null,"foot":null,"bicycle":null,"cycleway:right":null,"access":null,"maxspeed":"50","destination:street":null,"surface":"asphalt","oneway":"yes","name":"Calle 13","lanes":"3","alt_name":"Avenida Pasoancho","longitud_m":82.759541190006047,"vertex_pos":-1,"vertex_index":1,"vertex_part":0,"vertex_part_index":1,"distance":82.772720602326416,"angle":358.59292088245985,"id_nodo":50},"geometry":{"type":"Point","coordinates":[1060049.013271159259602,864961.530110065476038]}},
{"type":"Feature","properties":{"fid":51,"full_id":"w631068787","osm_id":"631068787","osm_type":"way","highway":"secondary","ford":null,"width":null,"covered":null,"tunnel":null,"layer":null,"bridge":null,"disused:highway":null,"service":null,"noname":null,"motorroad":null,"smoothness":null,"motorcycle":null,"busway:right":null,"tactile_paving":null,"turn:lanes":"through|through|through","cycleway":null,"footway":null,"crossing":null,"lit":null,"motor_vehicle:conditional":null,"motor_vehicle":null,"horse":null,"operator":null,"emergency":null,"bus":null,"psv":null,"oneway:bicycle":null,"sidewalk":null,"foot":null,"bicycle":null,"cycleway:right":null,"access":null,"maxspeed":"50","destination:street":null,"surface":"asphalt","oneway":"yes","name":"Calle 13","lanes":"3","alt_name":"Avenida Pasoancho","longitud_m":76.240215373751681,"vertex_pos":-1,"vertex_index":1,"vertex_part":0,"vertex_part_index":1,"distance":76.252355198420986,"angle":358.73146349004497,"id_nodo":51},"geometry":{"type":"Point","coordinates":[1060047.180937635945156,865052.661024639965035]}},
{"type":"Feature","properties":{"fid":52,"full_id":"w631902492","osm_id":"631902492","osm_type":"way","highway":"footway","ford":null,"width":null,"covered":null,"tunnel":null,"layer":null,"bridge":null,"disused:highway":null,"service":null,"noname":null,"motorroad":null,"smoothness":null,"motorcycle":null,"busway:right":null,"tactile_paving":null,"turn:lanes":null,"cycleway":null,"footway":null,"crossing":null,"lit":null,"motor_vehicle:conditional":null,"motor_vehicle":null,"horse":null,"operator":null,"emergency":null,"bus":null,"psv":null,"oneway:bicycle":null,"sidewalk":null,"foot":null,"bicycle":null,"cycleway:right":null,"access":null,"maxspeed":null,"destination:street":null,"surface":null,"oneway":null,"name":null,"lanes":null,"alt_name":null,"longitud_m":24.304498675809722,"vertex_pos":-1,"vertex_index":1,"vertex_part":0,"vertex_part_index":1,"distance":24.308310312723258,"angle":78.878230530916227,"id_nodo":52},"geometry":{"type":"Point","coordinates":[1060522.459405223140493,865054.976296522188932]}},
{"type":"Feature","properties":{"fid":53,"full_id":"w631145738","osm_id":"631145738","osm_type":"way","highway":"service","ford":null,"width":null,"covered":null,"tunnel":null,"layer":null,"bridge":null,"disused:highway":null,"service":null,"noname":null,"motorroad":null,"smoothness":null,"motorcycle":null,"busway:right":null,"tactile_paving":null,"turn:lanes":null,"cycleway":null,"footway":null,"crossing":null,"lit":null,"motor_vehicle:conditional":null,"motor_vehicle":null,"horse":null,"operator":null,"emergency":null,"bus":null,"psv":null,"oneway:bicycle":null,"sidewalk":null,"foot":null,"bicycle":null,"cycleway:right":null,"access":null,"maxspeed":null,"destination:street":null,"surface":null,"oneway":null,"name":null,"lanes":null,"alt_name":null,"longitud_m":24.601762370235551,"vertex_pos":-1,"vertex_index":2,"vertex_part":0,"vertex_part_index":2,"distance":24.60567850514056,"angle":166.63251338270521,"id_nodo":53},"geometry":{"type":"Point","coordinates":[1060684.004537248052657,864682.532136486493982]}},
{"type":"Feature","properties":{"fid":54,"full_id":"w631902492","osm_id":"631902492","osm_type":"way","highway":"footway","ford":null,"width":null,"covered":null,"tunnel":null,"layer":null,"bridge":null,"disused:highway":null,"service":null,"noname":null,"motorroad":null,"smoothness":null,"motorcycle":null,"busway:right":null,"tactile_paving":null,"turn:lanes":null,"cycleway":null,"footway":null,"crossing":null,"lit":null,"motor_vehicle:conditional":null,"motor_vehicle":null,"horse":null,"operator":null,"emergency":null,"bus":null,"psv":null,"oneway:bicycle":null,"sidewalk":null,"foot":null,"bicycle":null,"cycleway:right":null,"access":null,"maxspeed":null,"destination:street":null,"surface":null,"oneway":null,"name":null,"lanes":null,"alt_name":null,"longitud_m":47.241001865406631,"vertex_pos":0,"vertex_index":0,"vertex_part":0,"vertex_part_index":0,"distance":0.0,"angle":86.941528033787804,"id_nodo":54},"geometry":{"type":"Point","coordinates":[1060435.4104681215249,865044.614642939995974]}},
{"type":"Feature","properties":{"fid":55,"full_id":"w631902495","osm_id":"631902495","osm_type":"way","highway":"footway","ford":null,"width":null,"covered":null,"tunnel":null,"layer":null,"bridge":null,"disused:highway":null,"service":null,"noname":null,"motorroad":null,"smoothness":null,"motorcycle":null,"busway:right":null,"tactile_paving":null,"turn:lanes":null,"cycleway":null,"footway":null,"crossing":null,"lit":null,"motor_vehicle:conditional":null,"motor_vehicle":null,"horse":null,"operator":null,"emergency":null,"bus":null,"psv":null,"oneway:bicycle":null,"sidewalk":null,"foot":null,"bicycle":null,"cycleway:right":null,"access":null,"maxspeed":null,"destination:street":null,"surface":null,"oneway":null,"name":null,"lanes":null,"alt_name":null,"longitud_m":69.675337810487832,"vertex_pos":-1,"vertex_index":1,"vertex_part":0,"vertex_part_index":1,"distance":69.686430151568359,"angle":358.9771563575556,"id_nodo":55},"geometry":{"type":"Point","coordinates":[1060583.92437905468978,865200.021817515138537]}},
{"type":"Feature","properties":{"fid":56,"full_id":"w631902496","osm_id":"631902496","osm_type":"way","highway":"footway","ford":null,"width":null,"covered":null,"tunnel":null,"layer":null,"bridge":null,"disused:highway":null,"service":null,"noname":null,"motorroad":null,"smoothness":null,"motorcycle":null,"busway:right":null,"tactile_paving":null,"turn:lanes":null,"cycleway":null,"footway":null,"crossing":null,"lit":null,"motor_vehicle:conditional":null,"motor_vehicle":null,"horse":null,"operator":null,"emergency":null,"bus":null,"psv":null,"oneway:bicycle":null,"sidewalk":null,"foot":null,"bicycle":null,"cycleway:right":null,"access":null,"maxspeed":null,"destination:street":null,"surface":null,"oneway":null,"name":null,"lanes":null,"alt_name":null,"longitud_m":95.627322420046141,"vertex_pos":0,"vertex_index":0,"vertex_part":0,"vertex_part_index":0,"distance":0.0,"angle":0.84641950833201063,"id_nodo":56},"geometry":{"type":"Point","coordinates":[1060410.415288778487593,865142.09406862698961]}},
{"type":"Feature","properties":{"fid":57,"full_id":"w631902495","osm_id":"631902495","osm_type":"way","highway":"footway","ford":null,"width":null,"covered":null,"tunnel":null,"layer":null,"bridge":null,"disused:highway":null,"service":null,"noname":null,"motorroad":null,"smoothness":null,"motorcycle":null,"busway:right":null,"tactile_paving":null,"turn:lanes":null,"cycleway":null,"footway":null,"crossing":null,"lit":null,"motor_vehicle:conditional":null,"motor_vehicle":null,"horse":null,"operator":null,"emergency":null,"bus":null,"psv":null,"oneway:bicycle":null,"sidewalk":null,"foot":null,"bicycle":null,"cycleway:right":null,"access":null,"maxspeed":null,"destination:street":null,"surface":null,"oneway":null,"name":null,"lanes":null,"alt_name":null,"longitud_m":9.8299025561986415,"vertex_pos":-1,"vertex_index":1,"vertex_part":0,"vertex_part_index":1,"distance":9.8314675760784898,"angle":357.34405138780028,"id_nodo":57},"geometry":{"type":"Point","coordinates":[1060585.168354382738471,865130.346491375588812]}},
{"type":"Feature","properties":{"fid":58,"full_id":"w631902493","osm_id":"631902493","osm_type":"way","highway":"footway","ford":null,"width":null,"covered":null,"tunnel":null,"layer":null,"bridge":null,"disused:highway":null,"service":null,"noname":null,"motorroad":null,"smoothness":null,"motorcycle":null,"busway:right":null,"tactile_paving":null,"turn:lanes":null,"cycleway":null,"footway":null,"crossing":null,"lit":null,"motor_vehicle:conditional":null,"motor_vehicle":null,"horse":null,"operator":null,"emergency":null,"bus":null,"psv":null,"oneway:bicycle":null,"sidewalk":null,"foot":null,"bicycle":null,"cycleway:right":null,"access":null,"maxspeed":null,"destination:street":null,"surface":null,"oneway":null,"name":null,"lanes":null,"alt_name":null,"longitud_m":61.140691776661967,"vertex_pos":-1,"vertex_index":1,"vertex_part":0,"vertex_part_index":1,"distance":61.15042511332733,"angle":0.46938086023515946,"id_nodo":58},"geometry":{"type":"Point","coordinates":[1060483.760474948445335,865190.345981352147646]}},
{"type":"Feature","properties":{"fid":59,"full_id":"w631144895","osm_id":"631144895","osm_type":"way","highway":"footway","ford":null,"width":null,"covered":null,"tunnel":null,"layer":null,"bridge":null,"disused:highway":null,"service":null,"noname":null,"motorroad":null,"smoothness":null,"motorcycle":null,"busway:right":null,"tactile_paving":null,"turn:lanes":null,"cycleway":null,"footway":null,"crossing":null,"lit":null,"motor_vehicle:conditional":null,"motor_vehicle":null,"horse":null,"operator":null,"emergency":null,"bus":null,"psv":null,"oneway:bicycle":null,"sidewalk":"both","foot":"yes","bicycle":"dismount","cycleway:right":null,"access":null,"maxspeed":null,"destination:street":null,"surface":null,"oneway":null,"name":null,"lanes":null,"alt_name":null,"longitud_m":87.346230170224189,"vertex_pos":0,"vertex_index":0,"vertex_part":0,"vertex_part_index":0,"distance":0.0,"angle":359.29504932818901,"id_nodo":59},"geometry":{"type":"Point","coordinates":[1060534.067200468620285,864511.387067536823452]}},
{"type":"Feature","properties":{"fid":60,"full_id":"w631126130","osm_id":"631126130","osm_type":"way","highway":"service","ford":null,"width":null,"covered":null,"tunnel":null,"layer":null,"bridge":null,"disused:highway":null,"service":"parking_aisle","noname":null,"motorroad":null,"smoothness":null,"motorcycle":null,"busway:right":null,"tactile_paving":null,"turn:lanes":null,"cycleway":null,"footway":null,"crossing":null,"lit":null,"motor_vehicle:conditional":null,"motor_vehicle":null,"horse":null,"operator":null,"emergency":null,"bus":null,"psv":null,"oneway:bicycle":null,"sidewalk":null,"foot":null,"bicycle":null,"cycleway:right":null,"access":"destination","maxspeed":null,"destination:street":null,"surface":null,"oneway":null,"name":null,"lanes":null,"alt_name":null,"longitud_m":45.684365131361538,"vertex_pos":-1,"vertex_index":2,"vertex_part":0,"vertex_part_index":2,"distance":45.691603205216026,"angle":179.85870525152754,"id_nodo":60},"geometry":{"type":"Point","coordinates":[1060431.844689263496548,865190.225032053072937]}},
{"type":"Feature","properties":{"fid":61,"full_id":"w631131750","osm_id":"631131750","osm_type":"way","highway":"service","ford":null,"width":null,"covered":null,"tunnel":null,"layer":null,"bridge":null,"disused:highway":null,"service":null,"noname":null,"motorroad":null,"smoothness":null,"motorcycle":null,"busway:right":null,"tactile_paving":null,"turn:lanes":null,"cycleway":null,"footway":null,"crossing":null,"lit":null,"motor_vehicle:conditional":null,"motor_vehicle":null,"horse":null,"operator":null,"emergency":null,"bus":null,"psv":null,"oneway:bicycle":null,"sidewalk":null,"foot":null,"bicycle":null,"cycleway:right":null,"access":"destination","maxspeed":null,"destination:street":null,"surface":null,"oneway":null,"name":"Vía Circunvalar Universitaria","lanes":null,"alt_name":null,"longitud_m":12.509711722810975,"vertex_pos":-1,"vertex_index":1,"vertex_part":0,"vertex_part_index":1,"distance":12.511696534737101,"angle":27.111554493216495,"id_nodo":61},"geometry":{"type":"Point","coordinates":[1060650.839562365785241,864753.557100585196167]}},
{"type":"Feature","properties":{"fid":62,"full_id":"w631131750","osm_id":"631131750","osm_type":"way","highway":"service","ford":null,"width":null,"covered":null,"tunnel":null,"layer":null,"bridge":null,"disused:highway":null,"service":null,"noname":null,"motorroad":null,"smoothness":null,"motorcycle":null,"busway:right":null,"tactile_paving":null,"turn:lanes":null,"cycleway":null,"footway":null,"crossing":null,"lit":null,"motor_vehicle:conditional":null,"motor_vehicle":null,"horse":null,"operator":null,"emergency":null,"bus":null,"psv":null,"oneway:bicycle":null,"sidewalk":null,"foot":null,"bicycle":null,"cycleway:right":null,"access":"destination","maxspeed":null,"destination:street":null,"surface":null,"oneway":null,"name":"Vía Circunvalar Universitaria","lanes":null,"alt_name":null,"longitud_m":6.5232343955974246,"vertex_pos":-1,"vertex_index":1,"vertex_part":0,"vertex_part_index":1,"distance":6.5242700232276745,"angle":24.454944514402357,"id_nodo":62},"geometry":{"type":"Point","coordinates":[1060645.137676696758717,864742.420177760883234]}},
{"type":"Feature","properties":{"fid":63,"full_id":"w631131749","osm_id":"631131749","osm_type":"way","highway":"service","ford":null,"width":null,"covered":null,"tunnel":null,"layer":"1","bridge":"yes","disused:highway":null,"service":null,"noname":null,"motorroad":null,"smoothness":null,"motorcycle":null,"busway:right":null,"tactile_paving":null,"turn:lanes":null,"cycleway":null,"footway":null,"crossing":null,"lit":null,"motor_vehicle:conditional":null,"motor_vehicle":null,"horse":null,"operator":null,"emergency":null,"bus":null,"psv":null,"oneway:bicycle":null,"sidewalk":null,"foot":null,"bicycle":null,"cycleway:right":null,"access":"destination","maxspeed":null,"destination:street":null,"surface":null,"oneway":null,"name":"Vía Circunvalar Universitaria","lanes":null,"alt_name":null,"longitud_m":12.075995617299023,"vertex_pos":-1,"vertex_index":1,"vertex_part":0,"vertex_part_index":1,"distance":12.077918176817738,"angle":359.31518137715977,"id_nodo":63},"geometry":{"type":"Point","coordinates":[1060713.818753027357161,865139.679254083312117]}},
{"type":"Feature","properties":{"fid":64,"full_id":"w631131750","osm_id":"631131750","osm_type":"way","highway":"service","ford":null,"width":null,"covered":null,"tunnel":null,"layer":null,"bridge":null,"disused:highway":null,"service":null,"noname":null,"motorroad":null,"smoothness":null,"motorcycle":null,"busway:right":null,"tactile_paving":null,"turn:lanes":null,"cycleway":null,"footway":null,"crossing":null,"lit":null,"motor_vehicle:conditional":null,"motor_vehicle":null,"horse":null,"operator":null,"emergency":null,"bus":null,"psv":null,"oneway:bicycle":null,"sidewalk":null,"foot":null,"bicycle":null,"cycleway:right":null,"access":"destination","maxspeed":null,"destination:street":null,"surface":null,"oneway":null,"name":"Vía Circunvalar Universitaria","lanes":null,"alt_name":null,"longitud_m":6.5232343955974246,"vertex_pos":0,"vertex_index":0,"vertex_part":0,"vertex_part_index":0,"distance":0.0,"angle":24.454944514402357,"id_nodo":64},"geometry":{"type":"Point","coordinates":[1060642.436775367939845,864736.481218984466977]}},
{"type":"Feature","properties":{"fid":65,"full_id":"w631126132","osm_id":"631126132","osm_type":"way","highway":"service","ford":null,"width":null,"covered":null,"tunnel":null,"layer":null,"bridge":null,"disused:highway":null,"service":null,"noname":null,"motorroad":null,"smoothness":null,"motorcycle":null,"busway:right":null,"tactile_paving":null,"turn:lanes":null,"cycleway":null,"footway":null,"crossing":null,"lit":null,"motor_vehicle:conditional":null,"motor_vehicle":null,"horse":null,"operator":null,"emergency":null,"bus":null,"psv":null,"oneway:bicycle":null,"sidewalk":null,"foot":null,"bicycle":null,"cycleway:right":null,"access":"destination","maxspeed":null,"destination:street":null,"surface":null,"oneway":null,"name":null,"lanes":null,"alt_name":null,"longitud_m":133.67271296364726,"vertex_pos":-1,"vertex_index":11,"vertex_part":0,"vertex_part_index":11,"distance":133.69371148047176,"angle":90.012108456583633,"id_nodo":65},"geometry":{"type":"Point","coordinates":[1060482.912158274790272,864914.46494099451229]}},
{"type":"Feature","properties":{"fid":66,"full_id":"w631131749","osm_id":"631131749","osm_type":"way","highway":"service","ford":null,"width":null,"covered":null,"tunnel":null,"layer":"1","bridge":"yes","disused:highway":null,"service":null,"noname":null,"motorroad":null,"smoothness":null,"motorcycle":null,"busway:right":null,"tactile_paving":null,"turn:lanes":null,"cycleway":null,"footway":null,"crossing":null,"lit":null,"motor_vehicle:conditional":null,"motor_vehicle":null,"horse":null,"operator":null,"emergency":null,"bus":null,"psv":null,"oneway:bicycle":null,"sidewalk":null,"foot":null,"bicycle":null,"cycleway:right":null,"access":"destination","maxspeed":null,"destination:street":null,"surface":null,"oneway":null,"name":"Vía Circunvalar Universitaria","lanes":null,"alt_name":null,"longitud_m":12.075995617299023,"vertex_pos":0,"vertex_index":0,"vertex_part":0,"vertex_part_index":0,"distance":0.0,"angle":359.31518137715977,"id_nodo":66},"geometry":{"type":"Point","coordinates":[1060713.963108971714973,865127.602198612410575]}},
{"type":"Feature","properties":{"fid":67,"full_id":"w631126127","osm_id":"631126127","osm_type":"way","highway":"service","ford":null,"width":null,"covered":null,"tunnel":null,"layer":null,"bridge":null,"disused:highway":null,"service":null,"noname":null,"motorroad":null,"smoothness":null,"motorcycle":null,"busway:right":null,"tactile_paving":null,"turn:lanes":null,"cycleway":null,"footway":null,"crossing":null,"lit":null,"motor_vehicle:conditional":null,"motor_vehicle":null,"horse":null,"operator":null,"emergency":null,"bus":null,"psv":null,"oneway:bicycle":null,"sidewalk":null,"foot":null,"bicycle":null,"cycleway:right":null,"access":"destination","maxspeed":null,"destination:street":null,"surface":null,"oneway":"yes","name":null,"lanes":null,"alt_name":null,"longitud_m":212.49276173027062,"vertex_pos":-1,"vertex_index":4,"vertex_part":0,"vertex_part_index":4,"distance":212.52612260072107,"angle":269.29909129582359,"id_nodo":67},"geometry":{"type":"Point","coordinates":[1060182.033983424073085,865100.723659236566164]}},
{"type":"Feature","properties":{"fid":68,"full_id":"w631126128","osm_id":"631126128","osm_type":"way","highway":"service","ford":null,"width":null,"covered":null,"tunnel":null,"layer":null,"bridge":null,"disused:highway":null,"service":"parking_aisle","noname":null,"motorroad":null,"smoothness":null,"motorcycle":null,"busway:right":null,"tactile_paving":null,"turn:lanes":null,"cycleway":null,"footway":null,"crossing":null,"lit":null,"motor_vehicle:conditional":null,"motor_vehicle":null,"horse":null,"operator":null,"emergency":null,"bus":null,"psv":null,"oneway:bicycle":null,"sidewalk":null,"foot":null,"bicycle":null,"cycleway:right":null,"access":"destination","maxspeed":null,"destination:street":null,"surface":null,"oneway":null,"name":null,"lanes":null,"alt_name":null,"longitud_m":31.371111476224449,"vertex_pos":0,"vertex_index":0,"vertex_part":0,"vertex_part_index":0,"distance":0.0,"angle":179.85868802694245,"id_nodo":68},"geometry":{"type":"Point","coordinates":[1060464.266075197840109,865221.678014150704257]}},
{"type":"Feature","properties":{"fid":69,"full_id":"w631126126","osm_id":"631126126","osm_type":"way","highway":"service","ford":null,"width":null,"covered":null,"tunnel":null,"layer":null,"bridge":null,"disused:highway":null,"service":null,"noname":null,"motorroad":null,"smoothness":null,"motorcycle":null,"busway:right":null,"tactile_paving":null,"turn:lanes":null,"cycleway":null,"footway":null,"crossing":null,"lit":null,"motor_vehicle:conditional":null,"motor_vehicle":null,"horse":null,"operator":null,"emergency":null,"bus":null,"psv":null,"oneway:bicycle":null,"sidewalk":null,"foot":null,"bicycle":null,"cycleway:right":null,"access":"destination","maxspeed":null,"destination:street":null,"surface":null,"oneway":"yes","name":null,"lanes":null,"alt_name":null,"longitud_m":15.489168414756108,"vertex_pos":-1,"vertex_index":1,"vertex_part":0,"vertex_part_index":1,"distance":15.491596771904504,"angle":268.03717745053478,"id_nodo":69},"geometry":{"type":"Point","coordinates":[1060134.674999299226329,865094.486837736098096]}},
{"type":"Feature","properties":{"fid":70,"full_id":"w631126127","osm_id":"631126127","osm_type":"way","highway":"service","ford":null,"width":null,"covered":null,"tunnel":null,"layer":null,"bridge":null,"disused:highway":null,"service":null,"noname":null,"motorroad":null,"smoothness":null,"motorcycle":null,"busway:right":null,"tactile_paving":null,"turn:lanes":null,"cycleway":null,"footway":null,"crossing":null,"lit":null,"motor_vehicle:conditional":null,"motor_vehicle":null,"horse":null,"operator":null,"emergency":null,"bus":null,"psv":null,"oneway:bicycle":null,"sidewalk":null,"foot":null,"bicycle":null,"cycleway:right":null,"access":"destination","maxspeed":null,"destination:street":null,"surface":null,"oneway":"yes","name":null,"lanes":null,"alt_name":null,"longitud_m":212.49276173027062,"vertex_pos":0,"vertex_index":0,"vertex_part":0,"vertex_part_index":0,"distance":0.0,"angle":89.707742333727978,"id_nodo":70},"geometry":{"type":"Point","coordinates":[1060136.386425230186433,865081.790419310797006]}},
{"type":"Feature","properties":{"fid":71,"full_id":"w631076396","osm_id":"631076396","osm_type":"way","highway":"service","ford":null,"width":null,"covered":null,"tunnel":null,"layer":null,"bridge":null,"disused:highway":null,"service":null,"noname":null,"motorroad":null,"smoothness":null,"motorcycle":null,"busway:right":null,"tactile_paving":null,"turn:lanes":null,"cycleway":null,"footway":null,"crossing":null,"lit":null,"motor_vehicle:conditional":null,"motor_vehicle":null,"horse":null,"operator":null,"emergency":null,"bus":null,"psv":null,"oneway:bicycle":null,"sidewalk":null,"foot":null,"bicycle":null,"cycleway:right":null,"access":"destination","maxspeed":null,"destination:street":null,"surface":null,"oneway":null,"name":null,"lanes":null,"alt_name":null,"longitud_m":17.969383675406341,"vertex_pos":-1,"vertex_index":1,"vertex_part":0,"vertex_part_index":1,"distance":17.972201007435022,"angle":269.85961272115946,"id_nodo":71},"geometry":{"type":"Point","coordinates":[1060696.201782655902207,865095.219968620571308]}},
{"type":"Feature","properties":{"fid":72,"full_id":"w631126126","osm_id":"631126126","osm_type":"way","highway":"service","ford":null,"width":null,"covered":null,"tunnel":null,"layer":null,"bridge":null,"disused:highway":null,"service":null,"noname":null,"motorroad":null,"smoothness":null,"motorcycle":null,"busway:right":null,"tactile_paving":null,"turn:lanes":null,"cycleway":null,"footway":null,"crossing":null,"lit":null,"motor_vehicle:conditional":null,"motor_vehicle":null,"horse":null,"operator":null,"emergency":null,"bus":null,"psv":null,"oneway:bicycle":null,"sidewalk":null,"foot":null,"bicycle":null,"cycleway:right":null,"access":"destination","maxspeed":null,"destination:street":null,"surface":null,"oneway":"yes","name":null,"lanes":null,"alt_name":null,"longitud_m":15.489168414756108,"vertex_pos":0,"vertex_index":0,"vertex_part":0,"vertex_part_index":0,"distance":0.0,"angle":268.03717745053478,"id_nodo":72},"geometry":{"type":"Point","coordinates":[1060150.157506559975445,865095.01744066120591]}},
{"type":"Feature","properties":{"fid":73,"full_id":"w631076395","osm_id":"631076395","osm_type":"way","highway":"service","ford":null,"width":null,"covered":null,"tunnel":null,"layer":null,"bridge":null,"disused:highway":null,"service":null,"noname":null,"motorroad":null,"smoothness":null,"motorcycle":null,"busway:right":null,"tactile_paving":null,"turn:lanes":null,"cycleway":null,"footway":null,"crossing":null,"lit":null,"motor_vehicle:conditional":null,"motor_vehicle":null,"horse":null,"operator":null,"emergency":null,"bus":null,"psv":null,"oneway:bicycle":null,"sidewalk":null,"foot":null,"bicycle":null,"cycleway:right":null,"access":"destination","maxspeed":null,"destination:street":null,"surface":null,"oneway":null,"name":null,"lanes":null,"alt_name":null,"longitud_m":27.250146805164317,"vertex_pos":-1,"vertex_index":1,"vertex_part":0,"vertex_part_index":1,"distance":27.254419311925922,"angle":90.628411855803762,"id_nodo":73},"geometry":{"type":"Point","coordinates":[1060714.806181508814916,864978.961526340339333]}},
{"type":"Feature","properties":{"fid":74,"full_id":"w631076396","osm_id":"631076396","osm_type":"way","highway":"service","ford":null,"width":null,"covered":null,"tunnel":null,"layer":null,"bridge":null,"disused:highway":null,"service":null,"noname":null,"motorroad":null,"smoothness":null,"motorcycle":null,"busway:right":null,"tactile_paving":null,"turn:lanes":null,"cycleway":null,"footway":null,"crossing":null,"lit":null,"motor_vehicle:conditional":null,"motor_vehicle":null,"horse":null,"operator":null,"emergency":null,"bus":null,"psv":null,"oneway:bicycle":null,"sidewalk":null,"foot":null,"bicycle":null,"cycleway:right":null,"access":"destination","maxspeed":null,"destination:street":null,"surface":null,"oneway":null,"name":null,"lanes":null,"alt_name":null,"longitud_m":17.969383675406341,"vertex_pos":0,"vertex_index":0,"vertex_part":0,"vertex_part_index":0,"distance":0.0,"angle":269.85961272115946,"id_nodo":74},"geometry":{"type":"Point","coordinates":[1060714.173929714597762,865095.264004427241161]}},
{"type":"Feature","properties":{"fid":75,"full_id":"w631126130","osm_id":"631126130","osm_type":"way","highway":"service","ford":null,"width":null,"covered":null,"tunnel":null,"layer":null,"bridge":null,"disused:highway":null,"service":"parking_aisle","noname":null,"motorroad":null,"smoothness":null,"motorcycle":null,"busway:right":null,"tactile_paving":null,"turn:lanes":null,"cycleway":null,"footway":null,"crossing":null,"lit":null,"motor_vehicle:conditional":null,"motor_vehicle":null,"horse":null,"operator":null,"emergency":null,"bus":null,"psv":null,"oneway:bicycle":null,"sidewalk":null,"foot":null,"bicycle":null,"cycleway:right":null,"access":"destination","maxspeed":null,"destination:street":null,"surface":null,"oneway":null,"name":null,"lanes":null,"alt_name":null,"longitud_m":46.509049506709161,"vertex_pos":-1,"vertex_index":2,"vertex_part":0,"vertex_part_index":2,"distance":46.516416932493705,"angle":271.00455025521882,"id_nodo":75},"geometry":{"type":"Point","coordinates":[1060483.772004453465343,865222.02059863798786]}},
{"type":"Feature","properties":{"fid":76,"full_id":"w631126129","osm_id":"631126129","osm_type":"way","highway":"service","ford":null,"width":null,"covered":null,"tunnel":null,"layer":null,"bridge":null,"disused:highway":null,"service":"parking_aisle","noname":null,"motorroad":null,"smoothness":null,"motorcycle":null,"busway:right":null,"tactile_paving":null,"turn:lanes":null,"cycleway":null,"footway":null,"crossing":null,"lit":null,"motor_vehicle:conditional":null,"motor_vehicle":null,"horse":null,"operator":null,"emergency":null,"bus":null,"psv":null,"oneway:bicycle":null,"sidewalk":null,"foot":null,"bicycle":null,"cycleway:right":null,"access":"destination","maxspeed":null,"destination:street":null,"surface":null,"oneway":null,"name":null,"lanes":null,"alt_name":null,"longitud_m":31.371111476044494,"vertex_pos":-1,"vertex_index":1,"vertex_part":0,"vertex_part_index":1,"distance":31.376105442310607,"angle":179.85869766432572,"id_nodo":76},"geometry":{"type":"Point","coordinates":[1060446.160153188044205,865190.25801355834119]}},
{"type":"Feature","properties":{"fid":77,"full_id":"w631126130","osm_id":"631126130","osm_type":"way","highway":"service","ford":null,"width":null,"covered":null,"tunnel":null,"layer":null,"bridge":null,"disused:highway":null,"service":"parking_aisle","noname":null,"motorroad":null,"smoothness":null,"motorcycle":null,"busway:right":null,"tactile_paving":null,"turn:lanes":null,"cycleway":null,"footway":null,"crossing":null,"lit":null,"motor_vehicle:conditional":null,"motor_vehicle":null,"horse":null,"operator":null,"emergency":null,"bus":null,"psv":null,"oneway:bicycle":null,"sidewalk":null,"foot":null,"bicycle":null,"cycleway:right":null,"access":"destination","maxspeed":null,"destination:street":null,"surface":null,"oneway":null,"name":null,"lanes":null,"alt_name":null,"longitud_m":46.509049506709161,"vertex_pos":0,"vertex_index":0,"vertex_part":0,"vertex_part_index":0,"distance":0.0,"angle":359.85861956373259,"id_nodo":77},"geometry":{"type":"Point","coordinates":[1060498.998441677540541,865190.390017246594653]}},
{"type":"Feature","properties":{"fid":78,"full_id":"w631126128","osm_id":"631126128","osm_type":"way","highway":"service","ford":null,"width":null,"covered":null,"tunnel":null,"layer":null,"bridge":null,"disused:highway":null,"service":"parking_aisle","noname":null,"motorroad":null,"smoothness":null,"motorcycle":null,"busway:right":null,"tactile_paving":null,"turn:lanes":null,"cycleway":null,"footway":null,"crossing":null,"lit":null,"motor_vehicle:conditional":null,"motor_vehicle":null,"horse":null,"operator":null,"emergency":null,"bus":null,"psv":null,"oneway:bicycle":null,"sidewalk":null,"foot":null,"bicycle":null,"cycleway:right":null,"access":"destination","maxspeed":null,"destination:street":null,"surface":null,"oneway":null,"name":null,"lanes":null,"alt_name":null,"longitud_m":31.371111476224449,"vertex_pos":-1,"vertex_index":1,"vertex_part":0,"vertex_part_index":1,"distance":31.376105442171642,"angle":179.85868802694245,"id_nodo":78},"geometry":{"type":"Point","coordinates":[1060464.343459865776822,865190.302004137774929]}},
{"type":"Feature","properties":{"fid":79,"full_id":"w631126129","osm_id":"631126129","osm_type":"way","highway":"service","ford":null,"width":null,"covered":null,"tunnel":null,"layer":null,"bridge":null,"disused:highway":null,"service":"parking_aisle","noname":null,"motorroad":null,"smoothness":null,"motorcycle":null,"busway:right":null,"tactile_paving":null,"turn:lanes":null,"cycleway":null,"footway":null,"crossing":null,"lit":null,"motor_vehicle:conditional":null,"motor_vehicle":null,"horse":null,"operator":null,"emergency":null,"bus":null,"psv":null,"oneway:bicycle":null,"sidewalk":null,"foot":null,"bicycle":null,"cycleway:right":null,"access":"destination","maxspeed":null,"destination:street":null,"surface":null,"oneway":null,"name":null,"lanes":null,"alt_name":null,"longitud_m":31.371111476044494,"vertex_pos":0,"vertex_index":0,"vertex_part":0,"vertex_part_index":0,"distance":0.0,"angle":179.85869766432572,"id_nodo":79},"geometry":{"type":"Point","coordinates":[1060446.082773797679693,865221.634023584425449]}},
{"type":"Feature","properties":{"fid":80,"full_id":"w50772686","osm_id":"50772686","osm_type":"way","highway":"service","ford":null,"width":null,"covered":null,"tunnel":null,"layer":null,"bridge":null,"disused:highway":null,"service":null,"noname":null,"motorroad":null,"smoothness":null,"motorcycle":null,"busway:right":null,"tactile_paving":null,"turn:lanes":null,"cycleway":null,"footway":null,"crossing":null,"lit":null,"motor_vehicle:conditional":null,"motor_vehicle":null,"horse":null,"operator":null,"emergency":null,"bus":null,"psv":null,"oneway:bicycle":null,"sidewalk":null,"foot":null,"bicycle":null,"cycleway:right":"lane","access":"destination","maxspeed":"20","destination:street":null,"surface":null,"oneway":"yes","name":"Avenida Garcés","lanes":null,"alt_name":null,"longitud_m":40.599373138505385,"vertex_pos":-1,"vertex_index":1,"vertex_part":0,"vertex_part_index":1,"distance":40.605762355210977,"angle":296.13105701225112,"id_nodo":80},"geometry":{"type":"Point","coordinates":[1060430.706394930370152,864850.452842164319009]}},
{"type":"Feature","properties":{"fid":81,"full_id":"w50772686","osm_id":"50772686","osm_type":"way","highway":"service","ford":null,"width":null,"covered":null,"tunnel":null,"layer":null,"bridge":null,"disused:highway":null,"service":null,"noname":null,"motorroad":null,"smoothness":null,"motorcycle":null,"busway:right":null,"tactile_paving":null,"turn:lanes":null,"cycleway":null,"footway":null,"crossing":null,"lit":null,"motor_vehicle:conditional":null,"motor_vehicle":null,"horse":null,"operator":null,"emergency":null,"bus":null,"psv":null,"oneway:bicycle":null,"sidewalk":null,"foot":null,"bicycle":null,"cycleway:right":"lane","access":"destination","maxspeed":"20","destination:street":null,"surface":null,"oneway":"yes","name":"Avenida Garcés","lanes":null,"alt_name":null,"longitud_m":86.910336825669717,"vertex_pos":-1,"vertex_index":2,"vertex_part":0,"vertex_part_index":2,"distance":86.924015902434391,"angle":296.48520574124933,"id_nodo":81},"geometry":{"type":"Point","coordinates":[1060467.161800738424063,864832.56901360838674]}},
{"type":"Feature","properties":{"fid":82,"full_id":"w50772686","osm_id":"50772686","osm_type":"way","highway":"service","ford":null,"width":null,"covered":null,"tunnel":null,"layer":null,"bridge":null,"disused:highway":null,"service":null,"noname":null,"motorroad":null,"smoothness":null,"motorcycle":null,"busway:right":null,"tactile_paving":null,"turn:lanes":null,"cycleway":null,"footway":null,"crossing":null,"lit":null,"motor_vehicle:conditional":null,"motor_vehicle":null,"horse":null,"operator":null,"emergency":null,"bus":null,"psv":null,"oneway:bicycle":null,"sidewalk":null,"foot":null,"bicycle":null,"cycleway:right":"lane","access":"destination","maxspeed":"20","destination:street":null,"surface":null,"oneway":"yes","name":"Avenida Garcés","lanes":null,"alt_name":null,"longitud_m":112.56412728267699,"vertex_pos":-1,"vertex_index":1,"vertex_part":0,"vertex_part_index":1,"distance":112.58184434495413,"angle":296.94112586834717,"id_nodo":82},"geometry":{"type":"Point","coordinates":[1060544.774052778957412,864793.428164098295383]}},
{"type":"Feature","properties":{"fid":83,"full_id":"w50772688","osm_id":"50772688","osm_type":"way","highway":"footway","ford":null,"width":null,"covered":null,"tunnel":null,"layer":null,"bridge":null,"disused:highway":null,"service":null,"noname":null,"motorroad":null,"smoothness":null,"motorcycle":null,"busway:right":null,"tactile_paving":null,"turn:lanes":null,"cycleway":null,"footway":null,"crossing":null,"lit":null,"motor_vehicle:conditional":null,"motor_vehicle":null,"horse":null,"operator":null,"emergency":null,"bus":null,"psv":null,"oneway:bicycle":null,"sidewalk":"both","foot":"yes","bicycle":"no","cycleway:right":null,"access":null,"maxspeed":null,"destination:street":null,"surface":null,"oneway":null,"name":null,"lanes":null,"alt_name":null,"longitud_m":53.921558576733183,"vertex_pos":-1,"vertex_index":1,"vertex_part":0,"vertex_part_index":1,"distance":53.930012553747687,"angle":89.460460475342188,"id_nodo":83},"geometry":{"type":"Point","coordinates":[1060151.322627131594345,864977.398861222201958]}},
{"type":"Feature","properties":{"fid":84,"full_id":"w692850386","osm_id":"692850386","osm_type":"way","highway":"service","ford":null,"width":null,"covered":null,"tunnel":null,"layer":null,"bridge":null,"disused:highway":null,"service":null,"noname":null,"motorroad":null,"smoothness":null,"motorcycle":null,"busway:right":null,"tactile_paving":null,"turn:lanes":null,"cycleway":null,"footway":null,"crossing":null,"lit":null,"motor_vehicle:conditional":null,"motor_vehicle":null,"horse":null,"operator":null,"emergency":null,"bus":null,"psv":null,"oneway:bicycle":null,"sidewalk":"both","foot":"yes","bicycle":null,"cycleway:right":null,"access":"destination","maxspeed":"20","destination:street":null,"surface":null,"oneway":"yes","name":null,"lanes":null,"alt_name":null,"longitud_m":39.411292791882097,"vertex_pos":-1,"vertex_index":2,"vertex_part":0,"vertex_part_index":2,"distance":39.417558845984971,"angle":197.40973036023721,"id_nodo":84},"geometry":{"type":"Point","coordinates":[1060315.287211886141449,864443.771880956017412]}},
{"type":"Feature","properties":{"fid":85,"full_id":"w50772688","osm_id":"50772688","osm_type":"way","highway":"footway","ford":null,"width":null,"covered":null,"tunnel":null,"layer":null,"bridge":null,"disused:highway":null,"service":null,"noname":null,"motorroad":null,"smoothness":null,"motorcycle":null,"busway:right":null,"tactile_paving":null,"turn:lanes":null,"cycleway":null,"footway":null,"crossing":null,"lit":null,"motor_vehicle:conditional":null,"motor_vehicle":null,"horse":null,"operator":null,"emergency":null,"bus":null,"psv":null,"oneway:bicycle":null,"sidewalk":"both","foot":"yes","bicycle":"no","cycleway:right":null,"access":null,"maxspeed":null,"destination:street":null,"surface":null,"oneway":null,"name":null,"lanes":null,"alt_name":null,"longitud_m":29.472468097612584,"vertex_pos":-1,"vertex_index":1,"vertex_part":0,"vertex_part_index":1,"distance":29.477088870511022,"angle":89.442052822237784,"id_nodo":85},"geometry":{"type":"Point","coordinates":[1060097.395005682483315,864976.891023759264499]}},
{"type":"Feature","properties":{"fid":86,"full_id":"w692850385","osm_id":"692850385","osm_type":"way","highway":"service","ford":null,"width":null,"covered":null,"tunnel":null,"layer":null,"bridge":null,"disused:highway":null,"service":null,"noname":null,"motorroad":null,"smoothness":null,"motorcycle":null,"busway:right":null,"tactile_paving":null,"turn:lanes":null,"cycleway":null,"footway":null,"crossing":null,"lit":null,"motor_vehicle:conditional":null,"motor_vehicle":null,"horse":null,"operator":null,"emergency":null,"bus":null,"psv":null,"oneway:bicycle":null,"sidewalk":null,"foot":null,"bicycle":null,"cycleway:right":null,"access":"destination","maxspeed":null,"destination:street":null,"surface":null,"oneway":"yes","name":null,"lanes":null,"alt_name":null,"longitud_m":6.6661039985435835,"vertex_pos":-1,"vertex_index":1,"vertex_part":0,"vertex_part_index":1,"distance":6.6671640265833769,"angle":197.16254292478524,"id_nodo":86},"geometry":{"type":"Point","coordinates":[1060332.359598589828238,864472.227908882196061]}},
{"type":"Feature","properties":{"fid":87,"full_id":"w50772688","osm_id":"50772688","osm_type":"way","highway":"footway","ford":null,"width":null,"covered":null,"tunnel":null,"layer":null,"bridge":null,"disused:highway":null,"service":null,"noname":null,"motorroad":null,"smoothness":null,"motorcycle":null,"busway:right":null,"tactile_paving":null,"turn:lanes":null,"cycleway":null,"footway":null,"crossing":null,"lit":null,"motor_vehicle:conditional":null,"motor_vehicle":null,"horse":null,"operator":null,"emergency":null,"bus":null,"psv":null,"oneway:bicycle":null,"sidewalk":"both","foot":"yes","bicycle":"no","cycleway:right":null,"access":null,"maxspeed":null,"destination:street":null,"surface":null,"oneway":null,"name":null,"lanes":null,"alt_name":null,"longitud_m":7.5573388493265679,"vertex_pos":-1,"vertex_index":1,"vertex_part":0,"vertex_part_index":1,"distance":7.5585237020905831,"angle":89.246457361565149,"id_nodo":87},"geometry":{"type":"Point","coordinates":[1060067.919314441503957,864976.603979953448288]}},
{"type":"Feature","properties":{"fid":88,"full_id":"w692850386","osm_id":"692850386","osm_type":"way","highway":"service","ford":null,"width":null,"covered":null,"tunnel":null,"layer":null,"bridge":null,"disused:highway":null,"service":null,"noname":null,"motorroad":null,"smoothness":null,"motorcycle":null,"busway:right":null,"tactile_paving":null,"turn:lanes":null,"cycleway":null,"footway":null,"crossing":null,"lit":null,"motor_vehicle:conditional":null,"motor_vehicle":null,"horse":null,"operator":null,"emergency":null,"bus":null,"psv":null,"oneway:bicycle":null,"sidewalk":"both","foot":"yes","bicycle":null,"cycleway:right":null,"access":"destination","maxspeed":"20","destination:street":null,"surface":null,"oneway":"yes","name":null,"lanes":null,"alt_name":null,"longitud_m":39.411292791882097,"vertex_pos":0,"vertex_index":0,"vertex_part":0,"vertex_part_index":0,"distance":0.0,"angle":198.11301682766174,"id_nodo":88},"geometry":{"type":"Point","coordinates":[1060327.524894108762965,864481.241532557760365]}},
{"type":"Feature","properties":{"fid":89,"full_id":"w631906547","osm_id":"631906547","osm_type":"way","highway":"footway","ford":null,"width":null,"covered":null,"tunnel":null,"layer":null,"bridge":null,"disused:highway":null,"service":null,"noname":null,"motorroad":null,"smoothness":null,"motorcycle":null,"busway:right":null,"tactile_paving":null,"turn:lanes":null,"cycleway":null,"footway":null,"crossing":null,"lit":null,"motor_vehicle:conditional":null,"motor_vehicle":null,"horse":null,"operator":null,"emergency":null,"bus":null,"psv":null,"oneway:bicycle":null,"sidewalk":null,"foot":null,"bicycle":"yes","cycleway:right":null,"access":null,"maxspeed":null,"destination:street":null,"surface":null,"oneway":null,"name":null,"lanes":null,"alt_name":null,"longitud_m":19.517277152123487,"vertex_pos":-1,"vertex_index":1,"vertex_part":0,"vertex_part_index":1,"distance":19.520337085833678,"angle":88.962061780570082,"id_nodo":89},"geometry":{"type":"Point","coordinates":[1060245.925508871674538,864725.847352733486332]}},
{"type":"Feature","properties":{"fid":90,"full_id":"w50772686","osm_id":"50772686","osm_type":"way","highway":"service","ford":null,"width":null,"covered":null,"tunnel":null,"layer":null,"bridge":null,"disused:highway":null,"service":null,"noname":null,"motorroad":null,"smoothness":null,"motorcycle":null,"busway:right":null,"tactile_paving":null,"turn:lanes":null,"cycleway":null,"footway":null,"crossing":null,"lit":null,"motor_vehicle:conditional":null,"motor_vehicle":null,"horse":null,"operator":null,"emergency":null,"bus":null,"psv":null,"oneway:bicycle":null,"sidewalk":null,"foot":null,"bicycle":null,"cycleway:right":"lane","access":"destination","maxspeed":"20","destination:street":null,"surface":null,"oneway":"yes","name":"Avenida Garcés","lanes":null,"alt_name":null,"longitud_m":31.648870467290074,"vertex_pos":-1,"vertex_index":1,"vertex_part":0,"vertex_part_index":1,"distance":31.653845223978905,"angle":290.70747767771127,"id_nodo":90},"geometry":{"type":"Point","coordinates":[1060401.097454871283844,864861.645544520812109]}},
{"type":"Feature","properties":{"fid":91,"full_id":"w692850385","osm_id":"692850385","osm_type":"way","highway":"service","ford":null,"width":null,"covered":null,"tunnel":null,"layer":null,"bridge":null,"disused:highway":null,"service":null,"noname":null,"motorroad":null,"smoothness":null,"motorcycle":null,"busway:right":null,"tactile_paving":null,"turn:lanes":null,"cycleway":null,"footway":null,"crossing":null,"lit":null,"motor_vehicle:conditional":null,"motor_vehicle":null,"horse":null,"operator":null,"emergency":null,"bus":null,"psv":null,"oneway:bicycle":null,"sidewalk":null,"foot":null,"bicycle":null,"cycleway:right":null,"access":"destination","maxspeed":null,"destination:street":null,"surface":null,"oneway":"yes","name":null,"lanes":null,"alt_name":null,"longitud_m":6.6661039985435835,"vertex_pos":0,"vertex_index":0,"vertex_part":0,"vertex_part_index":0,"distance":0.0,"angle":197.16254292478524,"id_nodo":91},"geometry":{"type":"Point","coordinates":[1060334.326968514826149,864478.598193941405043]}},
{"type":"Feature","properties":{"fid":92,"full_id":"w50772688","osm_id":"50772688","osm_type":"way","highway":"footway","ford":null,"width":null,"covered":null,"tunnel":null,"layer":null,"bridge":null,"disused:highway":null,"service":null,"noname":null,"motorroad":null,"smoothness":null,"motorcycle":null,"busway:right":null,"tactile_paving":null,"turn:lanes":null,"cycleway":null,"footway":null,"crossing":null,"lit":null,"motor_vehicle:conditional":null,"motor_vehicle":null,"horse":null,"operator":null,"emergency":null,"bus":null,"psv":null,"oneway:bicycle":null,"sidewalk":"both","foot":"yes","bicycle":"no","cycleway:right":null,"access":null,"maxspeed":null,"destination:street":null,"surface":null,"oneway":null,"name":null,"lanes":null,"alt_name":null,"longitud_m":7.5573388493265679,"vertex_pos":0,"vertex_index":0,"vertex_part":0,"vertex_part_index":0,"distance":0.0,"angle":89.246457361565149,"id_nodo":92},"geometry":{"type":"Point","coordinates":[1060060.361444428330287,864976.504574626451358]}},
{"type":"Feature","properties":{"fid":93,"full_id":"w631906547","osm_id":"631906547","osm_type":"way","highway":"footway","ford":null,"width":null,"covered":null,"tunnel":null,"layer":null,"bridge":null,"disused:highway":null,"service":null,"noname":null,"motorroad":null,"smoothness":null,"motorcycle":null,"busway:right":null,"tactile_paving":null,"turn:lanes":null,"cycleway":null,"footway":null,"crossing":null,"lit":null,"motor_vehicle:conditional":null,"motor_vehicle":null,"horse":null,"operator":null,"emergency":null,"bus":null,"psv":null,"oneway:bicycle":null,"sidewalk":null,"foot":null,"bicycle":"yes","cycleway:right":null,"access":null,"maxspeed":null,"destination:street":null,"surface":null,"oneway":null,"name":null,"lanes":null,"alt_name":null,"longitud_m":20.573425506296267,"vertex_pos":-1,"vertex_index":1,"vertex_part":0,"vertex_part_index":1,"distance":20.576651022312255,"angle":88.923006010669297,"id_nodo":93},"geometry":{"type":"Point","coordinates":[1060226.408374684397131,864725.493752591544762]}},
{"type":"Feature","properties":{"fid":94,"full_id":"w35110729","osm_id":"35110729","osm_type":"way","highway":"tertiary","ford":null,"width":null,"covered":null,"tunnel":null,"layer":null,"bridge":null,"disused:highway":null,"service":null,"noname":null,"motorroad":null,"smoothness":null,"motorcycle":null,"busway:right":null,"tactile_paving":null,"turn:lanes":null,"cycleway":null,"footway":null,"crossing":null,"lit":null,"motor_vehicle:conditional":null,"motor_vehicle":null,"horse":null,"operator":null,"emergency":null,"bus":null,"psv":null,"oneway:bicycle":null,"sidewalk":null,"foot":null,"bicycle":null,"cycleway:right":null,"access":null,"maxspeed":null,"destination:street":null,"surface":"asphalt","oneway":"yes","name":"Carrera 86","lanes":"3","alt_name":null,"longitud_m":4.9003410668278287,"vertex_pos":-1,"vertex_index":1,"vertex_part":0,"vertex_part_index":1,"distance":4.9011101476437329,"angle":70.628286255856707,"id_nodo":94},"geometry":{"type":"Point","coordinates":[1060035.318995464593172,865536.495437757926993]}},
{"type":"Feature","properties":{"fid":95,"full_id":"w35110729","osm_id":"35110729","osm_type":"way","highway":"tertiary","ford":null,"width":null,"covered":null,"tunnel":null,"layer":null,"bridge":null,"disused:highway":null,"service":null,"noname":null,"motorroad":null,"smoothness":null,"motorcycle":null,"busway:right":null,"tactile_paving":null,"turn:lanes":null,"cycleway":null,"footway":null,"crossing":null,"lit":null,"motor_vehicle:conditional":null,"motor_vehicle":null,"horse":null,"operator":null,"emergency":null,"bus":null,"psv":null,"oneway:bicycle":null,"sidewalk":null,"foot":null,"bicycle":null,"cycleway:right":null,"access":null,"maxspeed":null,"destination:street":null,"surface":"asphalt","oneway":"yes","name":"Carrera 86","lanes":"3","alt_name":null,"longitud_m":5.056211919232112,"vertex_pos":-1,"vertex_index":1,"vertex_part":0,"vertex_part_index":1,"distance":5.057007628637832,"angle":55.954423874274887,"id_nodo":95},"geometry":{"type":"Point","coordinates":[1060030.695354183670133,865534.869761903188191]}},
{"type":"Feature","properties":{"fid":96,"full_id":"w35110729","osm_id":"35110729","osm_type":"way","highway":"tertiary","ford":null,"width":null,"covered":null,"tunnel":null,"layer":null,"bridge":null,"disused:highway":null,"service":null,"noname":null,"motorroad":null,"smoothness":null,"motorcycle":null,"busway:right":null,"tactile_paving":null,"turn:lanes":null,"cycleway":null,"footway":null,"crossing":null,"lit":null,"motor_vehicle:conditional":null,"motor_vehicle":null,"horse":null,"operator":null,"emergency":null,"bus":null,"psv":null,"oneway:bicycle":null,"sidewalk":null,"foot":null,"bicycle":null,"cycleway:right":null,"access":null,"maxspeed":null,"destination:street":null,"surface":"asphalt","oneway":"yes","name":"Carrera 86","lanes":"3","alt_name":null,"longitud_m":6.1837946003182322,"vertex_pos":-1,"vertex_index":1,"vertex_part":0,"vertex_part_index":1,"distance":6.1847697358847311,"angle":47.612879083701756,"id_nodo":96},"geometry":{"type":"Point","coordinates":[1060026.505155598279089,865532.038585121161304]}},
{"type":"Feature","properties":{"fid":97,"full_id":"w35110729","osm_id":"35110729","osm_type":"way","highway":"tertiary","ford":null,"width":null,"covered":null,"tunnel":null,"layer":null,"bridge":null,"disused:highway":null,"service":null,"noname":null,"motorroad":null,"smoothness":null,"motorcycle":null,"busway:right":null,"tactile_paving":null,"turn:lanes":null,"cycleway":null,"footway":null,"crossing":null,"lit":null,"motor_vehicle:conditional":null,"motor_vehicle":null,"horse":null,"operator":null,"emergency":null,"bus":null,"psv":null,"oneway:bicycle":null,"sidewalk":null,"foot":null,"bicycle":null,"cycleway:right":null,"access":null,"maxspeed":null,"destination:street":null,"surface":"asphalt","oneway":"yes","name":"Carrera 86","lanes":"3","alt_name":null,"longitud_m":5.3935949495742941,"vertex_pos":-1,"vertex_index":1,"vertex_part":0,"vertex_part_index":1,"distance":5.3944476302496085,"angle":37.87917439978748,"id_nodo":97},"geometry":{"type":"Point","coordinates":[1060021.937042037956417,865527.869206847855821]}},
{"type":"Feature","properties":{"fid":98,"full_id":"w752008483","osm_id":"752008483","osm_type":"way","highway":"footway","ford":null,"width":null,"covered":null,"tunnel":null,"layer":null,"bridge":null,"disused:highway":null,"service":null,"noname":null,"motorroad":null,"smoothness":null,"motorcycle":null,"busway:right":null,"tactile_paving":null,"turn:lanes":null,"cycleway":null,"footway":null,"crossing":null,"lit":null,"motor_vehicle:conditional":null,"motor_vehicle":null,"horse":null,"operator":null,"emergency":null,"bus":null,"psv":null,"oneway:bicycle":null,"sidewalk":null,"foot":null,"bicycle":null,"cycleway:right":null,"access":null,"maxspeed":null,"destination:street":null,"surface":null,"oneway":null,"name":null,"lanes":null,"alt_name":null,"longitud_m":52.933148401262926,"vertex_pos":0,"vertex_index":0,"vertex_part":0,"vertex_part_index":0,"distance":0.0,"angle":282.10439007024485,"id_nodo":98},"geometry":{"type":"Point","coordinates":[1060501.396028304239735,864947.377985248342156]}},
{"type":"Feature","properties":{"fid":99,"full_id":"w731982644","osm_id":"731982644","osm_type":"way","highway":"path","ford":null,"width":null,"covered":null,"tunnel":null,"layer":null,"bridge":null,"disused:highway":null,"service":null,"noname":null,"motorroad":null,"smoothness":null,"motorcycle":null,"busway:right":null,"tactile_paving":null,"turn:lanes":null,"cycleway":null,"footway":null,"crossing":null,"lit":null,"motor_vehicle:conditional":null,"motor_vehicle":null,"horse":null,"operator":null,"emergency":null,"bus":null,"psv":null,"oneway:bicycle":null,"sidewalk":null,"foot":null,"bicycle":null,"cycleway:right":null,"access":null,"maxspeed":null,"destination:street":null,"surface":null,"oneway":null,"name":null,"lanes":null,"alt_name":null,"longitud_m":284.24405527941195,"vertex_pos":-1,"vertex_index":17,"vertex_part":0,"vertex_part_index":17,"distance":284.28902275392454,"angle":14.717622924885848,"id_nodo":99},"geometry":{"type":"Point","coordinates":[1060583.5496566882357,865460.231458730529994]}},
{"type":"Feature","properties":{"fid":100,"full_id":"w50772686","osm_id":"50772686","osm_type":"way","highway":"service","ford":null,"width":null,"covered":null,"tunnel":null,"layer":null,"bridge":null,"disused:highway":null,"service":null,"noname":null,"motorroad":null,"smoothness":null,"motorcycle":null,"busway:right":null,"tactile_paving":null,"turn:lanes":null,"cycleway":null,"footway":null,"crossing":null,"lit":null,"motor_vehicle:conditional":null,"motor_vehicle":null,"horse":null,"operator":null,"emergency":null,"bus":null,"psv":null,"oneway:bicycle":null,"sidewalk":null,"foot":null,"bicycle":null,"cycleway:right":"lane","access":"destination","maxspeed":"20","destination:street":null,"surface":null,"oneway":"yes","name":"Avenida Garcés","lanes":null,"alt_name":null,"longitud_m":16.607451697336497,"vertex_pos":-1,"vertex_index":1,"vertex_part":0,"vertex_part_index":1,"distance":16.610065349782943,"angle":296.79372735143602,"id_nodo":100},"geometry":{"type":"Point","coordinates":[1060810.810110880993307,864658.575722891837358]}},
{"type":"Feature","properties":{"fid":101,"full_id":"w631904690","osm_id":"631904690","osm_type":"way","highway":"footway","ford":null,"width":null,"covered":null,"tunnel":null,"layer":null,"bridge":null,"disused:highway":null,"service":null,"noname":null,"motorroad":null,"smoothness":null,"motorcycle":null,"busway:right":null,"tactile_paving":null,"turn:lanes":null,"cycleway":null,"footway":null,"crossing":null,"lit":null,"motor_vehicle:conditional":null,"motor_vehicle":null,"horse":null,"operator":null,"emergency":null,"bus":null,"psv":null,"oneway:bicycle":null,"sidewalk":null,"foot":null,"bicycle":null,"cycleway:right":null,"access":null,"maxspeed":null,"destination:street":null,"surface":null,"oneway":null,"name":null,"lanes":null,"alt_name":null,"longitud_m":51.14473022663519,"vertex_pos":-1,"vertex_index":3,"vertex_part":0,"vertex_part_index":3,"distance":51.152821252034983,"angle":358.25725647199062,"id_nodo":101},"geometry":{"type":"Point","coordinates":[1060408.256819383241236,864978.467714530765079]}},
{"type":"Feature","properties":{"fid":102,"full_id":"w35110729","osm_id":"35110729","osm_type":"way","highway":"tertiary","ford":null,"width":null,"covered":null,"tunnel":null,"layer":null,"bridge":null,"disused:highway":null,"service":null,"noname":null,"motorroad":null,"smoothness":null,"motorcycle":null,"busway:right":null,"tactile_paving":null,"turn:lanes":null,"cycleway":null,"footway":null,"crossing":null,"lit":null,"motor_vehicle:conditional":null,"motor_vehicle":null,"horse":null,"operator":null,"emergency":null,"bus":null,"psv":null,"oneway:bicycle":null,"sidewalk":null,"foot":null,"bicycle":null,"cycleway:right":null,"access":null,"maxspeed":null,"destination:street":null,"surface":"asphalt","oneway":"yes","name":"Carrera 86","lanes":"3","alt_name":null,"longitud_m":84.741169915877933,"vertex_pos":-1,"vertex_index":1,"vertex_part":0,"vertex_part_index":1,"distance":84.754459102371598,"angle":94.214044640037898,"id_nodo":102},"geometry":{"type":"Point","coordinates":[1060130.992134790867567,865531.218382370192558]}},
{"type":"Feature","properties":{"fid":103,"full_id":"w50772686","osm_id":"50772686","osm_type":"way","highway":"service","ford":null,"width":null,"covered":null,"tunnel":null,"layer":null,"bridge":null,"disused:highway":null,"service":null,"noname":null,"motorroad":null,"smoothness":null,"motorcycle":null,"busway:right":null,"tactile_paving":null,"turn:lanes":null,"cycleway":null,"footway":null,"crossing":null,"lit":null,"motor_vehicle:conditional":null,"motor_vehicle":null,"horse":null,"operator":null,"emergency":null,"bus":null,"psv":null,"oneway:bicycle":null,"sidewalk":null,"foot":null,"bicycle":null,"cycleway:right":"lane","access":"destination","maxspeed":"20","destination:street":null,"surface":null,"oneway":"yes","name":"Avenida Garcés","lanes":null,"alt_name":null,"longitud_m":16.607451697336497,"vertex_pos":0,"vertex_index":0,"vertex_part":0,"vertex_part_index":0,"distance":0.0,"angle":296.79372735143602,"id_nodo":103},"geometry":{"type":"Point","coordinates":[1060825.636839461978525,864651.08824063744396]}},
{"type":"Feature","properties":{"fid":104,"full_id":"w35110729","osm_id":"35110729","osm_type":"way","highway":"tertiary","ford":null,"width":null,"covered":null,"tunnel":null,"layer":null,"bridge":null,"disused:highway":null,"service":null,"noname":null,"motorroad":null,"smoothness":null,"motorcycle":null,"busway:right":null,"tactile_paving":null,"turn:lanes":null,"cycleway":null,"footway":null,"crossing":null,"lit":null,"motor_vehicle:conditional":null,"motor_vehicle":null,"horse":null,"operator":null,"emergency":null,"bus":null,"psv":null,"oneway:bicycle":null,"sidewalk":null,"foot":null,"bicycle":null,"cycleway:right":null,"access":null,"maxspeed":null,"destination:street":null,"surface":"asphalt","oneway":"yes","name":"Carrera 86","lanes":"3","alt_name":null,"longitud_m":6.1576440837110322,"vertex_pos":-1,"vertex_index":1,"vertex_part":0,"vertex_part_index":1,"distance":6.1586094826045343,"angle":88.869125958115532,"id_nodo":104},"geometry":{"type":"Point","coordinates":[1060046.466809815028682,865537.446365628391504]}},
{"type":"Feature","properties":{"fid":105,"full_id":"w631904690","osm_id":"631904690","osm_type":"way","highway":"footway","ford":null,"width":null,"covered":null,"tunnel":null,"layer":null,"bridge":null,"disused:highway":null,"service":null,"noname":null,"motorroad":null,"smoothness":null,"motorcycle":null,"busway:right":null,"tactile_paving":null,"turn:lanes":null,"cycleway":null,"footway":null,"crossing":null,"lit":null,"motor_vehicle:conditional":null,"motor_vehicle":null,"horse":null,"operator":null,"emergency":null,"bus":null,"psv":null,"oneway:bicycle":null,"sidewalk":null,"foot":null,"bicycle":null,"cycleway:right":null,"access":null,"maxspeed":null,"destination:street":null,"surface":null,"oneway":null,"name":null,"lanes":null,"alt_name":null,"longitud_m":51.14473022663519,"vertex_pos":0,"vertex_index":0,"vertex_part":0,"vertex_part_index":0,"distance":0.0,"angle":89.408767449100267,"id_nodo":105},"geometry":{"type":"Point","coordinates":[1060385.738377630943432,864947.014607692137361]}},
{"type":"Feature","properties":{"fid":106,"full_id":"w631904688","osm_id":"631904688","osm_type":"way","highway":"footway","ford":null,"width":null,"covered":null,"tunnel":null,"layer":null,"bridge":null,"disused:highway":null,"service":null,"noname":null,"motorroad":null,"smoothness":null,"motorcycle":null,"busway:right":null,"tactile_paving":null,"turn:lanes":null,"cycleway":null,"footway":null,"crossing":null,"lit":null,"motor_vehicle:conditional":null,"motor_vehicle":null,"horse":null,"operator":null,"emergency":null,"bus":null,"psv":null,"oneway:bicycle":null,"sidewalk":null,"foot":null,"bicycle":null,"cycleway:right":null,"access":null,"maxspeed":null,"destination:street":null,"surface":null,"oneway":null,"name":null,"lanes":null,"alt_name":null,"longitud_m":58.585754409104865,"vertex_pos":-1,"vertex_index":1,"vertex_part":0,"vertex_part_index":1,"distance":58.595084525111623,"angle":358.81604378726485,"id_nodo":106},"geometry":{"type":"Point","coordinates":[1060488.146941230399534,864902.564770488650538]}},
{"type":"Feature","properties":{"fid":107,"full_id":"w35110729","osm_id":"35110729","osm_type":"way","highway":"tertiary","ford":null,"width":null,"covered":null,"tunnel":null,"layer":null,"bridge":null,"disused:highway":null,"service":null,"noname":null,"motorroad":null,"smoothness":null,"motorcycle":null,"busway:right":null,"tactile_paving":null,"turn:lanes":null,"cycleway":null,"footway":null,"crossing":null,"lit":null,"motor_vehicle:conditional":null,"motor_vehicle":null,"horse":null,"operator":null,"emergency":null,"bus":null,"psv":null,"oneway:bicycle":null,"sidewalk":null,"foot":null,"bicycle":null,"cycleway:right":null,"access":null,"maxspeed":null,"destination:street":null,"surface":"asphalt","oneway":"yes","name":"Carrera 86","lanes":"3","alt_name":null,"longitud_m":5.058061335274501,"vertex_pos":-1,"vertex_index":1,"vertex_part":0,"vertex_part_index":1,"distance":5.0588544284260237,"angle":80.563972853213315,"id_nodo":107},"geometry":{"type":"Point","coordinates":[1060040.309399891877547,865537.324818117078394]}},
{"type":"Feature","properties":{"fid":108,"full_id":"w631904687","osm_id":"631904687","osm_type":"way","highway":"footway","ford":null,"width":null,"covered":null,"tunnel":null,"layer":null,"bridge":null,"disused:highway":null,"service":null,"noname":null,"motorroad":null,"smoothness":null,"motorcycle":null,"busway:right":null,"tactile_paving":null,"turn:lanes":null,"cycleway":null,"footway":null,"crossing":null,"lit":null,"motor_vehicle:conditional":null,"motor_vehicle":null,"horse":null,"operator":null,"emergency":null,"bus":null,"psv":null,"oneway:bicycle":null,"sidewalk":null,"foot":null,"bicycle":null,"cycleway:right":null,"access":null,"maxspeed":null,"destination:street":null,"surface":null,"oneway":null,"name":null,"lanes":null,"alt_name":null,"longitud_m":64.874364433032326,"vertex_pos":-1,"vertex_index":2,"vertex_part":0,"vertex_part_index":2,"distance":64.884624899177908,"angle":181.32619794994105,"id_nodo":108},"geometry":{"type":"Point","coordinates":[1060513.788505577249452,864931.20872662588954]}},
{"type":"Feature","properties":{"fid":109,"full_id":"w35110729","osm_id":"35110729","osm_type":"way","highway":"tertiary","ford":null,"width":null,"covered":null,"tunnel":null,"layer":null,"bridge":null,"disused:highway":null,"service":null,"noname":null,"motorroad":null,"smoothness":null,"motorcycle":null,"busway:right":null,"tactile_paving":null,"turn:lanes":null,"cycleway":null,"footway":null,"crossing":null,"lit":null,"motor_vehicle:conditional":null,"motor_vehicle":null,"horse":null,"operator":null,"emergency":null,"bus":null,"psv":null,"oneway:bicycle":null,"sidewalk":null,"foot":null,"bicycle":null,"cycleway:right":null,"access":null,"maxspeed":null,"destination:street":null,"surface":"asphalt","oneway":"yes","name":"Carrera 86","lanes":"3","alt_name":null,"longitud_m":21.078083326478662,"vertex_pos":-1,"vertex_index":1,"vertex_part":0,"vertex_part_index":1,"distance":21.081437736877724,"angle":353.52286195814463,"id_nodo":109},"geometry":{"type":"Point","coordinates":[1060012.967233322560787,865502.509764885529876]}},
{"type":"Feature","properties":{"fid":110,"full_id":"w631906547","osm_id":"631906547","osm_type":"way","highway":"footway","ford":null,"width":null,"covered":null,"tunnel":null,"layer":null,"bridge":null,"disused:highway":null,"service":null,"noname":null,"motorroad":null,"smoothness":null,"motorcycle":null,"busway:right":null,"tactile_paving":null,"turn:lanes":null,"cycleway":null,"footway":null,"crossing":null,"lit":null,"motor_vehicle:conditional":null,"motor_vehicle":null,"horse":null,"operator":null,"emergency":null,"bus":null,"psv":null,"oneway:bicycle":null,"sidewalk":null,"foot":null,"bicycle":"yes","cycleway:right":null,"access":null,"maxspeed":null,"destination:street":null,"surface":null,"oneway":null,"name":null,"lanes":null,"alt_name":null,"longitud_m":74.472513439185832,"vertex_pos":-1,"vertex_index":2,"vertex_part":0,"vertex_part_index":2,"distance":74.484255490891172,"angle":90.172532649687852,"id_nodo":110},"geometry":{"type":"Point","coordinates":[1060205.835358735639602,864725.106994183501229]}},
{"type":"Feature","properties":{"fid":111,"full_id":"w35110729","osm_id":"35110729","osm_type":"way","highway":"tertiary","ford":null,"width":null,"covered":null,"tunnel":null,"layer":null,"bridge":null,"disused:highway":null,"service":null,"noname":null,"motorroad":null,"smoothness":null,"motorcycle":null,"busway:right":null,"tactile_paving":null,"turn:lanes":null,"cycleway":null,"footway":null,"crossing":null,"lit":null,"motor_vehicle:conditional":null,"motor_vehicle":null,"horse":null,"operator":null,"emergency":null,"bus":null,"psv":null,"oneway:bicycle":null,"sidewalk":null,"foot":null,"bicycle":null,"cycleway:right":null,"access":null,"maxspeed":null,"destination:street":null,"surface":"asphalt","oneway":"yes","name":"Carrera 86","lanes":"3","alt_name":null,"longitud_m":4.5226456827103521,"vertex_pos":-1,"vertex_index":1,"vertex_part":0,"vertex_part_index":1,"distance":4.5233654088707045,"angle":0.00099971851710414046,"id_nodo":111},"geometry":{"type":"Point","coordinates":[1060015.345361867686734,865481.562891093082726]}},
{"type":"Feature","properties":{"fid":112,"full_id":"w35110729","osm_id":"35110729","osm_type":"way","highway":"tertiary","ford":null,"width":null,"covered":null,"tunnel":null,"layer":null,"bridge":null,"disused:highway":null,"service":null,"noname":null,"motorroad":null,"smoothness":null,"motorcycle":null,"busway:right":null,"tactile_paving":null,"turn:lanes":null,"cycleway":null,"footway":null,"crossing":null,"lit":null,"motor_vehicle:conditional":null,"motor_vehicle":null,"horse":null,"operator":null,"emergency":null,"bus":null,"psv":null,"oneway:bicycle":null,"sidewalk":null,"foot":null,"bicycle":null,"cycleway:right":null,"access":null,"maxspeed":null,"destination:street":null,"surface":"asphalt","oneway":"yes","name":"Carrera 86","lanes":"3","alt_name":null,"longitud_m":4.8364634534877879,"vertex_pos":-1,"vertex_index":1,"vertex_part":0,"vertex_part_index":1,"distance":4.8372327568081648,"angle":7.1283560131415831,"id_nodo":112},"geometry":{"type":"Point","coordinates":[1060015.345282942289487,865477.039525684900582]}},
{"type":"Feature","properties":{"fid":113,"full_id":"w631906547","osm_id":"631906547","osm_type":"way","highway":"footway","ford":null,"width":null,"covered":null,"tunnel":null,"layer":null,"bridge":null,"disused:highway":null,"service":null,"noname":null,"motorroad":null,"smoothness":null,"motorcycle":null,"busway:right":null,"tactile_paving":null,"turn:lanes":null,"cycleway":null,"footway":null,"crossing":null,"lit":null,"motor_vehicle:conditional":null,"motor_vehicle":null,"horse":null,"operator":null,"emergency":null,"bus":null,"psv":null,"oneway:bicycle":null,"sidewalk":null,"foot":null,"bicycle":"yes","cycleway:right":null,"access":null,"maxspeed":null,"destination:street":null,"surface":null,"oneway":null,"name":null,"lanes":null,"alt_name":null,"longitud_m":74.472513439185832,"vertex_pos":0,"vertex_index":0,"vertex_part":0,"vertex_part_index":0,"distance":0.0,"angle":180.96291243503447,"id_nodo":113},"geometry":{"type":"Point","coordinates":[1060158.276678749127313,864751.728157099802047]}},
{"type":"Feature","properties":{"fid":114,"full_id":"w35110729","osm_id":"35110729","osm_type":"way","highway":"tertiary","ford":null,"width":null,"covered":null,"tunnel":null,"layer":null,"bridge":null,"disused:highway":null,"service":null,"noname":null,"motorroad":null,"smoothness":null,"motorcycle":null,"busway:right":null,"tactile_paving":null,"turn:lanes":null,"cycleway":null,"footway":null,"crossing":null,"lit":null,"motor_vehicle:conditional":null,"motor_vehicle":null,"horse":null,"operator":null,"emergency":null,"bus":null,"psv":null,"oneway:bicycle":null,"sidewalk":null,"foot":null,"bicycle":null,"cycleway:right":null,"access":null,"maxspeed":null,"destination:street":null,"surface":"asphalt","oneway":"yes","name":"Carrera 86","lanes":"3","alt_name":null,"longitud_m":4.209181083759117,"vertex_pos":-1,"vertex_index":1,"vertex_part":0,"vertex_part_index":1,"distance":4.2098500122205849,"angle":14.214163771090922,"id_nodo":114},"geometry":{"type":"Point","coordinates":[1060014.74501828616485,865472.239681615959853]}},
{"type":"Feature","properties":{"fid":115,"full_id":"w631906545","osm_id":"631906545","osm_type":"way","highway":"footway","ford":null,"width":null,"covered":null,"tunnel":null,"layer":null,"bridge":null,"disused:highway":null,"service":null,"noname":null,"motorroad":null,"smoothness":null,"motorcycle":null,"busway:right":null,"tactile_paving":null,"turn:lanes":null,"cycleway":null,"footway":null,"crossing":null,"lit":null,"motor_vehicle:conditional":null,"motor_vehicle":null,"horse":null,"operator":null,"emergency":null,"bus":null,"psv":null,"oneway:bicycle":null,"sidewalk":null,"foot":null,"bicycle":null,"cycleway:right":null,"access":null,"maxspeed":null,"destination:street":null,"surface":null,"oneway":null,"name":null,"lanes":null,"alt_name":null,"longitud_m":8.6258091224811313,"vertex_pos":0,"vertex_index":0,"vertex_part":0,"vertex_part_index":0,"distance":0.0,"angle":179.26271493330759,"id_nodo":115},"geometry":{"type":"Point","coordinates":[1060226.297362708486617,864734.120221383636817]}},
{"type":"Feature","properties":{"fid":116,"full_id":"w631906542","osm_id":"631906542","osm_type":"way","highway":"footway","ford":null,"width":null,"covered":null,"tunnel":null,"layer":null,"bridge":null,"disused:highway":null,"service":null,"noname":null,"motorroad":null,"smoothness":null,"motorcycle":null,"busway:right":null,"tactile_paving":null,"turn:lanes":null,"cycleway":null,"footway":null,"crossing":null,"lit":null,"motor_vehicle:conditional":null,"motor_vehicle":null,"horse":null,"operator":null,"emergency":null,"bus":null,"psv":null,"oneway:bicycle":null,"sidewalk":null,"foot":null,"bicycle":null,"cycleway:right":null,"access":null,"maxspeed":null,"destination:street":null,"surface":null,"oneway":null,"name":null,"lanes":null,"alt_name":null,"longitud_m":168.39198004399995,"vertex_pos":-1,"vertex_index":3,"vertex_part":0,"vertex_part_index":3,"distance":168.41842691582787,"angle":269.4195149061332,"id_nodo":116},"geometry":{"type":"Point","coordinates":[1060330.46011079242453,864548.306740529020317]}},
{"type":"Feature","properties":{"fid":117,"full_id":"w35110729","osm_id":"35110729","osm_type":"way","highway":"tertiary","ford":null,"width":null,"covered":null,"tunnel":null,"layer":null,"bridge":null,"disused:highway":null,"service":null,"noname":null,"motorroad":null,"smoothness":null,"motorcycle":null,"busway:right":null,"tactile_paving":null,"turn:lanes":null,"cycleway":null,"footway":null,"crossing":null,"lit":null,"motor_vehicle:conditional":null,"motor_vehicle":null,"horse":null,"operator":null,"emergency":null,"bus":null,"psv":null,"oneway:bicycle":null,"sidewalk":null,"foot":null,"bicycle":null,"cycleway:right":null,"access":null,"maxspeed":null,"destination:street":null,"surface":"asphalt","oneway":"yes","name":"Carrera 86","lanes":"3","alt_name":null,"longitud_m":6.4307069221741395,"vertex_pos":-1,"vertex_index":1,"vertex_part":0,"vertex_part_index":1,"distance":6.4317266030711426,"angle":25.706454783672303,"id_nodo":117},"geometry":{"type":"Point","coordinates":[1060018.624860110227019,865523.611329898820259]}},
{"type":"Feature","properties":{"fid":118,"full_id":"w631906544","osm_id":"631906544","osm_type":"way","highway":"footway","ford":null,"width":null,"covered":null,"tunnel":null,"layer":null,"bridge":null,"disused:highway":null,"service":null,"noname":null,"motorroad":null,"smoothness":null,"motorcycle":null,"busway:right":null,"tactile_paving":null,"turn:lanes":null,"cycleway":null,"footway":null,"crossing":null,"lit":null,"motor_vehicle:conditional":null,"motor_vehicle":null,"horse":null,"operator":null,"emergency":null,"bus":null,"psv":null,"oneway:bicycle":null,"sidewalk":null,"foot":null,"bicycle":null,"cycleway:right":null,"access":null,"maxspeed":null,"destination:street":null,"surface":null,"oneway":null,"name":null,"lanes":null,"alt_name":null,"longitud_m":89.105268054191114,"vertex_pos":0,"vertex_index":0,"vertex_part":0,"vertex_part_index":0,"distance":0.0,"angle":236.30337654561106,"id_nodo":118},"geometry":{"type":"Point","coordinates":[1060183.760393013246357,864630.935083930729888]}},
{"type":"Feature","properties":{"fid":119,"full_id":"w631902505","osm_id":"631902505","osm_type":"way","highway":"footway","ford":null,"width":null,"covered":null,"tunnel":null,"layer":null,"bridge":null,"disused:highway":null,"service":null,"noname":null,"motorroad":null,"smoothness":null,"motorcycle":null,"busway:right":null,"tactile_paving":null,"turn:lanes":null,"cycleway":null,"footway":null,"crossing":null,"lit":null,"motor_vehicle:conditional":null,"motor_vehicle":null,"horse":null,"operator":null,"emergency":null,"bus":null,"psv":null,"oneway:bicycle":null,"sidewalk":null,"foot":null,"bicycle":null,"cycleway:right":null,"access":null,"maxspeed":null,"destination:street":null,"surface":null,"oneway":null,"name":null,"lanes":null,"alt_name":null,"longitud_m":9.0455365493035149,"vertex_pos":-1,"vertex_index":1,"vertex_part":0,"vertex_part_index":1,"distance":9.0469765883174826,"angle":180.42298602505804,"id_nodo":119},"geometry":{"type":"Point","coordinates":[1060684.49873211956583,865141.294283765018918]}},
{"type":"Feature","properties":{"fid":120,"full_id":"w35110729","osm_id":"35110729","osm_type":"way","highway":"tertiary","ford":null,"width":null,"covered":null,"tunnel":null,"layer":null,"bridge":null,"disused:highway":null,"service":null,"noname":null,"motorroad":null,"smoothness":null,"motorcycle":null,"busway:right":null,"tactile_paving":null,"turn:lanes":null,"cycleway":null,"footway":null,"crossing":null,"lit":null,"motor_vehicle:conditional":null,"motor_vehicle":null,"horse":null,"operator":null,"emergency":null,"bus":null,"psv":null,"oneway:bicycle":null,"sidewalk":null,"foot":null,"bicycle":null,"cycleway:right":null,"access":null,"maxspeed":null,"destination:street":null,"surface":"asphalt","oneway":"yes","name":"Carrera 86","lanes":"3","alt_name":null,"longitud_m":6.0353380915348254,"vertex_pos":-1,"vertex_index":1,"vertex_part":0,"vertex_part_index":1,"distance":6.0362966377014038,"angle":17.687566135232174,"id_nodo":120},"geometry":{"type":"Point","coordinates":[1060015.835030554095283,865517.816163107054308]}},
{"type":"Feature","properties":{"fid":121,"full_id":"w631902504","osm_id":"631902504","osm_type":"way","highway":"footway","ford":null,"width":null,"covered":null,"tunnel":null,"layer":null,"bridge":null,"disused:highway":null,"service":null,"noname":null,"motorroad":null,"smoothness":null,"motorcycle":null,"busway:right":null,"tactile_paving":null,"turn:lanes":null,"cycleway":null,"footway":null,"crossing":null,"lit":null,"motor_vehicle:conditional":null,"motor_vehicle":null,"horse":null,"operator":null,"emergency":null,"bus":null,"psv":null,"oneway:bicycle":null,"sidewalk":null,"foot":null,"bicycle":null,"cycleway:right":null,"access":null,"maxspeed":null,"destination:street":null,"surface":null,"oneway":null,"name":null,"lanes":null,"alt_name":null,"longitud_m":1.3453706544733774,"vertex_pos":-1,"vertex_index":1,"vertex_part":0,"vertex_part_index":1,"distance":1.3455816030867356,"angle":271.88474656366583,"id_nodo":121},"geometry":{"type":"Point","coordinates":[1060584.279075684724376,865120.569839759264141]}},
{"type":"Feature","properties":{"fid":122,"full_id":"w35110729","osm_id":"35110729","osm_type":"way","highway":"tertiary","ford":null,"width":null,"covered":null,"tunnel":null,"layer":null,"bridge":null,"disused:highway":null,"service":null,"noname":null,"motorroad":null,"smoothness":null,"motorcycle":null,"busway:right":null,"tactile_paving":null,"turn:lanes":null,"cycleway":null,"footway":null,"crossing":null,"lit":null,"motor_vehicle:conditional":null,"motor_vehicle":null,"horse":null,"operator":null,"emergency":null,"bus":null,"psv":null,"oneway:bicycle":null,"sidewalk":null,"foot":null,"bicycle":null,"cycleway:right":null,"access":null,"maxspeed":null,"destination:street":null,"surface":"asphalt","oneway":"yes","name":"Carrera 86","lanes":"3","alt_name":null,"longitud_m":4.6743132736690596,"vertex_pos":-1,"vertex_index":1,"vertex_part":0,"vertex_part_index":1,"distance":4.6750564322048991,"angle":10.964968348752967,"id_nodo":122},"geometry":{"type":"Point","coordinates":[1060014.001044790958986,865512.065217678784393]}},
{"type":"Feature","properties":{"fid":123,"full_id":"w631902505","osm_id":"631902505","osm_type":"way","highway":"footway","ford":null,"width":null,"covered":null,"tunnel":null,"layer":null,"bridge":null,"disused:highway":null,"service":null,"noname":null,"motorroad":null,"smoothness":null,"motorcycle":null,"busway:right":null,"tactile_paving":null,"turn:lanes":null,"cycleway":null,"footway":null,"crossing":null,"lit":null,"motor_vehicle:conditional":null,"motor_vehicle":null,"horse":null,"operator":null,"emergency":null,"bus":null,"psv":null,"oneway:bicycle":null,"sidewalk":null,"foot":null,"bicycle":null,"cycleway:right":null,"access":null,"maxspeed":null,"destination:street":null,"surface":null,"oneway":null,"name":null,"lanes":null,"alt_name":null,"longitud_m":9.0455365493035149,"vertex_pos":0,"vertex_index":0,"vertex_part":0,"vertex_part_index":0,"distance":0.0,"angle":180.42298602505804,"id_nodo":123},"geometry":{"type":"Point","coordinates":[1060684.565520806936547,865150.341013818513602]}},
{"type":"Feature","properties":{"fid":124,"full_id":"w631902504","osm_id":"631902504","osm_type":"way","highway":"footway","ford":null,"width":null,"covered":null,"tunnel":null,"layer":null,"bridge":null,"disused:highway":null,"service":null,"noname":null,"motorroad":null,"smoothness":null,"motorcycle":null,"busway:right":null,"tactile_paving":null,"turn:lanes":null,"cycleway":null,"footway":null,"crossing":null,"lit":null,"motor_vehicle:conditional":null,"motor_vehicle":null,"horse":null,"operator":null,"emergency":null,"bus":null,"psv":null,"oneway:bicycle":null,"sidewalk":null,"foot":null,"bicycle":null,"cycleway:right":null,"access":null,"maxspeed":null,"destination:street":null,"surface":null,"oneway":null,"name":null,"lanes":null,"alt_name":null,"longitud_m":81.173529884844342,"vertex_pos":-1,"vertex_index":1,"vertex_part":0,"vertex_part_index":1,"distance":81.186256985859558,"angle":270.69535912177764,"id_nodo":124},"geometry":{"type":"Point","coordinates":[1060585.623929337831214,865120.525584790157154]}},
{"type":"Feature","properties":{"fid":125,"full_id":"w35110729","osm_id":"35110729","osm_type":"way","highway":"tertiary","ford":null,"width":null,"covered":null,"tunnel":null,"layer":null,"bridge":null,"disused:highway":null,"service":null,"noname":null,"motorroad":null,"smoothness":null,"motorcycle":null,"busway:right":null,"tactile_paving":null,"turn:lanes":null,"cycleway":null,"footway":null,"crossing":null,"lit":null,"motor_vehicle:conditional":null,"motor_vehicle":null,"horse":null,"operator":null,"emergency":null,"bus":null,"psv":null,"oneway:bicycle":null,"sidewalk":null,"foot":null,"bicycle":null,"cycleway:right":null,"access":null,"maxspeed":null,"destination:street":null,"surface":"asphalt","oneway":"yes","name":"Carrera 86","lanes":"3","alt_name":null,"longitud_m":4.9670595500546284,"vertex_pos":-1,"vertex_index":1,"vertex_part":0,"vertex_part_index":1,"distance":4.9678499194935251,"angle":1.6676611568214963,"id_nodo":125},"geometry":{"type":"Point","coordinates":[1060013.111808031331748,865507.475510647869669]}},
{"type":"Feature","properties":{"fid":126,"full_id":"w631902504","osm_id":"631902504","osm_type":"way","highway":"footway","ford":null,"width":null,"covered":null,"tunnel":null,"layer":null,"bridge":null,"disused:highway":null,"service":null,"noname":null,"motorroad":null,"smoothness":null,"motorcycle":null,"busway:right":null,"tactile_paving":null,"turn:lanes":null,"cycleway":null,"footway":null,"crossing":null,"lit":null,"motor_vehicle:conditional":null,"motor_vehicle":null,"horse":null,"operator":null,"emergency":null,"bus":null,"psv":null,"oneway:bicycle":null,"sidewalk":null,"foot":null,"bicycle":null,"cycleway:right":null,"access":null,"maxspeed":null,"destination:street":null,"surface":null,"oneway":null,"name":null,"lanes":null,"alt_name":null,"longitud_m":38.958757929063665,"vertex_pos":-1,"vertex_index":2,"vertex_part":0,"vertex_part_index":2,"distance":38.96491857148078,"angle":270.00066161912753,"id_nodo":126},"geometry":{"type":"Point","coordinates":[1060666.804207438137382,865119.540307706804015]}},
{"type":"Feature","properties":{"fid":127,"full_id":"w35110593","osm_id":"35110593","osm_type":"way","highway":"primary_link","ford":null,"width":null,"covered":null,"tunnel":null,"layer":null,"bridge":null,"disused:highway":null,"service":null,"noname":null,"motorroad":null,"smoothness":null,"motorcycle":null,"busway:right":null,"tactile_paving":null,"turn:lanes":null,"cycleway":null,"footway":null,"crossing":null,"lit":null,"motor_vehicle:conditional":null,"motor_vehicle":null,"horse":null,"operator":null,"emergency":null,"bus":null,"psv":null,"oneway:bicycle":null,"sidewalk":null,"foot":null,"bicycle":null,"cycleway:right":null,"access":null,"maxspeed":null,"destination:street":null,"surface":null,"oneway":"yes","name":null,"lanes":"2","alt_name":null,"longitud_m":15.756759932223179,"vertex_pos":-1,"vertex_index":1,"vertex_part":0,"vertex_part_index":1,"distance":15.759258691682048,"angle":323.47057370444384,"id_nodo":127},"geometry":{"type":"Point","coordinates":[1060075.303634335286915,864571.491688947658986]}},
{"type":"Feature","properties":{"fid":128,"full_id":"w35110593","osm_id":"35110593","osm_type":"way","highway":"primary_link","ford":null,"width":null,"covered":null,"tunnel":null,"layer":null,"bridge":null,"disused:highway":null,"service":null,"noname":null,"motorroad":null,"smoothness":null,"motorcycle":null,"busway:right":null,"tactile_paving":null,"turn:lanes":null,"cycleway":null,"footway":null,"crossing":null,"lit":null,"motor_vehicle:conditional":null,"motor_vehicle":null,"horse":null,"operator":null,"emergency":null,"bus":null,"psv":null,"oneway:bicycle":null,"sidewalk":null,"foot":null,"bicycle":null,"cycleway:right":null,"access":null,"maxspeed":null,"destination:street":null,"surface":null,"oneway":"yes","name":null,"lanes":"2","alt_name":null,"longitud_m":15.951509581618351,"vertex_pos":-1,"vertex_index":1,"vertex_part":0,"vertex_part_index":1,"distance":15.95403177857175,"angle":312.57777145589517,"id_nodo":128},"geometry":{"type":"Point","coordinates":[1060084.68410547170788,864558.828316736035049]}},
{"type":"Feature","properties":{"fid":129,"full_id":"w631902506","osm_id":"631902506","osm_type":"way","highway":"footway","ford":null,"width":null,"covered":null,"tunnel":null,"layer":null,"bridge":null,"disused:highway":null,"service":null,"noname":null,"motorroad":null,"smoothness":null,"motorcycle":null,"busway:right":null,"tactile_paving":null,"turn:lanes":null,"cycleway":null,"footway":null,"crossing":null,"lit":null,"motor_vehicle:conditional":null,"motor_vehicle":null,"horse":null,"operator":null,"emergency":null,"bus":null,"psv":null,"oneway:bicycle":null,"sidewalk":null,"foot":null,"bicycle":null,"cycleway:right":null,"access":null,"maxspeed":null,"destination:street":null,"surface":null,"oneway":null,"name":null,"lanes":null,"alt_name":null,"longitud_m":31.547313831228642,"vertex_pos":-1,"vertex_index":1,"vertex_part":0,"vertex_part_index":1,"distance":31.552336013710711,"angle":1.4741583860389607,"id_nodo":129},"geometry":{"type":"Point","coordinates":[1060667.615925326012075,865151.082200833130628]}},
{"type":"Feature","properties":{"fid":130,"full_id":"w35110593","osm_id":"35110593","osm_type":"way","highway":"primary_link","ford":null,"width":null,"covered":null,"tunnel":null,"layer":null,"bridge":null,"disused:highway":null,"service":null,"noname":null,"motorroad":null,"smoothness":null,"motorcycle":null,"busway:right":null,"tactile_paving":null,"turn:lanes":null,"cycleway":null,"footway":null,"crossing":null,"lit":null,"motor_vehicle:conditional":null,"motor_vehicle":null,"horse":null,"operator":null,"emergency":null,"bus":null,"psv":null,"oneway:bicycle":null,"sidewalk":null,"foot":null,"bicycle":null,"cycleway:right":null,"access":null,"maxspeed":null,"destination:street":null,"surface":null,"oneway":"yes","name":null,"lanes":"2","alt_name":null,"longitud_m":15.983026193218807,"vertex_pos":-1,"vertex_index":1,"vertex_part":0,"vertex_part_index":1,"distance":15.985545733298775,"angle":301.67681348455261,"id_nodo":130},"geometry":{"type":"Point","coordinates":[1060096.432010463206097,864548.033972925390117]}},
{"type":"Feature","properties":{"fid":131,"full_id":"w35110593","osm_id":"35110593","osm_type":"way","highway":"primary_link","ford":null,"width":null,"covered":null,"tunnel":null,"layer":null,"bridge":null,"disused:highway":null,"service":null,"noname":null,"motorroad":null,"smoothness":null,"motorcycle":null,"busway:right":null,"tactile_paving":null,"turn:lanes":null,"cycleway":null,"footway":null,"crossing":null,"lit":null,"motor_vehicle:conditional":null,"motor_vehicle":null,"horse":null,"operator":null,"emergency":null,"bus":null,"psv":null,"oneway:bicycle":null,"sidewalk":null,"foot":null,"bicycle":null,"cycleway:right":null,"access":null,"maxspeed":null,"destination:street":null,"surface":null,"oneway":"yes","name":null,"lanes":"2","alt_name":null,"longitud_m":15.983026193218807,"vertex_pos":0,"vertex_index":0,"vertex_part":0,"vertex_part_index":0,"distance":0.0,"angle":301.67681348455261,"id_nodo":131},"geometry":{"type":"Point","coordinates":[1060110.036088550463319,864539.639526440529153]}},
{"type":"Feature","properties":{"fid":132,"full_id":"w631902505","osm_id":"631902505","osm_type":"way","highway":"footway","ford":null,"width":null,"covered":null,"tunnel":null,"layer":null,"bridge":null,"disused:highway":null,"service":null,"noname":null,"motorroad":null,"smoothness":null,"motorcycle":null,"busway:right":null,"tactile_paving":null,"turn:lanes":null,"cycleway":null,"footway":null,"crossing":null,"lit":null,"motor_vehicle:conditional":null,"motor_vehicle":null,"horse":null,"operator":null,"emergency":null,"bus":null,"psv":null,"oneway:bicycle":null,"sidewalk":null,"foot":null,"bicycle":null,"cycleway:right":null,"access":null,"maxspeed":null,"destination:street":null,"surface":null,"oneway":null,"name":null,"lanes":null,"alt_name":null,"longitud_m":29.315976293309308,"vertex_pos":-1,"vertex_index":1,"vertex_part":0,"vertex_part_index":1,"distance":29.320572660495358,"angle":90.346437783480084,"id_nodo":132},"geometry":{"type":"Point","coordinates":[1060713.818768802797422,865141.116998589830473]}},
{"type":"Feature","properties":{"fid":133,"full_id":"w35110729","osm_id":"35110729","osm_type":"way","highway":"tertiary","ford":null,"width":null,"covered":null,"tunnel":null,"layer":null,"bridge":null,"disused:highway":null,"service":null,"noname":null,"motorroad":null,"smoothness":null,"motorcycle":null,"busway:right":null,"tactile_paving":null,"turn:lanes":null,"cycleway":null,"footway":null,"crossing":null,"lit":null,"motor_vehicle:conditional":null,"motor_vehicle":null,"horse":null,"operator":null,"emergency":null,"bus":null,"psv":null,"oneway:bicycle":null,"sidewalk":null,"foot":null,"bicycle":null,"cycleway:right":null,"access":null,"maxspeed":null,"destination:street":null,"surface":"asphalt","oneway":"yes","name":"Carrera 86","lanes":"3","alt_name":null,"longitud_m":8.042417404555037,"vertex_pos":-1,"vertex_index":1,"vertex_part":0,"vertex_part_index":1,"distance":8.0436942625553982,"angle":19.872585720693479,"id_nodo":133},"geometry":{"type":"Point","coordinates":[1060013.711302120704204,865468.15871751238592]}},
{"type":"Feature","properties":{"fid":134,"full_id":"w631902506","osm_id":"631902506","osm_type":"way","highway":"footway","ford":null,"width":null,"covered":null,"tunnel":null,"layer":null,"bridge":null,"disused:highway":null,"service":null,"noname":null,"motorroad":null,"smoothness":null,"motorcycle":null,"busway:right":null,"tactile_paving":null,"turn:lanes":null,"cycleway":null,"footway":null,"crossing":null,"lit":null,"motor_vehicle:conditional":null,"motor_vehicle":null,"horse":null,"operator":null,"emergency":null,"bus":null,"psv":null,"oneway:bicycle":null,"sidewalk":null,"foot":null,"bicycle":null,"cycleway:right":null,"access":null,"maxspeed":null,"destination:street":null,"surface":null,"oneway":null,"name":null,"lanes":null,"alt_name":null,"longitud_m":31.879224198505945,"vertex_pos":0,"vertex_index":0,"vertex_part":0,"vertex_part_index":0,"distance":0.0,"angle":1.4787936668051163,"id_nodo":134},"geometry":{"type":"Point","coordinates":[1060665.981370821362361,865087.666627522208728]}},
{"type":"Feature","properties":{"fid":135,"full_id":"w631902498","osm_id":"631902498","osm_type":"way","highway":"footway","ford":null,"width":null,"covered":null,"tunnel":null,"layer":null,"bridge":null,"disused:highway":null,"service":null,"noname":null,"motorroad":null,"smoothness":null,"motorcycle":null,"busway:right":null,"tactile_paving":null,"turn:lanes":null,"cycleway":null,"footway":null,"crossing":null,"lit":null,"motor_vehicle:conditional":null,"motor_vehicle":null,"horse":null,"operator":null,"emergency":null,"bus":null,"psv":null,"oneway:bicycle":null,"sidewalk":null,"foot":null,"bicycle":null,"cycleway:right":null,"access":null,"maxspeed":null,"destination:street":null,"surface":null,"oneway":null,"name":null,"lanes":null,"alt_name":null,"longitud_m":2.2422512729561701,"vertex_pos":-1,"vertex_index":1,"vertex_part":0,"vertex_part_index":1,"distance":2.2426037030638999,"angle":290.49687729053932,"id_nodo":135},"geometry":{"type":"Point","coordinates":[1060273.718482830561697,865166.74786523799412]}},
{"type":"Feature","properties":{"fid":136,"full_id":"w35110593","osm_id":"35110593","osm_type":"way","highway":"primary_link","ford":null,"width":null,"covered":null,"tunnel":null,"layer":null,"bridge":null,"disused:highway":null,"service":null,"noname":null,"motorroad":null,"smoothness":null,"motorcycle":null,"busway:right":null,"tactile_paving":null,"turn:lanes":null,"cycleway":null,"footway":null,"crossing":null,"lit":null,"motor_vehicle:conditional":null,"motor_vehicle":null,"horse":null,"operator":null,"emergency":null,"bus":null,"psv":null,"oneway:bicycle":null,"sidewalk":null,"foot":null,"bicycle":null,"cycleway:right":null,"access":null,"maxspeed":null,"destination:street":null,"surface":null,"oneway":"yes","name":null,"lanes":"2","alt_name":null,"longitud_m":14.564938828100884,"vertex_pos":-1,"vertex_index":1,"vertex_part":0,"vertex_part_index":1,"distance":14.567258776600017,"angle":349.71637571517363,"id_nodo":136},"geometry":{"type":"Point","coordinates":[1060062.255849642446265,864612.821539023309015]}},
{"type":"Feature","properties":{"fid":137,"full_id":"w631902499","osm_id":"631902499","osm_type":"way","highway":"service","ford":null,"width":null,"covered":null,"tunnel":null,"layer":null,"bridge":null,"disused:highway":null,"service":null,"noname":null,"motorroad":null,"smoothness":null,"motorcycle":null,"busway:right":null,"tactile_paving":null,"turn:lanes":null,"cycleway":null,"footway":null,"crossing":null,"lit":null,"motor_vehicle:conditional":null,"motor_vehicle":null,"horse":null,"operator":null,"emergency":null,"bus":null,"psv":null,"oneway:bicycle":null,"sidewalk":"both","foot":"yes","bicycle":null,"cycleway:right":null,"access":"destination","maxspeed":"20","destination:street":null,"surface":null,"oneway":"no","name":null,"lanes":null,"alt_name":null,"longitud_m":14.137230410343731,"vertex_pos":0,"vertex_index":0,"vertex_part":0,"vertex_part_index":0,"distance":0.0,"angle":269.10447759305629,"id_nodo":137},"geometry":{"type":"Point","coordinates":[1060380.330996490782127,864539.181866350001656]}},
{"type":"Feature","properties":{"fid":138,"full_id":"w35110729","osm_id":"35110729","osm_type":"way","highway":"tertiary","ford":null,"width":null,"covered":null,"tunnel":null,"layer":null,"bridge":null,"disused:highway":null,"service":null,"noname":null,"motorroad":null,"smoothness":null,"motorcycle":null,"busway:right":null,"tactile_paving":null,"turn:lanes":null,"cycleway":null,"footway":null,"crossing":null,"lit":null,"motor_vehicle:conditional":null,"motor_vehicle":null,"horse":null,"operator":null,"emergency":null,"bus":null,"psv":null,"oneway:bicycle":null,"sidewalk":null,"foot":null,"bicycle":null,"cycleway:right":null,"access":null,"maxspeed":null,"destination:street":null,"surface":"asphalt","oneway":"yes","name":"Carrera 86","lanes":"3","alt_name":null,"longitud_m":8.042417404555037,"vertex_pos":0,"vertex_index":0,"vertex_part":0,"vertex_part_index":0,"distance":0.0,"angle":19.872585720693479,"id_nodo":138},"geometry":{"type":"Point","coordinates":[1060010.977012249873951,865460.594018160016276]}},
{"type":"Feature","properties":{"fid":139,"full_id":"w631902498","osm_id":"631902498","osm_type":"way","highway":"footway","ford":null,"width":null,"covered":null,"tunnel":null,"layer":null,"bridge":null,"disused:highway":null,"service":null,"noname":null,"motorroad":null,"smoothness":null,"motorcycle":null,"busway:right":null,"tactile_paving":null,"turn:lanes":null,"cycleway":null,"footway":null,"crossing":null,"lit":null,"motor_vehicle:conditional":null,"motor_vehicle":null,"horse":null,"operator":null,"emergency":null,"bus":null,"psv":null,"oneway:bicycle":null,"sidewalk":null,"foot":null,"bicycle":null,"cycleway:right":null,"access":null,"maxspeed":null,"destination:street":null,"surface":null,"oneway":null,"name":null,"lanes":null,"alt_name":null,"longitud_m":13.283338691065749,"vertex_pos":-1,"vertex_index":1,"vertex_part":0,"vertex_part_index":1,"distance":13.28545327760702,"angle":1.1992769181373497,"id_nodo":139},"geometry":{"type":"Point","coordinates":[1060275.819110151845962,865165.962603354244493]}},
{"type":"Feature","properties":{"fid":140,"full_id":"w35110593","osm_id":"35110593","osm_type":"way","highway":"primary_link","ford":null,"width":null,"covered":null,"tunnel":null,"layer":null,"bridge":null,"disused:highway":null,"service":null,"noname":null,"motorroad":null,"smoothness":null,"motorcycle":null,"busway:right":null,"tactile_paving":null,"turn:lanes":null,"cycleway":null,"footway":null,"crossing":null,"lit":null,"motor_vehicle:conditional":null,"motor_vehicle":null,"horse":null,"operator":null,"emergency":null,"bus":null,"psv":null,"oneway:bicycle":null,"sidewalk":null,"foot":null,"bicycle":null,"cycleway:right":null,"access":null,"maxspeed":null,"destination:street":null,"surface":null,"oneway":"yes","name":null,"lanes":"2","alt_name":null,"longitud_m":14.432068287689129,"vertex_pos":-1,"vertex_index":1,"vertex_part":0,"vertex_part_index":1,"distance":14.434365937746213,"angle":343.90767341210466,"id_nodo":140},"geometry":{"type":"Point","coordinates":[1060064.856411297339946,864598.488287216983736]}},
{"type":"Feature","properties":{"fid":141,"full_id":"w631902497","osm_id":"631902497","osm_type":"way","highway":"footway","ford":null,"width":null,"covered":null,"tunnel":null,"layer":null,"bridge":null,"disused:highway":null,"service":null,"noname":null,"motorroad":null,"smoothness":null,"motorcycle":null,"busway:right":null,"tactile_paving":null,"turn:lanes":null,"cycleway":null,"footway":null,"crossing":null,"lit":null,"motor_vehicle:conditional":null,"motor_vehicle":null,"horse":null,"operator":null,"emergency":null,"bus":null,"psv":null,"oneway:bicycle":null,"sidewalk":null,"foot":null,"bicycle":null,"cycleway:right":null,"access":null,"maxspeed":null,"destination:street":null,"surface":null,"oneway":null,"name":null,"lanes":null,"alt_name":null,"longitud_m":37.972540427851897,"vertex_pos":-1,"vertex_index":1,"vertex_part":0,"vertex_part_index":1,"distance":37.978494021728395,"angle":90.217771260167524,"id_nodo":141},"geometry":{"type":"Point","coordinates":[1060313.7973298500292,865165.818254073034041]}},
{"type":"Feature","properties":{"fid":142,"full_id":"w35110593","osm_id":"35110593","osm_type":"way","highway":"primary_link","ford":null,"width":null,"covered":null,"tunnel":null,"layer":null,"bridge":null,"disused:highway":null,"service":null,"noname":null,"motorroad":null,"smoothness":null,"motorcycle":null,"busway:right":null,"tactile_paving":null,"turn:lanes":null,"cycleway":null,"footway":null,"crossing":null,"lit":null,"motor_vehicle:conditional":null,"motor_vehicle":null,"horse":null,"operator":null,"emergency":null,"bus":null,"psv":null,"oneway:bicycle":null,"sidewalk":null,"foot":null,"bicycle":null,"cycleway:right":null,"access":null,"maxspeed":null,"destination:street":null,"surface":null,"oneway":"yes","name":null,"lanes":"2","alt_name":null,"longitud_m":14.622774446759315,"vertex_pos":-1,"vertex_index":1,"vertex_part":0,"vertex_part_index":1,"distance":14.625098830870057,"angle":333.84735311709898,"id_nodo":142},"geometry":{"type":"Point","coordinates":[1060068.85741512523964,864584.619513356476091]}},
{"type":"Feature","properties":{"fid":143,"full_id":"w631902498","osm_id":"631902498","osm_type":"way","highway":"footway","ford":null,"width":null,"covered":null,"tunnel":null,"layer":null,"bridge":null,"disused:highway":null,"service":null,"noname":null,"motorroad":null,"smoothness":null,"motorcycle":null,"busway:right":null,"tactile_paving":null,"turn:lanes":null,"cycleway":null,"footway":null,"crossing":null,"lit":null,"motor_vehicle:conditional":null,"motor_vehicle":null,"horse":null,"operator":null,"emergency":null,"bus":null,"psv":null,"oneway:bicycle":null,"sidewalk":null,"foot":null,"bicycle":null,"cycleway:right":null,"access":null,"maxspeed":null,"destination:street":null,"surface":null,"oneway":null,"name":null,"lanes":null,"alt_name":null,"longitud_m":13.283338691065749,"vertex_pos":0,"vertex_index":0,"vertex_part":0,"vertex_part_index":0,"distance":0.0,"angle":1.1992769181373497,"id_nodo":143},"geometry":{"type":"Point","coordinates":[1060275.54104823875241,865152.680060285842046]}},
{"type":"Feature","properties":{"fid":144,"full_id":"w210607937","osm_id":"210607937","osm_type":"way","highway":"bridleway","ford":null,"width":null,"covered":null,"tunnel":null,"layer":null,"bridge":null,"disused:highway":null,"service":null,"noname":null,"motorroad":null,"smoothness":null,"motorcycle":null,"busway:right":null,"tactile_paving":null,"turn:lanes":null,"cycleway":null,"footway":null,"crossing":null,"lit":null,"motor_vehicle:conditional":null,"motor_vehicle":null,"horse":null,"operator":null,"emergency":null,"bus":null,"psv":null,"oneway:bicycle":null,"sidewalk":"both","foot":"yes","bicycle":"destination","cycleway:right":null,"access":null,"maxspeed":null,"destination:street":null,"surface":"dirt","oneway":null,"name":null,"lanes":null,"alt_name":null,"longitud_m":23.50702010613773,"vertex_pos":-1,"vertex_index":1,"vertex_part":0,"vertex_part_index":1,"distance":23.510756049890787,"angle":16.902948690645804,"id_nodo":144},"geometry":{"type":"Point","coordinates":[1060154.113263081992045,865032.740919180214405]}},
{"type":"Feature","properties":{"fid":145,"full_id":"w631902502","osm_id":"631902502","osm_type":"way","highway":"service","ford":null,"width":null,"covered":null,"tunnel":null,"layer":null,"bridge":null,"disused:highway":null,"service":"parking_aisle","noname":null,"motorroad":null,"smoothness":null,"motorcycle":null,"busway:right":null,"tactile_paving":null,"turn:lanes":null,"cycleway":null,"footway":null,"crossing":null,"lit":null,"motor_vehicle:conditional":null,"motor_vehicle":null,"horse":null,"operator":null,"emergency":null,"bus":null,"psv":null,"oneway:bicycle":null,"sidewalk":null,"foot":null,"bicycle":null,"cycleway:right":null,"access":"destination","maxspeed":null,"destination:street":null,"surface":null,"oneway":null,"name":null,"lanes":null,"alt_name":null,"longitud_m":114.10535476310716,"vertex_pos":-1,"vertex_index":10,"vertex_part":0,"vertex_part_index":10,"distance":114.12344443154487,"angle":41.413400168115466,"id_nodo":145},"geometry":{"type":"Point","coordinates":[1060665.28311192127876,865258.791410665842704]}},
{"type":"Feature","properties":{"fid":146,"full_id":"w210546041","osm_id":"210546041","osm_type":"way","highway":"path","ford":null,"width":null,"covered":null,"tunnel":null,"layer":null,"bridge":null,"disused:highway":null,"service":null,"noname":null,"motorroad":null,"smoothness":null,"motorcycle":null,"busway:right":null,"tactile_paving":null,"turn:lanes":null,"cycleway":null,"footway":null,"crossing":null,"lit":null,"motor_vehicle:conditional":null,"motor_vehicle":null,"horse":null,"operator":null,"emergency":null,"bus":null,"psv":null,"oneway:bicycle":null,"sidewalk":"both","foot":"yes","bicycle":"dismount","cycleway:right":null,"access":null,"maxspeed":null,"destination:street":null,"surface":"grass","oneway":null,"name":null,"lanes":null,"alt_name":null,"longitud_m":135.29735055968612,"vertex_pos":-1,"vertex_index":5,"vertex_part":0,"vertex_part_index":5,"distance":135.31867844113464,"angle":325.20406056805012,"id_nodo":146},"geometry":{"type":"Point","coordinates":[1060314.023993223439902,864706.060736157931387]}},
{"type":"Feature","properties":{"fid":147,"full_id":"w210607937","osm_id":"210607937","osm_type":"way","highway":"bridleway","ford":null,"width":null,"covered":null,"tunnel":null,"layer":null,"bridge":null,"disused:highway":null,"service":null,"noname":null,"motorroad":null,"smoothness":null,"motorcycle":null,"busway:right":null,"tactile_paving":null,"turn:lanes":null,"cycleway":null,"footway":null,"crossing":null,"lit":null,"motor_vehicle:conditional":null,"motor_vehicle":null,"horse":null,"operator":null,"emergency":null,"bus":null,"psv":null,"oneway:bicycle":null,"sidewalk":"both","foot":"yes","bicycle":"destination","cycleway:right":null,"access":null,"maxspeed":null,"destination:street":null,"surface":"dirt","oneway":null,"name":null,"lanes":null,"alt_name":null,"longitud_m":23.50702010613773,"vertex_pos":0,"vertex_index":0,"vertex_part":0,"vertex_part_index":0,"distance":0.0,"angle":16.902948690645804,"id_nodo":147},"geometry":{"type":"Point","coordinates":[1060147.277477022260427,865010.245860189781524]}},
{"type":"Feature","properties":{"fid":148,"full_id":"w210545790","osm_id":"210545790","osm_type":"way","highway":"service","ford":null,"width":null,"covered":null,"tunnel":null,"layer":null,"bridge":null,"disused:highway":null,"service":null,"noname":null,"motorroad":null,"smoothness":null,"motorcycle":null,"busway:right":null,"tactile_paving":null,"turn:lanes":null,"cycleway":null,"footway":null,"crossing":null,"lit":null,"motor_vehicle:conditional":null,"motor_vehicle":null,"horse":null,"operator":null,"emergency":null,"bus":null,"psv":null,"oneway:bicycle":null,"sidewalk":"both","foot":"yes","bicycle":null,"cycleway:right":null,"access":"destination","maxspeed":"20","destination:street":null,"surface":null,"oneway":"no","name":null,"lanes":null,"alt_name":null,"longitud_m":23.547905644301306,"vertex_pos":-1,"vertex_index":2,"vertex_part":0,"vertex_part_index":2,"distance":23.551597973512663,"angle":266.44208886974241,"id_nodo":148},"geometry":{"type":"Point","coordinates":[1060453.753769324393943,864539.80017574923113]}},
{"type":"Feature","properties":{"fid":149,"full_id":"w631902502","osm_id":"631902502","osm_type":"way","highway":"service","ford":null,"width":null,"covered":null,"tunnel":null,"layer":null,"bridge":null,"disused:highway":null,"service":"parking_aisle","noname":null,"motorroad":null,"smoothness":null,"motorcycle":null,"busway:right":null,"tactile_paving":null,"turn:lanes":null,"cycleway":null,"footway":null,"crossing":null,"lit":null,"motor_vehicle:conditional":null,"motor_vehicle":null,"horse":null,"operator":null,"emergency":null,"bus":null,"psv":null,"oneway:bicycle":null,"sidewalk":null,"foot":null,"bicycle":null,"cycleway:right":null,"access":"destination","maxspeed":null,"destination:street":null,"surface":null,"oneway":null,"name":null,"lanes":null,"alt_name":null,"longitud_m":114.10535476310716,"vertex_pos":0,"vertex_index":0,"vertex_part":0,"vertex_part_index":0,"distance":0.0,"angle":3.1533596899324046,"id_nodo":149},"geometry":{"type":"Point","coordinates":[1060682.398335913196206,865162.904713752912357]}},
{"type":"Feature","properties":{"fid":150,"full_id":"w210546041","osm_id":"210546041","osm_type":"way","highway":"path","ford":null,"width":null,"covered":null,"tunnel":null,"layer":null,"bridge":null,"disused:highway":null,"service":null,"noname":null,"motorroad":null,"smoothness":null,"motorcycle":null,"busway:right":null,"tactile_paving":null,"turn:lanes":null,"cycleway":null,"footway":null,"crossing":null,"lit":null,"motor_vehicle:conditional":null,"motor_vehicle":null,"horse":null,"operator":null,"emergency":null,"bus":null,"psv":null,"oneway:bicycle":null,"sidewalk":"both","foot":"yes","bicycle":"dismount","cycleway:right":null,"access":null,"maxspeed":null,"destination:street":null,"surface":"grass","oneway":null,"name":null,"lanes":null,"alt_name":null,"longitud_m":135.29735055968612,"vertex_pos":0,"vertex_index":0,"vertex_part":0,"vertex_part_index":0,"distance":0.0,"angle":307.4867953464709,"id_nodo":150},"geometry":{"type":"Point","coordinates":[1060429.141258177114651,864634.962871783762239]}},
{"type":"Feature","properties":{"fid":151,"full_id":"w210545790","osm_id":"210545790","osm_type":"way","highway":"service","ford":null,"width":null,"covered":null,"tunnel":null,"layer":null,"bridge":null,"disused:highway":null,"service":null,"noname":null,"motorroad":null,"smoothness":null,"motorcycle":null,"busway:right":null,"tactile_paving":null,"turn:lanes":null,"cycleway":null,"footway":null,"crossing":null,"lit":null,"motor_vehicle:conditional":null,"motor_vehicle":null,"horse":null,"operator":null,"emergency":null,"bus":null,"psv":null,"oneway:bicycle":null,"sidewalk":"both","foot":"yes","bicycle":null,"cycleway:right":null,"access":"destination","maxspeed":"20","destination:street":null,"surface":null,"oneway":"no","name":null,"lanes":null,"alt_name":null,"longitud_m":34.331795943957125,"vertex_pos":-1,"vertex_index":4,"vertex_part":0,"vertex_part_index":4,"distance":34.337247775561771,"angle":237.16406340275699,"id_nodo":151},"geometry":{"type":"Point","coordinates":[1060477.094372786581516,864542.354621409089305]}},
{"type":"Feature","properties":{"fid":152,"full_id":"w631902499","osm_id":"631902499","osm_type":"way","highway":"service","ford":null,"width":null,"covered":null,"tunnel":null,"layer":null,"bridge":null,"disused:highway":null,"service":null,"noname":null,"motorroad":null,"smoothness":null,"motorcycle":null,"busway:right":null,"tactile_paving":null,"turn:lanes":null,"cycleway":null,"footway":null,"crossing":null,"lit":null,"motor_vehicle:conditional":null,"motor_vehicle":null,"horse":null,"operator":null,"emergency":null,"bus":null,"psv":null,"oneway:bicycle":null,"sidewalk":"both","foot":"yes","bicycle":null,"cycleway:right":null,"access":"destination","maxspeed":"20","destination:street":null,"surface":null,"oneway":"no","name":null,"lanes":null,"alt_name":null,"longitud_m":14.137230410343731,"vertex_pos":-1,"vertex_index":1,"vertex_part":0,"vertex_part_index":1,"distance":14.139446870292929,"angle":269.10447759305629,"id_nodo":152},"geometry":{"type":"Point","coordinates":[1060366.193276655860245,864538.960878415731713]}},
{"type":"Feature","properties":{"fid":153,"full_id":"w210609756","osm_id":"210609756","osm_type":"way","highway":"steps","ford":null,"width":null,"covered":null,"tunnel":null,"layer":null,"bridge":null,"disused:highway":null,"service":null,"noname":null,"motorroad":null,"smoothness":null,"motorcycle":null,"busway:right":null,"tactile_paving":null,"turn:lanes":null,"cycleway":null,"footway":null,"crossing":null,"lit":null,"motor_vehicle:conditional":null,"motor_vehicle":null,"horse":null,"operator":null,"emergency":null,"bus":null,"psv":null,"oneway:bicycle":null,"sidewalk":null,"foot":null,"bicycle":null,"cycleway:right":null,"access":null,"maxspeed":null,"destination:street":null,"surface":null,"oneway":null,"name":null,"lanes":null,"alt_name":null,"longitud_m":9.417622048856682,"vertex_pos":-1,"vertex_index":1,"vertex_part":0,"vertex_part_index":1,"distance":9.4191190706804306,"angle":16.875480806125626,"id_nodo":153},"geometry":{"type":"Point","coordinates":[1060346.870244431775063,864900.122579727205448]}},
{"type":"Feature","properties":{"fid":154,"full_id":"w210610706","osm_id":"210610706","osm_type":"way","highway":"footway","ford":null,"width":null,"covered":null,"tunnel":null,"layer":null,"bridge":null,"disused:highway":null,"service":null,"noname":null,"motorroad":null,"smoothness":null,"motorcycle":null,"busway:right":null,"tactile_paving":null,"turn:lanes":null,"cycleway":null,"footway":null,"crossing":null,"lit":null,"motor_vehicle:conditional":null,"motor_vehicle":null,"horse":null,"operator":null,"emergency":null,"bus":null,"psv":null,"oneway:bicycle":null,"sidewalk":null,"foot":null,"bicycle":null,"cycleway:right":null,"access":null,"maxspeed":null,"destination:street":null,"surface":null,"oneway":null,"name":null,"lanes":null,"alt_name":null,"longitud_m":7.0924086143469838,"vertex_pos":0,"vertex_index":0,"vertex_part":0,"vertex_part_index":0,"distance":0.0,"angle":289.39635298874083,"id_nodo":154},"geometry":{"type":"Point","coordinates":[1060672.079740718472749,864780.144066323759034]}},
{"type":"Feature","properties":{"fid":155,"full_id":"w210609752","osm_id":"210609752","osm_type":"way","highway":"footway","ford":null,"width":null,"covered":null,"tunnel":null,"layer":null,"bridge":null,"disused:highway":null,"service":null,"noname":null,"motorroad":null,"smoothness":null,"motorcycle":null,"busway:right":null,"tactile_paving":null,"turn:lanes":null,"cycleway":null,"footway":null,"crossing":null,"lit":null,"motor_vehicle:conditional":null,"motor_vehicle":null,"horse":null,"operator":null,"emergency":null,"bus":null,"psv":null,"oneway:bicycle":null,"sidewalk":null,"foot":null,"bicycle":null,"cycleway:right":null,"access":null,"maxspeed":null,"destination:street":null,"surface":null,"oneway":null,"name":null,"lanes":null,"alt_name":null,"longitud_m":48.293879550437033,"vertex_pos":-1,"vertex_index":1,"vertex_part":0,"vertex_part_index":1,"distance":48.301558339930033,"angle":15.181368205553524,"id_nodo":155},"geometry":{"type":"Point","coordinates":[1060359.519232158316299,864946.738495974335819]}},
{"type":"Feature","properties":{"fid":156,"full_id":"w210609756","osm_id":"210609756","osm_type":"way","highway":"steps","ford":null,"width":null,"covered":null,"tunnel":null,"layer":null,"bridge":null,"disused:highway":null,"service":null,"noname":null,"motorroad":null,"smoothness":null,"motorcycle":null,"busway:right":null,"tactile_paving":null,"turn:lanes":null,"cycleway":null,"footway":null,"crossing":null,"lit":null,"motor_vehicle:conditional":null,"motor_vehicle":null,"horse":null,"operator":null,"emergency":null,"bus":null,"psv":null,"oneway:bicycle":null,"sidewalk":null,"foot":null,"bicycle":null,"cycleway:right":null,"access":null,"maxspeed":null,"destination:street":null,"surface":null,"oneway":null,"name":null,"lanes":null,"alt_name":null,"longitud_m":9.417622048856682,"vertex_pos":0,"vertex_index":0,"vertex_part":0,"vertex_part_index":0,"distance":0.0,"angle":16.875480806125626,"id_nodo":156},"geometry":{"type":"Point","coordinates":[1060344.135942853987217,864891.109067706391215]}},
{"type":"Feature","properties":{"fid":157,"full_id":"w803367489","osm_id":"803367489","osm_type":"way","highway":"footway","ford":null,"width":null,"covered":null,"tunnel":null,"layer":null,"bridge":null,"disused:highway":null,"service":null,"noname":null,"motorroad":null,"smoothness":null,"motorcycle":null,"busway:right":null,"tactile_paving":null,"turn:lanes":null,"cycleway":null,"footway":null,"crossing":null,"lit":null,"motor_vehicle:conditional":null,"motor_vehicle":null,"horse":null,"operator":null,"emergency":null,"bus":null,"psv":null,"oneway:bicycle":null,"sidewalk":null,"foot":null,"bicycle":null,"cycleway:right":null,"access":null,"maxspeed":null,"destination:street":null,"surface":null,"oneway":null,"name":null,"lanes":null,"alt_name":null,"longitud_m":66.226794238026912,"vertex_pos":-1,"vertex_index":5,"vertex_part":0,"vertex_part_index":5,"distance":66.237329900471082,"angle":0.17976176027889845,"id_nodo":157},"geometry":{"type":"Point","coordinates":[1060124.167651619762182,865518.588463911553845]}},
{"type":"Feature","properties":{"fid":158,"full_id":"w210608183","osm_id":"210608183","osm_type":"way","highway":"bridleway","ford":null,"width":null,"covered":null,"tunnel":null,"layer":null,"bridge":null,"disused:highway":null,"service":null,"noname":null,"motorroad":null,"smoothness":null,"motorcycle":null,"busway:right":null,"tactile_paving":null,"turn:lanes":null,"cycleway":null,"footway":null,"crossing":null,"lit":null,"motor_vehicle:conditional":null,"motor_vehicle":null,"horse":null,"operator":null,"emergency":null,"bus":null,"psv":null,"oneway:bicycle":null,"sidewalk":null,"foot":"yes","bicycle":"dismount","cycleway:right":null,"access":null,"maxspeed":null,"destination:street":null,"surface":"dirt","oneway":null,"name":null,"lanes":null,"alt_name":null,"longitud_m":65.471483316740049,"vertex_pos":-1,"vertex_index":4,"vertex_part":0,"vertex_part_index":4,"distance":65.481807098884502,"angle":66.904968152895776,"id_nodo":158},"geometry":{"type":"Point","coordinates":[1060145.654885042225942,865018.03182650078088]}},
{"type":"Feature","properties":{"fid":159,"full_id":"w803367489","osm_id":"803367489","osm_type":"way","highway":"footway","ford":null,"width":null,"covered":null,"tunnel":null,"layer":null,"bridge":null,"disused:highway":null,"service":null,"noname":null,"motorroad":null,"smoothness":null,"motorcycle":null,"busway:right":null,"tactile_paving":null,"turn:lanes":null,"cycleway":null,"footway":null,"crossing":null,"lit":null,"motor_vehicle:conditional":null,"motor_vehicle":null,"horse":null,"operator":null,"emergency":null,"bus":null,"psv":null,"oneway:bicycle":null,"sidewalk":null,"foot":null,"bicycle":null,"cycleway:right":null,"access":null,"maxspeed":null,"destination:street":null,"surface":null,"oneway":null,"name":null,"lanes":null,"alt_name":null,"longitud_m":33.90805305857284,"vertex_pos":-1,"vertex_index":2,"vertex_part":0,"vertex_part_index":2,"distance":33.913379212439388,"angle":3.3840749735130271,"id_nodo":159},"geometry":{"type":"Point","coordinates":[1060119.076145346276462,865452.773029602481984]}},
{"type":"Feature","properties":{"fid":160,"full_id":"w210607937","osm_id":"210607937","osm_type":"way","highway":"bridleway","ford":null,"width":null,"covered":null,"tunnel":null,"layer":null,"bridge":null,"disused:highway":null,"service":null,"noname":null,"motorroad":null,"smoothness":null,"motorcycle":null,"busway:right":null,"tactile_paving":null,"turn:lanes":null,"cycleway":null,"footway":null,"crossing":null,"lit":null,"motor_vehicle:conditional":null,"motor_vehicle":null,"horse":null,"operator":null,"emergency":null,"bus":null,"psv":null,"oneway:bicycle":null,"sidewalk":"both","foot":"yes","bicycle":"destination","cycleway:right":null,"access":null,"maxspeed":null,"destination:street":null,"surface":"dirt","oneway":null,"name":null,"lanes":null,"alt_name":null,"longitud_m":70.239077845412965,"vertex_pos":-1,"vertex_index":3,"vertex_part":0,"vertex_part_index":3,"distance":70.250136985177335,"angle":67.874266367384976,"id_nodo":160},"geometry":{"type":"Point","coordinates":[1060211.031251484528184,865071.205192792112939]}},
{"type":"Feature","properties":{"fid":161,"full_id":"w803367489","osm_id":"803367489","osm_type":"way","highway":"footway","ford":null,"width":null,"covered":null,"tunnel":null,"layer":null,"bridge":null,"disused:highway":null,"service":null,"noname":null,"motorroad":null,"smoothness":null,"motorcycle":null,"busway:right":null,"tactile_paving":null,"turn:lanes":null,"cycleway":null,"footway":null,"crossing":null,"lit":null,"motor_vehicle:conditional":null,"motor_vehicle":null,"horse":null,"operator":null,"emergency":null,"bus":null,"psv":null,"oneway:bicycle":null,"sidewalk":null,"foot":null,"bicycle":null,"cycleway:right":null,"access":null,"maxspeed":null,"destination:street":null,"surface":null,"oneway":null,"name":null,"lanes":null,"alt_name":null,"longitud_m":33.90805305857284,"vertex_pos":0,"vertex_index":0,"vertex_part":0,"vertex_part_index":0,"distance":0.0,"angle":271.08657991900714,"id_nodo":161},"geometry":{"type":"Point","coordinates":[1060148.596083602169529,865448.072219413239509]}},
{"type":"Feature","properties":{"fid":162,"full_id":"w210460223","osm_id":"210460223","osm_type":"way","highway":"service","ford":null,"width":null,"covered":null,"tunnel":null,"layer":null,"bridge":null,"disused:highway":null,"service":null,"noname":null,"motorroad":null,"smoothness":null,"motorcycle":null,"busway:right":null,"tactile_paving":null,"turn:lanes":null,"cycleway":null,"footway":null,"crossing":null,"lit":null,"motor_vehicle:conditional":null,"motor_vehicle":null,"horse":null,"operator":null,"emergency":null,"bus":null,"psv":null,"oneway:bicycle":null,"sidewalk":null,"foot":null,"bicycle":null,"cycleway:right":null,"access":null,"maxspeed":null,"destination:street":null,"surface":null,"oneway":"yes","name":null,"lanes":null,"alt_name":null,"longitud_m":14.43466010421259,"vertex_pos":0,"vertex_index":0,"vertex_part":0,"vertex_part_index":0,"distance":0.0,"angle":266.05979054385239,"id_nodo":162},"geometry":{"type":"Point","coordinates":[1060834.561773585621268,864646.409951160894707]}},
{"type":"Feature","properties":{"fid":163,"full_id":"w906000328","osm_id":"906000328","osm_type":"way","highway":"footway","ford":null,"width":null,"covered":null,"tunnel":"building_passage","layer":null,"bridge":null,"disused:highway":null,"service":null,"noname":null,"motorroad":null,"smoothness":null,"motorcycle":null,"busway:right":null,"tactile_paving":null,"turn:lanes":null,"cycleway":null,"footway":null,"crossing":null,"lit":null,"motor_vehicle:conditional":null,"motor_vehicle":null,"horse":null,"operator":null,"emergency":null,"bus":null,"psv":null,"oneway:bicycle":null,"sidewalk":"both","foot":"yes","bicycle":"no","cycleway:right":null,"access":null,"maxspeed":null,"destination:street":null,"surface":null,"oneway":null,"name":null,"lanes":null,"alt_name":null,"longitud_m":7.3756360819967206,"vertex_pos":-1,"vertex_index":1,"vertex_part":0,"vertex_part_index":1,"distance":7.3768106420336315,"angle":359.74171373205326,"id_nodo":163},"geometry":{"type":"Point","coordinates":[1060588.777738191420212,864897.144287699949928]}},
{"type":"Feature","properties":{"fid":164,"full_id":"w210460222","osm_id":"210460222","osm_type":"way","highway":"footway","ford":null,"width":null,"covered":null,"tunnel":null,"layer":null,"bridge":null,"disused:highway":null,"service":null,"noname":null,"motorroad":null,"smoothness":null,"motorcycle":null,"busway:right":null,"tactile_paving":null,"turn:lanes":null,"cycleway":null,"footway":null,"crossing":null,"lit":null,"motor_vehicle:conditional":null,"motor_vehicle":null,"horse":null,"operator":null,"emergency":null,"bus":null,"psv":null,"oneway:bicycle":null,"sidewalk":null,"foot":null,"bicycle":null,"cycleway:right":null,"access":null,"maxspeed":null,"destination:street":null,"surface":null,"oneway":null,"name":null,"lanes":null,"alt_name":null,"longitud_m":27.898357446167893,"vertex_pos":0,"vertex_index":0,"vertex_part":0,"vertex_part_index":0,"distance":0.0,"angle":11.535544303837659,"id_nodo":164},"geometry":{"type":"Point","coordinates":[1060338.556058714399114,864863.769884940353222]}},
{"type":"Feature","properties":{"fid":165,"full_id":"w210455332","osm_id":"210455332","osm_type":"way","highway":"service","ford":null,"width":null,"covered":null,"tunnel":null,"layer":null,"bridge":null,"disused:highway":null,"service":null,"noname":null,"motorroad":null,"smoothness":null,"motorcycle":null,"busway:right":null,"tactile_paving":null,"turn:lanes":null,"cycleway":null,"footway":null,"crossing":null,"lit":null,"motor_vehicle:conditional":null,"motor_vehicle":null,"horse":null,"operator":null,"emergency":null,"bus":null,"psv":null,"oneway:bicycle":null,"sidewalk":null,"foot":null,"bicycle":null,"cycleway:right":null,"access":"destination","maxspeed":null,"destination:street":null,"surface":null,"oneway":null,"name":null,"lanes":null,"alt_name":null,"longitud_m":12.783277818243448,"vertex_pos":-1,"vertex_index":1,"vertex_part":0,"vertex_part_index":1,"distance":12.785290450497936,"angle":118.07223892301985,"id_nodo":165},"geometry":{"type":"Point","coordinates":[1060489.357660029549152,864843.982195515418425]}},
{"type":"Feature","properties":{"fid":166,"full_id":"w906000328","osm_id":"906000328","osm_type":"way","highway":"footway","ford":null,"width":null,"covered":null,"tunnel":"building_passage","layer":null,"bridge":null,"disused:highway":null,"service":null,"noname":null,"motorroad":null,"smoothness":null,"motorcycle":null,"busway:right":null,"tactile_paving":null,"turn:lanes":null,"cycleway":null,"footway":null,"crossing":null,"lit":null,"motor_vehicle:conditional":null,"motor_vehicle":null,"horse":null,"operator":null,"emergency":null,"bus":null,"psv":null,"oneway:bicycle":null,"sidewalk":"both","foot":"yes","bicycle":"no","cycleway:right":null,"access":null,"maxspeed":null,"destination:street":null,"surface":null,"oneway":null,"name":null,"lanes":null,"alt_name":null,"longitud_m":7.3756360819967206,"vertex_pos":0,"vertex_index":0,"vertex_part":0,"vertex_part_index":0,"distance":0.0,"angle":359.74171373205326,"id_nodo":166},"geometry":{"type":"Point","coordinates":[1060588.810992341255769,864889.767552011995576]}},
{"type":"Feature","properties":{"fid":167,"full_id":"w210455330","osm_id":"210455330","osm_type":"way","highway":"footway","ford":null,"width":null,"covered":null,"tunnel":null,"layer":null,"bridge":null,"disused:highway":null,"service":null,"noname":null,"motorroad":null,"smoothness":null,"motorcycle":null,"busway:right":null,"tactile_paving":null,"turn:lanes":null,"cycleway":null,"footway":null,"crossing":null,"lit":null,"motor_vehicle:conditional":null,"motor_vehicle":null,"horse":null,"operator":null,"emergency":null,"bus":null,"psv":null,"oneway:bicycle":null,"sidewalk":"both","foot":"yes","bicycle":"no","cycleway:right":null,"access":null,"maxspeed":null,"destination:street":null,"surface":null,"oneway":null,"name":null,"lanes":null,"alt_name":null,"longitud_m":125.79750653239034,"vertex_pos":-1,"vertex_index":2,"vertex_part":0,"vertex_part_index":2,"distance":125.81745711441792,"angle":293.93970505705471,"id_nodo":167},"geometry":{"type":"Point","coordinates":[1060588.943937975447625,864854.399035503389314]}},
{"type":"Feature","properties":{"fid":168,"full_id":"w210455332","osm_id":"210455332","osm_type":"way","highway":"service","ford":null,"width":null,"covered":null,"tunnel":null,"layer":null,"bridge":null,"disused:highway":null,"service":null,"noname":null,"motorroad":null,"smoothness":null,"motorcycle":null,"busway:right":null,"tactile_paving":null,"turn:lanes":null,"cycleway":null,"footway":null,"crossing":null,"lit":null,"motor_vehicle:conditional":null,"motor_vehicle":null,"horse":null,"operator":null,"emergency":null,"bus":null,"psv":null,"oneway:bicycle":null,"sidewalk":null,"foot":null,"bicycle":null,"cycleway:right":null,"access":"destination","maxspeed":null,"destination:street":null,"surface":null,"oneway":null,"name":null,"lanes":null,"alt_name":null,"longitud_m":12.783277818243448,"vertex_pos":0,"vertex_index":0,"vertex_part":0,"vertex_part_index":0,"distance":0.0,"angle":118.07223892301985,"id_nodo":168},"geometry":{"type":"Point","coordinates":[1060478.076495353132486,864849.998753954190761]}},
{"type":"Feature","properties":{"fid":169,"full_id":"w803367490","osm_id":"803367490","osm_type":"way","highway":"service","ford":null,"width":null,"covered":null,"tunnel":null,"layer":null,"bridge":null,"disused:highway":null,"service":null,"noname":null,"motorroad":null,"smoothness":null,"motorcycle":null,"busway:right":null,"tactile_paving":null,"turn:lanes":null,"cycleway":null,"footway":null,"crossing":null,"lit":null,"motor_vehicle:conditional":null,"motor_vehicle":null,"horse":null,"operator":null,"emergency":null,"bus":null,"psv":null,"oneway:bicycle":null,"sidewalk":null,"foot":null,"bicycle":null,"cycleway:right":null,"access":"destination","maxspeed":null,"destination:street":null,"surface":null,"oneway":null,"name":"Vía Circunvalar Universitaria","lanes":null,"alt_name":null,"longitud_m":63.609611367789398,"vertex_pos":-1,"vertex_index":2,"vertex_part":0,"vertex_part_index":2,"distance":63.619737921244834,"angle":355.57510805896419,"id_nodo":169},"geometry":{"type":"Point","coordinates":[1060712.063377279788256,865204.698504154221155]}},
{"type":"Feature","properties":{"fid":170,"full_id":"w210545790","osm_id":"210545790","osm_type":"way","highway":"service","ford":null,"width":null,"covered":null,"tunnel":null,"layer":null,"bridge":null,"disused:highway":null,"service":null,"noname":null,"motorroad":null,"smoothness":null,"motorcycle":null,"busway:right":null,"tactile_paving":null,"turn:lanes":null,"cycleway":null,"footway":null,"crossing":null,"lit":null,"motor_vehicle:conditional":null,"motor_vehicle":null,"horse":null,"operator":null,"emergency":null,"bus":null,"psv":null,"oneway:bicycle":null,"sidewalk":"both","foot":"yes","bicycle":null,"cycleway:right":null,"access":"destination","maxspeed":"20","destination:street":null,"surface":null,"oneway":"no","name":null,"lanes":null,"alt_name":null,"longitud_m":231.21928973043427,"vertex_pos":-1,"vertex_index":1,"vertex_part":0,"vertex_part_index":1,"distance":231.25611821667562,"angle":181.12709369808729,"id_nodo":170},"geometry":{"type":"Point","coordinates":[1060487.309050206327811,864572.989502415293828]}},
{"type":"Feature","properties":{"fid":171,"full_id":"w800522570","osm_id":"800522570","osm_type":"way","highway":"path","ford":null,"width":null,"covered":null,"tunnel":null,"layer":null,"bridge":null,"disused:highway":null,"service":null,"noname":null,"motorroad":null,"smoothness":null,"motorcycle":null,"busway:right":null,"tactile_paving":null,"turn:lanes":null,"cycleway":null,"footway":null,"crossing":null,"lit":null,"motor_vehicle:conditional":null,"motor_vehicle":null,"horse":null,"operator":null,"emergency":null,"bus":null,"psv":null,"oneway:bicycle":null,"sidewalk":null,"foot":null,"bicycle":null,"cycleway:right":null,"access":null,"maxspeed":null,"destination:street":null,"surface":null,"oneway":null,"name":null,"lanes":null,"alt_name":null,"longitud_m":16.215375259470996,"vertex_pos":-1,"vertex_index":1,"vertex_part":0,"vertex_part_index":1,"distance":16.217917978200806,"angle":273.1282662670298,"id_nodo":171},"geometry":{"type":"Point","coordinates":[1060130.035822029225528,865502.563044350594282]}},
{"type":"Feature","properties":{"fid":172,"full_id":"w210545681","osm_id":"210545681","osm_type":"way","highway":"footway","ford":null,"width":null,"covered":null,"tunnel":null,"layer":null,"bridge":null,"disused:highway":null,"service":null,"noname":null,"motorroad":null,"smoothness":null,"motorcycle":null,"busway:right":null,"tactile_paving":null,"turn:lanes":null,"cycleway":null,"footway":null,"crossing":null,"lit":null,"motor_vehicle:conditional":null,"motor_vehicle":null,"horse":null,"operator":null,"emergency":null,"bus":null,"psv":null,"oneway:bicycle":null,"sidewalk":"both","foot":"yes","bicycle":"dismount","cycleway:right":null,"access":null,"maxspeed":null,"destination:street":null,"surface":null,"oneway":null,"name":null,"lanes":null,"alt_name":null,"longitud_m":233.97688439047684,"vertex_pos":-1,"vertex_index":2,"vertex_part":0,"vertex_part_index":2,"distance":234.01415183352594,"angle":1.3908216412119145,"id_nodo":172},"geometry":{"type":"Point","coordinates":[1060486.33402507356368,864806.943725370103493]}},
{"type":"Feature","properties":{"fid":173,"full_id":"w800865001","osm_id":"800865001","osm_type":"way","highway":"service","ford":null,"width":null,"covered":null,"tunnel":null,"layer":null,"bridge":null,"disused:highway":null,"service":null,"noname":null,"motorroad":null,"smoothness":null,"motorcycle":null,"busway:right":null,"tactile_paving":null,"turn:lanes":null,"cycleway":null,"footway":null,"crossing":null,"lit":null,"motor_vehicle:conditional":null,"motor_vehicle":null,"horse":null,"operator":null,"emergency":null,"bus":null,"psv":null,"oneway:bicycle":null,"sidewalk":null,"foot":null,"bicycle":null,"cycleway:right":null,"access":"destination","maxspeed":null,"destination:street":null,"surface":"ground","oneway":null,"name":null,"lanes":null,"alt_name":null,"longitud_m":42.395656891818888,"vertex_pos":0,"vertex_index":0,"vertex_part":0,"vertex_part_index":0,"distance":0.0,"angle":0.015965698870046393,"id_nodo":173},"geometry":{"type":"Point","coordinates":[1060113.305402425117791,865311.487079950631596]}},
{"type":"Feature","properties":{"fid":174,"full_id":"w210545790","osm_id":"210545790","osm_type":"way","highway":"service","ford":null,"width":null,"covered":null,"tunnel":null,"layer":null,"bridge":null,"disused:highway":null,"service":null,"noname":null,"motorroad":null,"smoothness":null,"motorcycle":null,"busway:right":null,"tactile_paving":null,"turn:lanes":null,"cycleway":null,"footway":null,"crossing":null,"lit":null,"motor_vehicle:conditional":null,"motor_vehicle":null,"horse":null,"operator":null,"emergency":null,"bus":null,"psv":null,"oneway:bicycle":null,"sidewalk":"both","foot":"yes","bicycle":null,"cycleway:right":null,"access":"destination","maxspeed":"20","destination:street":null,"surface":null,"oneway":"no","name":null,"lanes":null,"alt_name":null,"longitud_m":231.21928973043427,"vertex_pos":0,"vertex_index":0,"vertex_part":0,"vertex_part_index":0,"distance":0.0,"angle":181.12709369808729,"id_nodo":174},"geometry":{"type":"Point","coordinates":[1060491.85791062284261,864804.200877744355239]}},
{"type":"Feature","properties":{"fid":175,"full_id":"w800522570","osm_id":"800522570","osm_type":"way","highway":"path","ford":null,"width":null,"covered":null,"tunnel":null,"layer":null,"bridge":null,"disused:highway":null,"service":null,"noname":null,"motorroad":null,"smoothness":null,"motorcycle":null,"busway:right":null,"tactile_paving":null,"turn:lanes":null,"cycleway":null,"footway":null,"crossing":null,"lit":null,"motor_vehicle:conditional":null,"motor_vehicle":null,"horse":null,"operator":null,"emergency":null,"bus":null,"psv":null,"oneway:bicycle":null,"sidewalk":null,"foot":null,"bicycle":null,"cycleway:right":null,"access":null,"maxspeed":null,"destination:street":null,"surface":null,"oneway":null,"name":null,"lanes":null,"alt_name":null,"longitud_m":254.57055101176871,"vertex_pos":-1,"vertex_index":11,"vertex_part":0,"vertex_part_index":11,"distance":254.61047424588517,"angle":273.05369182160803,"id_nodo":175},"geometry":{"type":"Point","coordinates":[1060146.229573194868863,865501.678009473951533]}},
{"type":"Feature","properties":{"fid":176,"full_id":"w210545681","osm_id":"210545681","osm_type":"way","highway":"footway","ford":null,"width":null,"covered":null,"tunnel":null,"layer":null,"bridge":null,"disused:highway":null,"service":null,"noname":null,"motorroad":null,"smoothness":null,"motorcycle":null,"busway:right":null,"tactile_paving":null,"turn:lanes":null,"cycleway":null,"footway":null,"crossing":null,"lit":null,"motor_vehicle:conditional":null,"motor_vehicle":null,"horse":null,"operator":null,"emergency":null,"bus":null,"psv":null,"oneway:bicycle":null,"sidewalk":"both","foot":"yes","bicycle":"dismount","cycleway:right":null,"access":null,"maxspeed":null,"destination:street":null,"surface":null,"oneway":null,"name":null,"lanes":null,"alt_name":null,"longitud_m":6.0787078127039207,"vertex_pos":-1,"vertex_index":1,"vertex_part":0,"vertex_part_index":1,"distance":6.0796608667184371,"angle":270.0007648713156,"id_nodo":176},"geometry":{"type":"Point","coordinates":[1060481.229389340151101,864572.989583575865254]}},
{"type":"Feature","properties":{"fid":177,"full_id":"w800522570","osm_id":"800522570","osm_type":"way","highway":"path","ford":null,"width":null,"covered":null,"tunnel":null,"layer":null,"bridge":null,"disused:highway":null,"service":null,"noname":null,"motorroad":null,"smoothness":null,"motorcycle":null,"busway:right":null,"tactile_paving":null,"turn:lanes":null,"cycleway":null,"footway":null,"crossing":null,"lit":null,"motor_vehicle:conditional":null,"motor_vehicle":null,"horse":null,"operator":null,"emergency":null,"bus":null,"psv":null,"oneway:bicycle":null,"sidewalk":null,"foot":null,"bicycle":null,"cycleway:right":null,"access":null,"maxspeed":null,"destination:street":null,"surface":null,"oneway":null,"name":null,"lanes":null,"alt_name":null,"longitud_m":166.10937073855149,"vertex_pos":-1,"vertex_index":8,"vertex_part":0,"vertex_part_index":8,"distance":166.13542243144016,"angle":266.53059261966604,"id_nodo":177},"geometry":{"type":"Point","coordinates":[1060399.183405919466168,865492.859648322570138]}},
{"type":"Feature","properties":{"fid":178,"full_id":"w210460223","osm_id":"210460223","osm_type":"way","highway":"service","ford":null,"width":null,"covered":null,"tunnel":null,"layer":null,"bridge":null,"disused:highway":null,"service":null,"noname":null,"motorroad":null,"smoothness":null,"motorcycle":null,"busway:right":null,"tactile_paving":null,"turn:lanes":null,"cycleway":null,"footway":null,"crossing":null,"lit":null,"motor_vehicle:conditional":null,"motor_vehicle":null,"horse":null,"operator":null,"emergency":null,"bus":null,"psv":null,"oneway:bicycle":null,"sidewalk":null,"foot":null,"bicycle":null,"cycleway:right":null,"access":null,"maxspeed":null,"destination:street":null,"surface":null,"oneway":"yes","name":null,"lanes":null,"alt_name":null,"longitud_m":14.43466010421259,"vertex_pos":-1,"vertex_index":5,"vertex_part":0,"vertex_part_index":5,"distance":14.436942966045372,"angle":164.77021317098826,"id_nodo":178},"geometry":{"type":"Point","coordinates":[1060827.704003957565874,864636.854549098643474]}},
{"type":"Feature","properties":{"fid":179,"full_id":"w800522570","osm_id":"800522570","osm_type":"way","highway":"path","ford":null,"width":null,"covered":null,"tunnel":null,"layer":null,"bridge":null,"disused:highway":null,"service":null,"noname":null,"motorroad":null,"smoothness":null,"motorcycle":null,"busway:right":null,"tactile_paving":null,"turn:lanes":null,"cycleway":null,"footway":null,"crossing":null,"lit":null,"motor_vehicle:conditional":null,"motor_vehicle":null,"horse":null,"operator":null,"emergency":null,"bus":null,"psv":null,"oneway:bicycle":null,"sidewalk":null,"foot":null,"bicycle":null,"cycleway:right":null,"access":null,"maxspeed":null,"destination:street":null,"surface":null,"oneway":null,"name":null,"lanes":null,"alt_name":null,"longitud_m":34.007064038320003,"vertex_pos":-1,"vertex_index":3,"vertex_part":0,"vertex_part_index":3,"distance":34.012436797004824,"angle":281.48841434028333,"id_nodo":179},"geometry":{"type":"Point","coordinates":[1060564.17740485817194,865480.957341019180603]}},
{"type":"Feature","properties":{"fid":180,"full_id":"w210441122","osm_id":"210441122","osm_type":"way","highway":"pedestrian","ford":null,"width":null,"covered":null,"tunnel":null,"layer":null,"bridge":null,"disused:highway":null,"service":null,"noname":null,"motorroad":null,"smoothness":null,"motorcycle":null,"busway:right":null,"tactile_paving":null,"turn:lanes":null,"cycleway":null,"footway":null,"crossing":null,"lit":null,"motor_vehicle:conditional":null,"motor_vehicle":"no","horse":"no","operator":null,"emergency":null,"bus":null,"psv":null,"oneway:bicycle":null,"sidewalk":"both","foot":"yes","bicycle":"no","cycleway:right":null,"access":null,"maxspeed":null,"destination:street":null,"surface":null,"oneway":null,"name":null,"lanes":null,"alt_name":null,"longitud_m":120.53016082371997,"vertex_pos":-1,"vertex_index":1,"vertex_part":0,"vertex_part_index":1,"distance":120.54935168993786,"angle":0.016658142107313253,"id_nodo":180},"geometry":{"type":"Point","coordinates":[1060370.613669814774767,865098.862763782497495]}},
{"type":"Feature","properties":{"fid":181,"full_id":"w210455329","osm_id":"210455329","osm_type":"way","highway":"service","ford":null,"width":null,"covered":null,"tunnel":null,"layer":null,"bridge":null,"disused:highway":null,"service":null,"noname":null,"motorroad":null,"smoothness":null,"motorcycle":null,"busway:right":null,"tactile_paving":null,"turn:lanes":null,"cycleway":null,"footway":null,"crossing":null,"lit":null,"motor_vehicle:conditional":null,"motor_vehicle":null,"horse":null,"operator":null,"emergency":null,"bus":null,"psv":null,"oneway:bicycle":null,"sidewalk":null,"foot":null,"bicycle":null,"cycleway:right":null,"access":"destination","maxspeed":null,"destination:street":null,"surface":null,"oneway":null,"name":null,"lanes":null,"alt_name":null,"longitud_m":14.131739111621069,"vertex_pos":0,"vertex_index":0,"vertex_part":0,"vertex_part_index":0,"distance":0.0,"angle":28.511674109652041,"id_nodo":181},"geometry":{"type":"Point","coordinates":[1060460.415117585100234,864820.149204352754168]}},
{"type":"Feature","properties":{"fid":182,"full_id":"w803367486","osm_id":"803367486","osm_type":"way","highway":"service","ford":null,"width":null,"covered":null,"tunnel":null,"layer":null,"bridge":null,"disused:highway":null,"service":null,"noname":null,"motorroad":null,"smoothness":null,"motorcycle":null,"busway:right":null,"tactile_paving":null,"turn:lanes":null,"cycleway":null,"footway":null,"crossing":null,"lit":null,"motor_vehicle:conditional":null,"motor_vehicle":null,"horse":null,"operator":null,"emergency":null,"bus":null,"psv":null,"oneway:bicycle":null,"sidewalk":null,"foot":null,"bicycle":null,"cycleway:right":null,"access":"destination","maxspeed":null,"destination:street":null,"surface":"ground","oneway":null,"name":null,"lanes":null,"alt_name":null,"longitud_m":42.028325974970343,"vertex_pos":-1,"vertex_index":3,"vertex_part":0,"vertex_part_index":3,"distance":42.035008799053152,"angle":45.0163536984833,"id_nodo":182},"geometry":{"type":"Point","coordinates":[1060056.711908159311861,865395.120540478965268]}},
{"type":"Feature","properties":{"fid":183,"full_id":"w210440821","osm_id":"210440821","osm_type":"way","highway":"service","ford":null,"width":null,"covered":null,"tunnel":null,"layer":null,"bridge":null,"disused:highway":null,"service":null,"noname":null,"motorroad":null,"smoothness":null,"motorcycle":null,"busway:right":null,"tactile_paving":null,"turn:lanes":null,"cycleway":null,"footway":null,"crossing":null,"lit":null,"motor_vehicle:conditional":null,"motor_vehicle":null,"horse":null,"operator":null,"emergency":null,"bus":null,"psv":null,"oneway:bicycle":null,"sidewalk":null,"foot":null,"bicycle":null,"cycleway:right":null,"access":"destination","maxspeed":null,"destination:street":null,"surface":null,"oneway":null,"name":null,"lanes":null,"alt_name":null,"longitud_m":11.64281903274567,"vertex_pos":-1,"vertex_index":2,"vertex_part":0,"vertex_part_index":2,"distance":11.644673255550057,"angle":174.41438727706426,"id_nodo":183},"geometry":{"type":"Point","coordinates":[1060347.291914135217667,864852.599587819422595]}},
{"type":"Feature","properties":{"fid":184,"full_id":"w803367487","osm_id":"803367487","osm_type":"way","highway":"service","ford":null,"width":null,"covered":null,"tunnel":null,"layer":null,"bridge":null,"disused:highway":null,"service":null,"noname":null,"motorroad":null,"smoothness":null,"motorcycle":null,"busway:right":null,"tactile_paving":null,"turn:lanes":null,"cycleway":null,"footway":null,"crossing":null,"lit":null,"motor_vehicle:conditional":null,"motor_vehicle":null,"horse":null,"operator":null,"emergency":null,"bus":null,"psv":null,"oneway:bicycle":null,"sidewalk":null,"foot":null,"bicycle":null,"cycleway:right":null,"access":"destination","maxspeed":null,"destination:street":null,"surface":null,"oneway":null,"name":null,"lanes":null,"alt_name":null,"longitud_m":17.329834186152237,"vertex_pos":0,"vertex_index":0,"vertex_part":0,"vertex_part_index":0,"distance":0.0,"angle":87.987921394568502,"id_nodo":184},"geometry":{"type":"Point","coordinates":[1060153.428663030732423,865311.220981826307252]}},
{"type":"Feature","properties":{"fid":185,"full_id":"w210441122","osm_id":"210441122","osm_type":"way","highway":"pedestrian","ford":null,"width":null,"covered":null,"tunnel":null,"layer":null,"bridge":null,"disused:highway":null,"service":null,"noname":null,"motorroad":null,"smoothness":null,"motorcycle":null,"busway:right":null,"tactile_paving":null,"turn:lanes":null,"cycleway":null,"footway":null,"crossing":null,"lit":null,"motor_vehicle:conditional":null,"motor_vehicle":"no","horse":"no","operator":null,"emergency":null,"bus":null,"psv":null,"oneway:bicycle":null,"sidewalk":"both","foot":"yes","bicycle":"no","cycleway:right":null,"access":null,"maxspeed":null,"destination:street":null,"surface":null,"oneway":null,"name":null,"lanes":null,"alt_name":null,"longitud_m":120.53016082371997,"vertex_pos":0,"vertex_index":0,"vertex_part":0,"vertex_part_index":0,"distance":0.0,"angle":0.016658142107313253,"id_nodo":185},"geometry":{"type":"Point","coordinates":[1060370.57862136582844,864978.313417187542655]}},
{"type":"Feature","properties":{"fid":186,"full_id":"w803367486","osm_id":"803367486","osm_type":"way","highway":"service","ford":null,"width":null,"covered":null,"tunnel":null,"layer":null,"bridge":null,"disused:highway":null,"service":null,"noname":null,"motorroad":null,"smoothness":null,"motorcycle":null,"busway:right":null,"tactile_paving":null,"turn:lanes":null,"cycleway":null,"footway":null,"crossing":null,"lit":null,"motor_vehicle:conditional":null,"motor_vehicle":null,"horse":null,"operator":null,"emergency":null,"bus":null,"psv":null,"oneway:bicycle":null,"sidewalk":null,"foot":null,"bicycle":null,"cycleway:right":null,"access":"destination","maxspeed":null,"destination:street":null,"surface":"ground","oneway":null,"name":null,"lanes":null,"alt_name":null,"longitud_m":40.586370898387919,"vertex_pos":-1,"vertex_index":3,"vertex_part":0,"vertex_part_index":3,"distance":40.592827115156524,"angle":359.86425628426042,"id_nodo":186},"geometry":{"type":"Point","coordinates":[1060052.309880825690925,865354.332911382778548]}},
{"type":"Feature","properties":{"fid":187,"full_id":"w210440820","osm_id":"210440820","osm_type":"way","highway":"service","ford":null,"width":null,"covered":null,"tunnel":null,"layer":null,"bridge":null,"disused:highway":null,"service":null,"noname":null,"motorroad":null,"smoothness":null,"motorcycle":null,"busway:right":null,"tactile_paving":null,"turn:lanes":null,"cycleway":null,"footway":null,"crossing":null,"lit":null,"motor_vehicle:conditional":null,"motor_vehicle":null,"horse":null,"operator":null,"emergency":null,"bus":null,"psv":null,"oneway:bicycle":null,"sidewalk":null,"foot":null,"bicycle":null,"cycleway:right":"lane","access":"destination","maxspeed":null,"destination:street":null,"surface":null,"oneway":"yes","name":null,"lanes":null,"alt_name":null,"longitud_m":5.0929644414066333,"vertex_pos":-1,"vertex_index":1,"vertex_part":0,"vertex_part_index":1,"distance":5.0937755631085855,"angle":172.8563656648634,"id_nodo":187},"geometry":{"type":"Point","coordinates":[1060173.926964480662718,864815.674353058449924]}},
{"type":"Feature","properties":{"fid":188,"full_id":"w210440821","osm_id":"210440821","osm_type":"way","highway":"service","ford":null,"width":null,"covered":null,"tunnel":null,"layer":null,"bridge":null,"disused:highway":null,"service":null,"noname":null,"motorroad":null,"smoothness":null,"motorcycle":null,"busway:right":null,"tactile_paving":null,"turn:lanes":null,"cycleway":null,"footway":null,"crossing":null,"lit":null,"motor_vehicle:conditional":null,"motor_vehicle":null,"horse":null,"operator":null,"emergency":null,"bus":null,"psv":null,"oneway:bicycle":null,"sidewalk":null,"foot":null,"bicycle":null,"cycleway:right":null,"access":"destination","maxspeed":null,"destination:street":null,"surface":null,"oneway":null,"name":null,"lanes":null,"alt_name":null,"longitud_m":11.64281903274567,"vertex_pos":0,"vertex_index":0,"vertex_part":0,"vertex_part_index":0,"distance":0.0,"angle":174.52325305728405,"id_nodo":188},"geometry":{"type":"Point","coordinates":[1060346.169513573637232,864864.190036897081882]}},
{"type":"Feature","properties":{"fid":189,"full_id":"w800865001","osm_id":"800865001","osm_type":"way","highway":"service","ford":null,"width":null,"covered":null,"tunnel":null,"layer":null,"bridge":null,"disused:highway":null,"service":null,"noname":null,"motorroad":null,"smoothness":null,"motorcycle":null,"busway:right":null,"tactile_paving":null,"turn:lanes":null,"cycleway":null,"footway":null,"crossing":null,"lit":null,"motor_vehicle:conditional":null,"motor_vehicle":null,"horse":null,"operator":null,"emergency":null,"bus":null,"psv":null,"oneway:bicycle":null,"sidewalk":null,"foot":null,"bicycle":null,"cycleway:right":null,"access":"destination","maxspeed":null,"destination:street":null,"surface":"ground","oneway":null,"name":null,"lanes":null,"alt_name":null,"longitud_m":42.462148065337814,"vertex_pos":-1,"vertex_index":1,"vertex_part":0,"vertex_part_index":1,"distance":42.468906210229676,"angle":0.15089552212838583,"id_nodo":189},"geometry":{"type":"Point","coordinates":[1060113.429065013304353,865396.358242054469883]}},
{"type":"Feature","properties":{"fid":190,"full_id":"w210436304","osm_id":"210436304","osm_type":"way","highway":"footway","ford":null,"width":null,"covered":null,"tunnel":null,"layer":null,"bridge":null,"disused:highway":null,"service":null,"noname":null,"motorroad":null,"smoothness":null,"motorcycle":null,"busway:right":null,"tactile_paving":null,"turn:lanes":null,"cycleway":null,"footway":null,"crossing":null,"lit":null,"motor_vehicle:conditional":null,"motor_vehicle":null,"horse":null,"operator":null,"emergency":null,"bus":null,"psv":null,"oneway:bicycle":null,"sidewalk":null,"foot":"yes","bicycle":"dismount","cycleway:right":null,"access":null,"maxspeed":null,"destination:street":null,"surface":null,"oneway":null,"name":null,"lanes":null,"alt_name":null,"longitud_m":30.81409555004555,"vertex_pos":-1,"vertex_index":3,"vertex_part":0,"vertex_part_index":3,"distance":30.81898435721391,"angle":357.26572541847145,"id_nodo":190},"geometry":{"type":"Point","coordinates":[1060347.353361909743398,865261.770613953587599]}},
{"type":"Feature","properties":{"fid":191,"full_id":"w803367486","osm_id":"803367486","osm_type":"way","highway":"service","ford":null,"width":null,"covered":null,"tunnel":null,"layer":null,"bridge":null,"disused:highway":null,"service":null,"noname":null,"motorroad":null,"smoothness":null,"motorcycle":null,"busway:right":null,"tactile_paving":null,"turn:lanes":null,"cycleway":null,"footway":null,"crossing":null,"lit":null,"motor_vehicle:conditional":null,"motor_vehicle":null,"horse":null,"operator":null,"emergency":null,"bus":null,"psv":null,"oneway:bicycle":null,"sidewalk":null,"foot":null,"bicycle":null,"cycleway:right":null,"access":"destination","maxspeed":null,"destination:street":null,"surface":"ground","oneway":null,"name":null,"lanes":null,"alt_name":null,"longitud_m":40.586370898387919,"vertex_pos":0,"vertex_index":0,"vertex_part":0,"vertex_part_index":0,"distance":0.0,"angle":320.35174190444047,"id_nodo":191},"geometry":{"type":"Point","coordinates":[1060056.188158325618133,865314.850167817668989]}},
{"type":"Feature","properties":{"fid":192,"full_id":"w210440820","osm_id":"210440820","osm_type":"way","highway":"service","ford":null,"width":null,"covered":null,"tunnel":null,"layer":null,"bridge":null,"disused:highway":null,"service":null,"noname":null,"motorroad":null,"smoothness":null,"motorcycle":null,"busway:right":null,"tactile_paving":null,"turn:lanes":null,"cycleway":null,"footway":null,"crossing":null,"lit":null,"motor_vehicle:conditional":null,"motor_vehicle":null,"horse":null,"operator":null,"emergency":null,"bus":null,"psv":null,"oneway:bicycle":null,"sidewalk":null,"foot":null,"bicycle":null,"cycleway:right":"lane","access":"destination","maxspeed":null,"destination:street":null,"surface":null,"oneway":"yes","name":null,"lanes":null,"alt_name":null,"longitud_m":5.0929644414066333,"vertex_pos":0,"vertex_index":0,"vertex_part":0,"vertex_part_index":0,"distance":0.0,"angle":172.8563656648634,"id_nodo":192},"geometry":{"type":"Point","coordinates":[1060173.293516997946426,864820.72858828981407]}},
{"type":"Feature","properties":{"fid":193,"full_id":"w800865001","osm_id":"800865001","osm_type":"way","highway":"service","ford":null,"width":null,"covered":null,"tunnel":null,"layer":null,"bridge":null,"disused:highway":null,"service":null,"noname":null,"motorroad":null,"smoothness":null,"motorcycle":null,"busway:right":null,"tactile_paving":null,"turn:lanes":null,"cycleway":null,"footway":null,"crossing":null,"lit":null,"motor_vehicle:conditional":null,"motor_vehicle":null,"horse":null,"operator":null,"emergency":null,"bus":null,"psv":null,"oneway:bicycle":null,"sidewalk":null,"foot":null,"bicycle":null,"cycleway:right":null,"access":"destination","maxspeed":null,"destination:street":null,"surface":"ground","oneway":null,"name":null,"lanes":null,"alt_name":null,"longitud_m":42.395656891818888,"vertex_pos":-1,"vertex_index":1,"vertex_part":0,"vertex_part_index":1,"distance":42.402404821364549,"angle":0.015965698870046393,"id_nodo":193},"geometry":{"type":"Point","coordinates":[1060113.31721802521497,865353.889483125763945]}},
{"type":"Feature","properties":{"fid":194,"full_id":"w210455329","osm_id":"210455329","osm_type":"way","highway":"service","ford":null,"width":null,"covered":null,"tunnel":null,"layer":null,"bridge":null,"disused:highway":null,"service":null,"noname":null,"motorroad":null,"smoothness":null,"motorcycle":null,"busway:right":null,"tactile_paving":null,"turn:lanes":null,"cycleway":null,"footway":null,"crossing":null,"lit":null,"motor_vehicle:conditional":null,"motor_vehicle":null,"horse":null,"operator":null,"emergency":null,"bus":null,"psv":null,"oneway:bicycle":null,"sidewalk":null,"foot":null,"bicycle":null,"cycleway:right":null,"access":"destination","maxspeed":null,"destination:street":null,"surface":null,"oneway":null,"name":null,"lanes":null,"alt_name":null,"longitud_m":17.569306062477878,"vertex_pos":-1,"vertex_index":3,"vertex_part":0,"vertex_part_index":3,"distance":17.572102041186163,"angle":320.8834306018972,"id_nodo":194},"geometry":{"type":"Point","coordinates":[1060481.489724109880626,864931.563060067710467]}},
{"type":"Feature","properties":{"fid":195,"full_id":"w50772689","osm_id":"50772689","osm_type":"way","highway":"service","ford":null,"width":null,"covered":null,"tunnel":null,"layer":null,"bridge":null,"disused:highway":null,"service":null,"noname":null,"motorroad":null,"smoothness":null,"motorcycle":null,"busway:right":null,"tactile_paving":null,"turn:lanes":null,"cycleway":null,"footway":null,"crossing":null,"lit":null,"motor_vehicle:conditional":null,"motor_vehicle":null,"horse":null,"operator":null,"emergency":null,"bus":null,"psv":null,"oneway:bicycle":null,"sidewalk":null,"foot":null,"bicycle":null,"cycleway:right":null,"access":"destination","maxspeed":null,"destination:street":null,"surface":null,"oneway":null,"name":"Vía Circunvalar Universitaria","lanes":null,"alt_name":null,"longitud_m":15.738300004825009,"vertex_pos":-1,"vertex_index":1,"vertex_part":0,"vertex_part_index":1,"distance":15.740767431957888,"angle":266.77858834107724,"id_nodo":195},"geometry":{"type":"Point","coordinates":[1060411.828146274201572,865237.726177633157931]}},
{"type":"Feature","properties":{"fid":196,"full_id":"w54580894","osm_id":"54580894","osm_type":"way","highway":"service","ford":null,"width":null,"covered":null,"tunnel":null,"layer":null,"bridge":null,"disused:highway":null,"service":null,"noname":null,"motorroad":null,"smoothness":null,"motorcycle":null,"busway:right":null,"tactile_paving":null,"turn:lanes":null,"cycleway":null,"footway":null,"crossing":null,"lit":null,"motor_vehicle:conditional":null,"motor_vehicle":null,"horse":null,"operator":null,"emergency":null,"bus":null,"psv":null,"oneway:bicycle":null,"sidewalk":null,"foot":null,"bicycle":null,"cycleway:right":null,"access":"destination","maxspeed":"20","destination:street":null,"surface":null,"oneway":"no","name":null,"lanes":null,"alt_name":null,"longitud_m":174.85071009069935,"vertex_pos":0,"vertex_index":0,"vertex_part":0,"vertex_part_index":0,"distance":0.0,"angle":346.57833996633423,"id_nodo":196},"geometry":{"type":"Point","coordinates":[1060625.204791078809649,865301.658790310611948]}},
{"type":"Feature","properties":{"fid":197,"full_id":"w50772689","osm_id":"50772689","osm_type":"way","highway":"service","ford":null,"width":null,"covered":null,"tunnel":null,"layer":null,"bridge":null,"disused:highway":null,"service":null,"noname":null,"motorroad":null,"smoothness":null,"motorcycle":null,"busway:right":null,"tactile_paving":null,"turn:lanes":null,"cycleway":null,"footway":null,"crossing":null,"lit":null,"motor_vehicle:conditional":null,"motor_vehicle":null,"horse":null,"operator":null,"emergency":null,"bus":null,"psv":null,"oneway:bicycle":null,"sidewalk":null,"foot":null,"bicycle":null,"cycleway:right":null,"access":"destination","maxspeed":null,"destination:street":null,"surface":null,"oneway":null,"name":"Vía Circunvalar Universitaria","lanes":null,"alt_name":null,"longitud_m":61.726593814263289,"vertex_pos":-1,"vertex_index":3,"vertex_part":0,"vertex_part_index":3,"distance":61.736291494946009,"angle":264.72174519106289,"id_nodo":197},"geometry":{"type":"Point","coordinates":[1060427.544040676672012,865238.610724114347249]}},
{"type":"Feature","properties":{"fid":198,"full_id":"w800520152","osm_id":"800520152","osm_type":"way","highway":"footway","ford":null,"width":null,"covered":null,"tunnel":null,"layer":null,"bridge":null,"disused:highway":null,"service":null,"noname":null,"motorroad":null,"smoothness":null,"motorcycle":null,"busway:right":null,"tactile_paving":null,"turn:lanes":null,"cycleway":null,"footway":null,"crossing":null,"lit":null,"motor_vehicle:conditional":null,"motor_vehicle":null,"horse":null,"operator":null,"emergency":null,"bus":null,"psv":null,"oneway:bicycle":null,"sidewalk":null,"foot":null,"bicycle":null,"cycleway:right":null,"access":null,"maxspeed":null,"destination:street":null,"surface":"ground","oneway":null,"name":null,"lanes":null,"alt_name":null,"longitud_m":29.25599068756085,"vertex_pos":-1,"vertex_index":4,"vertex_part":0,"vertex_part_index":4,"distance":29.260638333597736,"angle":353.73575521409555,"id_nodo":198},"geometry":{"type":"Point","coordinates":[1060115.33778070891276,865216.341538106906228]}},
{"type":"Feature","properties":{"fid":199,"full_id":"w50772689","osm_id":"50772689","osm_type":"way","highway":"service","ford":null,"width":null,"covered":null,"tunnel":null,"layer":null,"bridge":null,"disused:highway":null,"service":null,"noname":null,"motorroad":null,"smoothness":null,"motorcycle":null,"busway:right":null,"tactile_paving":null,"turn:lanes":null,"cycleway":null,"footway":null,"crossing":null,"lit":null,"motor_vehicle:conditional":null,"motor_vehicle":null,"horse":null,"operator":null,"emergency":null,"bus":null,"psv":null,"oneway:bicycle":null,"sidewalk":null,"foot":null,"bicycle":null,"cycleway:right":null,"access":"destination","maxspeed":null,"destination:street":null,"surface":null,"oneway":null,"name":"Vía Circunvalar Universitaria","lanes":null,"alt_name":null,"longitud_m":149.72619901575652,"vertex_pos":-1,"vertex_index":5,"vertex_part":0,"vertex_part_index":5,"distance":149.74970315910417,"angle":244.90878513274032,"id_nodo":199},"geometry":{"type":"Point","coordinates":[1060483.683624076424167,865262.885722527746111]}},
{"type":"Feature","properties":{"fid":200,"full_id":"w50772688","osm_id":"50772688","osm_type":"way","highway":"footway","ford":null,"width":null,"covered":null,"tunnel":null,"layer":null,"bridge":null,"disused:highway":null,"service":null,"noname":null,"motorroad":null,"smoothness":null,"motorcycle":null,"busway:right":null,"tactile_paving":null,"turn:lanes":null,"cycleway":null,"footway":null,"crossing":null,"lit":null,"motor_vehicle:conditional":null,"motor_vehicle":null,"horse":null,"operator":null,"emergency":null,"bus":null,"psv":null,"oneway:bicycle":null,"sidewalk":"both","foot":"yes","bicycle":"no","cycleway:right":null,"access":null,"maxspeed":null,"destination:street":null,"surface":null,"oneway":null,"name":null,"lanes":null,"alt_name":null,"longitud_m":156.96375406662156,"vertex_pos":-1,"vertex_index":1,"vertex_part":0,"vertex_part_index":1,"distance":156.9883633218567,"angle":89.46001751841689,"id_nodo":200},"geometry":{"type":"Point","coordinates":[1060308.304018598748371,864978.878371787024662]}},
{"type":"Feature","properties":{"fid":201,"full_id":"w800520152","osm_id":"800520152","osm_type":"way","highway":"footway","ford":null,"width":null,"covered":null,"tunnel":null,"layer":null,"bridge":null,"disused:highway":null,"service":null,"noname":null,"motorroad":null,"smoothness":null,"motorcycle":null,"busway:right":null,"tactile_paving":null,"turn:lanes":null,"cycleway":null,"footway":null,"crossing":null,"lit":null,"motor_vehicle:conditional":null,"motor_vehicle":null,"horse":null,"operator":null,"emergency":null,"bus":null,"psv":null,"oneway:bicycle":null,"sidewalk":null,"foot":null,"bicycle":null,"cycleway:right":null,"access":null,"maxspeed":null,"destination:street":null,"surface":"ground","oneway":null,"name":null,"lanes":null,"alt_name":null,"longitud_m":29.25599068756085,"vertex_pos":0,"vertex_index":0,"vertex_part":0,"vertex_part_index":0,"distance":0.0,"angle":327.34726623186168,"id_nodo":201},"geometry":{"type":"Point","coordinates":[1060126.807498842710629,865189.94214465841651]}},
{"type":"Feature","properties":{"fid":202,"full_id":"w177767381","osm_id":"177767381","osm_type":"way","highway":"tertiary","ford":null,"width":null,"covered":null,"tunnel":null,"layer":null,"bridge":null,"disused:highway":null,"service":null,"noname":null,"motorroad":null,"smoothness":null,"motorcycle":null,"busway:right":null,"tactile_paving":null,"turn:lanes":null,"cycleway":null,"footway":null,"crossing":null,"lit":null,"motor_vehicle:conditional":null,"motor_vehicle":null,"horse":null,"operator":null,"emergency":null,"bus":null,"psv":null,"oneway:bicycle":"yes","sidewalk":null,"foot":null,"bicycle":null,"cycleway:right":"lane","access":null,"maxspeed":null,"destination:street":null,"surface":"asphalt","oneway":"yes","name":"Calle 16","lanes":"3","alt_name":null,"longitud_m":50.841164346772082,"vertex_pos":-1,"vertex_index":1,"vertex_part":0,"vertex_part_index":1,"distance":50.849263764065149,"angle":183.10791601165462,"id_nodo":202},"geometry":{"type":"Point","coordinates":[1060894.133869277546182,864444.937125692260452]}},
{"type":"Feature","properties":{"fid":203,"full_id":"w210436304","osm_id":"210436304","osm_type":"way","highway":"footway","ford":null,"width":null,"covered":null,"tunnel":null,"layer":null,"bridge":null,"disused:highway":null,"service":null,"noname":null,"motorroad":null,"smoothness":null,"motorcycle":null,"busway:right":null,"tactile_paving":null,"turn:lanes":null,"cycleway":null,"footway":null,"crossing":null,"lit":null,"motor_vehicle:conditional":null,"motor_vehicle":null,"horse":null,"operator":null,"emergency":null,"bus":null,"psv":null,"oneway:bicycle":null,"sidewalk":null,"foot":"yes","bicycle":"dismount","cycleway:right":null,"access":null,"maxspeed":null,"destination:street":null,"surface":null,"oneway":null,"name":null,"lanes":null,"alt_name":null,"longitud_m":30.81409555004555,"vertex_pos":0,"vertex_index":0,"vertex_part":0,"vertex_part_index":0,"distance":0.0,"angle":0.45644694257959523,"id_nodo":203},"geometry":{"type":"Point","coordinates":[1060341.051106948871166,865237.981564609217457]}},
{"type":"Feature","properties":{"fid":204,"full_id":"w177767381","osm_id":"177767381","osm_type":"way","highway":"tertiary","ford":null,"width":null,"covered":null,"tunnel":null,"layer":null,"bridge":null,"disused:highway":null,"service":null,"noname":null,"motorroad":null,"smoothness":null,"motorcycle":null,"busway:right":null,"tactile_paving":null,"turn:lanes":null,"cycleway":null,"footway":null,"crossing":null,"lit":null,"motor_vehicle:conditional":null,"motor_vehicle":null,"horse":null,"operator":null,"emergency":null,"bus":null,"psv":null,"oneway:bicycle":"yes","sidewalk":null,"foot":null,"bicycle":null,"cycleway:right":"lane","access":null,"maxspeed":null,"destination:street":null,"surface":"asphalt","oneway":"yes","name":"Calle 16","lanes":"3","alt_name":null,"longitud_m":6.3598825602059774,"vertex_pos":-1,"vertex_index":1,"vertex_part":0,"vertex_part_index":1,"distance":6.3608957868348508,"angle":181.30213022798301,"id_nodo":204},"geometry":{"type":"Point","coordinates":[1060896.890752154402435,864495.711599812144414]}},
{"type":"Feature","properties":{"fid":205,"full_id":"w783715699","osm_id":"783715699","osm_type":"way","highway":"footway","ford":null,"width":null,"covered":null,"tunnel":null,"layer":null,"bridge":null,"disused:highway":null,"service":null,"noname":null,"motorroad":null,"smoothness":null,"motorcycle":null,"busway:right":null,"tactile_paving":null,"turn:lanes":null,"cycleway":null,"footway":null,"crossing":null,"lit":null,"motor_vehicle:conditional":null,"motor_vehicle":null,"horse":null,"operator":null,"emergency":null,"bus":null,"psv":null,"oneway:bicycle":null,"sidewalk":null,"foot":null,"bicycle":null,"cycleway:right":null,"access":null,"maxspeed":null,"destination:street":null,"surface":null,"oneway":null,"name":null,"lanes":null,"alt_name":null,"longitud_m":56.041114267391833,"vertex_pos":-1,"vertex_index":1,"vertex_part":0,"vertex_part_index":1,"distance":56.049901628868838,"angle":93.009171193616837,"id_nodo":205},"geometry":{"type":"Point","coordinates":[1060908.343833894003183,865050.393322782940231]}},
{"type":"Feature","properties":{"fid":206,"full_id":"w54580894","osm_id":"54580894","osm_type":"way","highway":"service","ford":null,"width":null,"covered":null,"tunnel":null,"layer":null,"bridge":null,"disused:highway":null,"service":null,"noname":null,"motorroad":null,"smoothness":null,"motorcycle":null,"busway:right":null,"tactile_paving":null,"turn:lanes":null,"cycleway":null,"footway":null,"crossing":null,"lit":null,"motor_vehicle:conditional":null,"motor_vehicle":null,"horse":null,"operator":null,"emergency":null,"bus":null,"psv":null,"oneway:bicycle":null,"sidewalk":null,"foot":null,"bicycle":null,"cycleway:right":null,"access":"destination","maxspeed":"20","destination:street":null,"surface":null,"oneway":"no","name":null,"lanes":null,"alt_name":null,"longitud_m":10.978916402878404,"vertex_pos":-1,"vertex_index":1,"vertex_part":0,"vertex_part_index":1,"distance":10.980663238042185,"angle":4.3544256256455629,"id_nodo":206},"geometry":{"type":"Point","coordinates":[1060593.6752129283268,865483.456437089946121]}},
{"type":"Feature","properties":{"fid":207,"full_id":"w800509491","osm_id":"800509491","osm_type":"way","highway":"path","ford":null,"width":null,"covered":null,"tunnel":null,"layer":null,"bridge":null,"disused:highway":null,"service":null,"noname":null,"motorroad":null,"smoothness":null,"motorcycle":null,"busway:right":null,"tactile_paving":null,"turn:lanes":null,"cycleway":null,"footway":null,"crossing":null,"lit":null,"motor_vehicle:conditional":null,"motor_vehicle":null,"horse":null,"operator":null,"emergency":null,"bus":null,"psv":null,"oneway:bicycle":null,"sidewalk":null,"foot":null,"bicycle":null,"cycleway:right":null,"access":null,"maxspeed":null,"destination:street":null,"surface":"ground","oneway":null,"name":null,"lanes":null,"alt_name":null,"longitud_m":12.349915998673474,"vertex_pos":0,"vertex_index":0,"vertex_part":0,"vertex_part_index":0,"distance":0.0,"angle":113.64972340483602,"id_nodo":207},"geometry":{"type":"Point","coordinates":[1060142.798776006791741,865037.695794807630591]}},
{"type":"Feature","properties":{"fid":208,"full_id":"w177767381","osm_id":"177767381","osm_type":"way","highway":"tertiary","ford":null,"width":null,"covered":null,"tunnel":null,"layer":null,"bridge":null,"disused:highway":null,"service":null,"noname":null,"motorroad":null,"smoothness":null,"motorcycle":null,"busway:right":null,"tactile_paving":null,"turn:lanes":null,"cycleway":null,"footway":null,"crossing":null,"lit":null,"motor_vehicle:conditional":null,"motor_vehicle":null,"horse":null,"operator":null,"emergency":null,"bus":null,"psv":null,"oneway:bicycle":"yes","sidewalk":null,"foot":null,"bicycle":null,"cycleway:right":"lane","access":null,"maxspeed":null,"destination:street":null,"surface":"asphalt","oneway":"yes","name":"Calle 16","lanes":"3","alt_name":null,"longitud_m":6.3598825602059774,"vertex_pos":0,"vertex_index":0,"vertex_part":0,"vertex_part_index":0,"distance":0.0,"angle":181.30213022798301,"id_nodo":208},"geometry":{"type":"Point","coordinates":[1060897.035300352843478,864502.070852993871085]}},
{"type":"Feature","properties":{"fid":209,"full_id":"w783715699","osm_id":"783715699","osm_type":"way","highway":"footway","ford":null,"width":null,"covered":null,"tunnel":null,"layer":null,"bridge":null,"disused:highway":null,"service":null,"noname":null,"motorroad":null,"smoothness":null,"motorcycle":null,"busway:right":null,"tactile_paving":null,"turn:lanes":null,"cycleway":null,"footway":null,"crossing":null,"lit":null,"motor_vehicle:conditional":null,"motor_vehicle":null,"horse":null,"operator":null,"emergency":null,"bus":null,"psv":null,"oneway:bicycle":null,"sidewalk":null,"foot":null,"bicycle":null,"cycleway:right":null,"access":null,"maxspeed":null,"destination:street":null,"surface":null,"oneway":null,"name":null,"lanes":null,"alt_name":null,"longitud_m":59.268658230794145,"vertex_pos":-1,"vertex_index":1,"vertex_part":0,"vertex_part_index":1,"distance":59.277951712184759,"angle":93.016485817473296,"id_nodo":209},"geometry":{"type":"Point","coordinates":[1060852.37121697049588,865053.335707417922094]}},
{"type":"Feature","properties":{"fid":210,"full_id":"w54580894","osm_id":"54580894","osm_type":"way","highway":"service","ford":null,"width":null,"covered":null,"tunnel":null,"layer":null,"bridge":null,"disused:highway":null,"service":null,"noname":null,"motorroad":null,"smoothness":null,"motorcycle":null,"busway:right":null,"tactile_paving":null,"turn:lanes":null,"cycleway":null,"footway":null,"crossing":null,"lit":null,"motor_vehicle:conditional":null,"motor_vehicle":null,"horse":null,"operator":null,"emergency":null,"bus":null,"psv":null,"oneway:bicycle":null,"sidewalk":null,"foot":null,"bicycle":null,"cycleway:right":null,"access":"destination","maxspeed":"20","destination:street":null,"surface":null,"oneway":"no","name":null,"lanes":null,"alt_name":null,"longitud_m":174.85071009069935,"vertex_pos":-1,"vertex_index":3,"vertex_part":0,"vertex_part_index":3,"distance":174.87852676108957,"angle":6.3720941871046231,"id_nodo":210},"geometry":{"type":"Point","coordinates":[1060592.841495910892263,865472.507469965959899]}},
{"type":"Feature","properties":{"fid":211,"full_id":"w752008484","osm_id":"752008484","osm_type":"way","highway":"footway","ford":null,"width":null,"covered":null,"tunnel":null,"layer":null,"bridge":null,"disused:highway":null,"service":null,"noname":null,"motorroad":null,"smoothness":null,"motorcycle":null,"busway:right":null,"tactile_paving":null,"turn:lanes":null,"cycleway":null,"footway":null,"crossing":null,"lit":null,"motor_vehicle:conditional":null,"motor_vehicle":null,"horse":null,"operator":null,"emergency":null,"bus":null,"psv":null,"oneway:bicycle":null,"sidewalk":null,"foot":null,"bicycle":null,"cycleway:right":null,"access":null,"maxspeed":null,"destination:street":null,"surface":"concrete","oneway":null,"name":null,"lanes":null,"alt_name":null,"longitud_m":146.85895210410379,"vertex_pos":-1,"vertex_index":6,"vertex_part":0,"vertex_part_index":6,"distance":146.88232712072065,"angle":157.02287027520325,"id_nodo":211},"geometry":{"type":"Point","coordinates":[1060329.993529226863757,864564.155115728615783]}},
{"type":"Feature","properties":{"fid":212,"full_id":"w408879184","osm_id":"408879184","osm_type":"way","highway":"primary","ford":null,"width":null,"covered":null,"tunnel":null,"layer":null,"bridge":null,"disused:highway":null,"service":null,"noname":null,"motorroad":null,"smoothness":null,"motorcycle":null,"busway:right":null,"tactile_paving":null,"turn:lanes":null,"cycleway":null,"footway":null,"crossing":null,"lit":null,"motor_vehicle:conditional":null,"motor_vehicle":null,"horse":null,"operator":null,"emergency":null,"bus":null,"psv":null,"oneway:bicycle":null,"sidewalk":null,"foot":null,"bicycle":null,"cycleway:right":null,"access":null,"maxspeed":null,"destination:street":null,"surface":null,"oneway":"yes","name":"Avenida Carrera 100","lanes":"2","alt_name":"Carrera 100","longitud_m":156.44535687684404,"vertex_pos":-1,"vertex_index":1,"vertex_part":0,"vertex_part_index":1,"distance":156.46999263478156,"angle":298.29441997620506,"id_nodo":212},"geometry":{"type":"Point","coordinates":[1060550.592080167727545,864313.033411920536309]}},
{"type":"Feature","properties":{"fid":213,"full_id":"w783715699","osm_id":"783715699","osm_type":"way","highway":"footway","ford":null,"width":null,"covered":null,"tunnel":null,"layer":null,"bridge":null,"disused:highway":null,"service":null,"noname":null,"motorroad":null,"smoothness":null,"motorcycle":null,"busway:right":null,"tactile_paving":null,"turn:lanes":null,"cycleway":null,"footway":null,"crossing":null,"lit":null,"motor_vehicle:conditional":null,"motor_vehicle":null,"horse":null,"operator":null,"emergency":null,"bus":null,"psv":null,"oneway:bicycle":null,"sidewalk":null,"foot":null,"bicycle":null,"cycleway:right":null,"access":null,"maxspeed":null,"destination:street":null,"surface":null,"oneway":null,"name":null,"lanes":null,"alt_name":null,"longitud_m":59.268658230794145,"vertex_pos":0,"vertex_index":0,"vertex_part":0,"vertex_part_index":0,"distance":0.0,"angle":93.016485817473296,"id_nodo":213},"geometry":{"type":"Point","coordinates":[1060793.175398731371388,865056.455108352820389]}},
{"type":"Feature","properties":{"fid":214,"full_id":"w800520146","osm_id":"800520146","osm_type":"way","highway":"path","ford":null,"width":null,"covered":null,"tunnel":null,"layer":null,"bridge":null,"disused:highway":null,"service":null,"noname":null,"motorroad":null,"smoothness":null,"motorcycle":null,"busway:right":null,"tactile_paving":null,"turn:lanes":null,"cycleway":null,"footway":null,"crossing":null,"lit":null,"motor_vehicle:conditional":null,"motor_vehicle":null,"horse":null,"operator":null,"emergency":null,"bus":null,"psv":null,"oneway:bicycle":null,"sidewalk":null,"foot":null,"bicycle":null,"cycleway:right":null,"access":null,"maxspeed":null,"destination:street":null,"surface":"ground","oneway":null,"name":null,"lanes":null,"alt_name":null,"longitud_m":38.812929805474781,"vertex_pos":-1,"vertex_index":1,"vertex_part":0,"vertex_part_index":1,"distance":38.819108047050648,"angle":359.96803658521407,"id_nodo":214},"geometry":{"type":"Point","coordinates":[1060304.496130630373955,865276.325648295809515]}},
{"type":"Feature","properties":{"fid":215,"full_id":"w408879184","osm_id":"408879184","osm_type":"way","highway":"primary","ford":null,"width":null,"covered":null,"tunnel":null,"layer":null,"bridge":null,"disused:highway":null,"service":null,"noname":null,"motorroad":null,"smoothness":null,"motorcycle":null,"busway:right":null,"tactile_paving":null,"turn:lanes":null,"cycleway":null,"footway":null,"crossing":null,"lit":null,"motor_vehicle:conditional":null,"motor_vehicle":null,"horse":null,"operator":null,"emergency":null,"bus":null,"psv":null,"oneway:bicycle":null,"sidewalk":null,"foot":null,"bicycle":null,"cycleway:right":null,"access":null,"maxspeed":null,"destination:street":null,"surface":null,"oneway":"yes","name":"Avenida Carrera 100","lanes":"2","alt_name":"Carrera 100","longitud_m":64.734363479658214,"vertex_pos":-1,"vertex_index":1,"vertex_part":0,"vertex_part_index":1,"distance":64.744554122552472,"angle":297.17944508656882,"id_nodo":215},"geometry":{"type":"Point","coordinates":[1060688.367588963825256,864238.866250918479636]}},
{"type":"Feature","properties":{"fid":216,"full_id":"w800520144","osm_id":"800520144","osm_type":"way","highway":"service","ford":null,"width":null,"covered":null,"tunnel":null,"layer":null,"bridge":null,"disused:highway":null,"service":null,"noname":null,"motorroad":null,"smoothness":null,"motorcycle":null,"busway:right":null,"tactile_paving":null,"turn:lanes":null,"cycleway":null,"footway":null,"crossing":null,"lit":null,"motor_vehicle:conditional":null,"motor_vehicle":null,"horse":null,"operator":null,"emergency":null,"bus":null,"psv":null,"oneway:bicycle":null,"sidewalk":null,"foot":null,"bicycle":null,"cycleway:right":null,"access":"destination","maxspeed":null,"destination:street":null,"surface":null,"oneway":null,"name":null,"lanes":null,"alt_name":null,"longitud_m":51.735806244676603,"vertex_pos":-1,"vertex_index":1,"vertex_part":0,"vertex_part_index":1,"distance":51.743918442222196,"angle":92.79379397632448,"id_nodo":216},"geometry":{"type":"Point","coordinates":[1060904.342716504121199,865061.718363157357089]}},
{"type":"Feature","properties":{"fid":217,"full_id":"w297310321","osm_id":"297310321","osm_type":"way","highway":"secondary","ford":null,"width":null,"covered":null,"tunnel":null,"layer":null,"bridge":null,"disused:highway":null,"service":null,"noname":null,"motorroad":null,"smoothness":null,"motorcycle":null,"busway:right":null,"tactile_paving":null,"turn:lanes":null,"cycleway":null,"footway":null,"crossing":null,"lit":"yes","motor_vehicle:conditional":null,"motor_vehicle":null,"horse":null,"operator":null,"emergency":null,"bus":null,"psv":null,"oneway:bicycle":null,"sidewalk":null,"foot":null,"bicycle":null,"cycleway:right":null,"access":null,"maxspeed":"50","destination:street":null,"surface":"asphalt","oneway":"yes","name":"Calle 13","lanes":"3","alt_name":"Avenida Pasoancho","longitud_m":36.364682901619005,"vertex_pos":-1,"vertex_index":1,"vertex_part":0,"vertex_part_index":1,"distance":36.37047449822299,"angle":357.32110498220891,"id_nodo":217},"geometry":{"type":"Point","coordinates":[1060051.045812840107828,864878.782348462962545]}},
{"type":"Feature","properties":{"fid":218,"full_id":"w800520146","osm_id":"800520146","osm_type":"way","highway":"path","ford":null,"width":null,"covered":null,"tunnel":null,"layer":null,"bridge":null,"disused:highway":null,"service":null,"noname":null,"motorroad":null,"smoothness":null,"motorcycle":null,"busway:right":null,"tactile_paving":null,"turn:lanes":null,"cycleway":null,"footway":null,"crossing":null,"lit":null,"motor_vehicle:conditional":null,"motor_vehicle":null,"horse":null,"operator":null,"emergency":null,"bus":null,"psv":null,"oneway:bicycle":null,"sidewalk":null,"foot":null,"bicycle":null,"cycleway:right":null,"access":null,"maxspeed":null,"destination:street":null,"surface":"ground","oneway":null,"name":null,"lanes":null,"alt_name":null,"longitud_m":38.812929805474781,"vertex_pos":0,"vertex_index":0,"vertex_part":0,"vertex_part_index":0,"distance":0.0,"angle":359.96803658521407,"id_nodo":218},"geometry":{"type":"Point","coordinates":[1060304.517786521930248,865237.506546289310791]}},
{"type":"Feature","properties":{"fid":219,"full_id":"w408879184","osm_id":"408879184","osm_type":"way","highway":"primary","ford":null,"width":null,"covered":null,"tunnel":null,"layer":null,"bridge":null,"disused:highway":null,"service":null,"noname":null,"motorroad":null,"smoothness":null,"motorcycle":null,"busway:right":null,"tactile_paving":null,"turn:lanes":null,"cycleway":null,"footway":null,"crossing":null,"lit":null,"motor_vehicle:conditional":null,"motor_vehicle":null,"horse":null,"operator":null,"emergency":null,"bus":null,"psv":null,"oneway:bicycle":null,"sidewalk":null,"foot":null,"bicycle":null,"cycleway:right":null,"access":null,"maxspeed":null,"destination:street":null,"surface":null,"oneway":"yes","name":"Avenida Carrera 100","lanes":"2","alt_name":"Carrera 100","longitud_m":64.734363479658214,"vertex_pos":0,"vertex_index":0,"vertex_part":0,"vertex_part_index":0,"distance":0.0,"angle":297.17944508656882,"id_nodo":219},"geometry":{"type":"Point","coordinates":[1060745.963068866403773,864209.292309968383051]}},
{"type":"Feature","properties":{"fid":220,"full_id":"w800520144","osm_id":"800520144","osm_type":"way","highway":"service","ford":null,"width":null,"covered":null,"tunnel":null,"layer":null,"bridge":null,"disused:highway":null,"service":null,"noname":null,"motorroad":null,"smoothness":null,"motorcycle":null,"busway:right":null,"tactile_paving":null,"turn:lanes":null,"cycleway":null,"footway":null,"crossing":null,"lit":null,"motor_vehicle:conditional":null,"motor_vehicle":null,"horse":null,"operator":null,"emergency":null,"bus":null,"psv":null,"oneway:bicycle":null,"sidewalk":null,"foot":null,"bicycle":null,"cycleway:right":null,"access":"destination","maxspeed":null,"destination:street":null,"surface":null,"oneway":null,"name":null,"lanes":null,"alt_name":null,"longitud_m":174.07275057866264,"vertex_pos":-1,"vertex_index":12,"vertex_part":0,"vertex_part_index":12,"distance":174.10016660460647,"angle":93.174141570129578,"id_nodo":220},"geometry":{"type":"Point","coordinates":[1060852.660299710230902,865064.240443667164072]}},
{"type":"Feature","properties":{"fid":221,"full_id":"w297310321","osm_id":"297310321","osm_type":"way","highway":"secondary","ford":null,"width":null,"covered":null,"tunnel":null,"layer":null,"bridge":null,"disused:highway":null,"service":null,"noname":null,"motorroad":null,"smoothness":null,"motorcycle":null,"busway:right":null,"tactile_paving":null,"turn:lanes":null,"cycleway":null,"footway":null,"crossing":null,"lit":"yes","motor_vehicle:conditional":null,"motor_vehicle":null,"horse":null,"operator":null,"emergency":null,"bus":null,"psv":null,"oneway:bicycle":null,"sidewalk":null,"foot":null,"bicycle":null,"cycleway:right":null,"access":null,"maxspeed":"50","destination:street":null,"surface":"asphalt","oneway":"yes","name":"Calle 13","lanes":"3","alt_name":"Avenida Pasoancho","longitud_m":58.712101565600292,"vertex_pos":-1,"vertex_index":1,"vertex_part":0,"vertex_part_index":1,"distance":58.72145269106452,"angle":358.22216371135573,"id_nodo":221},"geometry":{"type":"Point","coordinates":[1060052.745714444667101,864842.451621113228612]}},
{"type":"Feature","properties":{"fid":222,"full_id":"w800509491","osm_id":"800509491","osm_type":"way","highway":"path","ford":null,"width":null,"covered":null,"tunnel":null,"layer":null,"bridge":null,"disused:highway":null,"service":null,"noname":null,"motorroad":null,"smoothness":null,"motorcycle":null,"busway:right":null,"tactile_paving":null,"turn:lanes":null,"cycleway":null,"footway":null,"crossing":null,"lit":null,"motor_vehicle:conditional":null,"motor_vehicle":null,"horse":null,"operator":null,"emergency":null,"bus":null,"psv":null,"oneway:bicycle":null,"sidewalk":null,"foot":null,"bicycle":null,"cycleway:right":null,"access":null,"maxspeed":null,"destination:street":null,"surface":"ground","oneway":null,"name":null,"lanes":null,"alt_name":null,"longitud_m":159.22120144512974,"vertex_pos":-1,"vertex_index":5,"vertex_part":0,"vertex_part_index":5,"distance":159.24620326829964,"angle":69.740979333833891,"id_nodo":222},"geometry":{"type":"Point","coordinates":[1060305.959486757405102,865021.634716715780087]}},
{"type":"Feature","properties":{"fid":223,"full_id":"w478159781","osm_id":"478159781","osm_type":"way","highway":"tertiary_link","ford":null,"width":null,"covered":null,"tunnel":null,"layer":null,"bridge":null,"disused:highway":null,"service":null,"noname":null,"motorroad":null,"smoothness":null,"motorcycle":null,"busway:right":null,"tactile_paving":null,"turn:lanes":null,"cycleway":null,"footway":null,"crossing":null,"lit":null,"motor_vehicle:conditional":null,"motor_vehicle":null,"horse":null,"operator":null,"emergency":null,"bus":null,"psv":null,"oneway:bicycle":null,"sidewalk":null,"foot":null,"bicycle":null,"cycleway:right":null,"access":null,"maxspeed":null,"destination:street":"Calle 16","surface":"asphalt","oneway":"yes","name":null,"lanes":"1","alt_name":null,"longitud_m":7.7960483351314602,"vertex_pos":-1,"vertex_index":1,"vertex_part":0,"vertex_part_index":1,"distance":7.7972761878021863,"angle":121.3695966666367,"id_nodo":223},"geometry":{"type":"Point","coordinates":[1060939.790501851355657,865470.667871831450611]}},
{"type":"Feature","properties":{"fid":224,"full_id":"w800520144","osm_id":"800520144","osm_type":"way","highway":"service","ford":null,"width":null,"covered":null,"tunnel":null,"layer":null,"bridge":null,"disused:highway":null,"service":null,"noname":null,"motorroad":null,"smoothness":null,"motorcycle":null,"busway:right":null,"tactile_paving":null,"turn:lanes":null,"cycleway":null,"footway":null,"crossing":null,"lit":null,"motor_vehicle:conditional":null,"motor_vehicle":null,"horse":null,"operator":null,"emergency":null,"bus":null,"psv":null,"oneway:bicycle":null,"sidewalk":null,"foot":null,"bicycle":null,"cycleway:right":null,"access":"destination","maxspeed":null,"destination:street":null,"surface":null,"oneway":null,"name":null,"lanes":null,"alt_name":null,"longitud_m":174.07275057866264,"vertex_pos":0,"vertex_index":0,"vertex_part":0,"vertex_part_index":0,"distance":0.0,"angle":89.655567235313029,"id_nodo":224},"geometry":{"type":"Point","coordinates":[1060713.985292952973396,865123.49909673363436]}},
{"type":"Feature","properties":{"fid":225,"full_id":"w478159781","osm_id":"478159781","osm_type":"way","highway":"tertiary_link","ford":null,"width":null,"covered":null,"tunnel":null,"layer":null,"bridge":null,"disused:highway":null,"service":null,"noname":null,"motorroad":null,"smoothness":null,"motorcycle":null,"busway:right":null,"tactile_paving":null,"turn:lanes":null,"cycleway":null,"footway":null,"crossing":null,"lit":null,"motor_vehicle:conditional":null,"motor_vehicle":null,"horse":null,"operator":null,"emergency":null,"bus":null,"psv":null,"oneway:bicycle":null,"sidewalk":null,"foot":null,"bicycle":null,"cycleway:right":null,"access":null,"maxspeed":null,"destination:street":"Calle 16","surface":"asphalt","oneway":"yes","name":null,"lanes":"1","alt_name":null,"longitud_m":7.8053907831091802,"vertex_pos":-1,"vertex_index":1,"vertex_part":0,"vertex_part_index":1,"distance":7.8066174934615855,"angle":111.61379776809831,"id_nodo":225},"geometry":{"type":"Point","coordinates":[1060933.132975787157193,865474.726795660913922]}},
{"type":"Feature","properties":{"fid":226,"full_id":"w1005609519","osm_id":"1005609519","osm_type":"way","highway":"footway","ford":null,"width":null,"covered":null,"tunnel":null,"layer":null,"bridge":null,"disused:highway":null,"service":null,"noname":null,"motorroad":null,"smoothness":null,"motorcycle":null,"busway:right":null,"tactile_paving":null,"turn:lanes":null,"cycleway":null,"footway":"sidewalk","crossing":null,"lit":null,"motor_vehicle:conditional":null,"motor_vehicle":null,"horse":null,"operator":null,"emergency":null,"bus":null,"psv":null,"oneway:bicycle":null,"sidewalk":null,"foot":null,"bicycle":null,"cycleway:right":null,"access":null,"maxspeed":null,"destination:street":null,"surface":null,"oneway":null,"name":null,"lanes":null,"alt_name":null,"longitud_m":272.56302089024507,"vertex_pos":-1,"vertex_index":5,"vertex_part":0,"vertex_part_index":5,"distance":272.60597204494383,"angle":323.64960341207183,"id_nodo":226},"geometry":{"type":"Point","coordinates":[1060079.427180113270879,864574.245451789814979]}},
{"type":"Feature","properties":{"fid":227,"full_id":"w408879184","osm_id":"408879184","osm_type":"way","highway":"primary","ford":null,"width":null,"covered":null,"tunnel":null,"layer":null,"bridge":null,"disused:highway":null,"service":null,"noname":null,"motorroad":null,"smoothness":null,"motorcycle":null,"busway:right":null,"tactile_paving":null,"turn:lanes":null,"cycleway":null,"footway":null,"crossing":null,"lit":null,"motor_vehicle:conditional":null,"motor_vehicle":null,"horse":null,"operator":null,"emergency":null,"bus":null,"psv":null,"oneway:bicycle":null,"sidewalk":null,"foot":null,"bicycle":null,"cycleway:right":null,"access":null,"maxspeed":null,"destination:street":null,"surface":null,"oneway":"yes","name":"Avenida Carrera 100","lanes":"2","alt_name":"Carrera 100","longitud_m":3.6293667010820996,"vertex_pos":-1,"vertex_index":1,"vertex_part":0,"vertex_part_index":1,"distance":3.6299380964454881,"angle":296.99941996410405,"id_nodo":227},"geometry":{"type":"Point","coordinates":[1060315.564937412040308,864434.293822635081597]}},
{"type":"Feature","properties":{"fid":228,"full_id":"w478159781","osm_id":"478159781","osm_type":"way","highway":"tertiary_link","ford":null,"width":null,"covered":null,"tunnel":null,"layer":null,"bridge":null,"disused:highway":null,"service":null,"noname":null,"motorroad":null,"smoothness":null,"motorcycle":null,"busway:right":null,"tactile_paving":null,"turn:lanes":null,"cycleway":null,"footway":null,"crossing":null,"lit":null,"motor_vehicle:conditional":null,"motor_vehicle":null,"horse":null,"operator":null,"emergency":null,"bus":null,"psv":null,"oneway:bicycle":null,"sidewalk":null,"foot":null,"bicycle":null,"cycleway:right":null,"access":null,"maxspeed":null,"destination:street":"Calle 16","surface":"asphalt","oneway":"yes","name":null,"lanes":"1","alt_name":null,"longitud_m":7.8053907831091802,"vertex_pos":0,"vertex_index":0,"vertex_part":0,"vertex_part_index":0,"distance":0.0,"angle":111.61379776809831,"id_nodo":228},"geometry":{"type":"Point","coordinates":[1060925.875258678104728,865477.602351094945334]}},
{"type":"Feature","properties":{"fid":229,"full_id":"w1005609519","osm_id":"1005609519","osm_type":"way","highway":"footway","ford":null,"width":null,"covered":null,"tunnel":null,"layer":null,"bridge":null,"disused:highway":null,"service":null,"noname":null,"motorroad":null,"smoothness":null,"motorcycle":null,"busway:right":null,"tactile_paving":null,"turn:lanes":null,"cycleway":null,"footway":"sidewalk","crossing":null,"lit":null,"motor_vehicle:conditional":null,"motor_vehicle":null,"horse":null,"operator":null,"emergency":null,"bus":null,"psv":null,"oneway:bicycle":null,"sidewalk":null,"foot":null,"bicycle":null,"cycleway:right":null,"access":null,"maxspeed":null,"destination:street":null,"surface":null,"oneway":null,"name":null,"lanes":null,"alt_name":null,"longitud_m":6.8417335959686181,"vertex_pos":-1,"vertex_index":1,"vertex_part":0,"vertex_part_index":1,"distance":6.8428105466969749,"angle":296.28657398636358,"id_nodo":229},"geometry":{"type":"Point","coordinates":[1060313.297614647308365,864437.64490719139576]}},
{"type":"Feature","properties":{"fid":230,"full_id":"w408879184","osm_id":"408879184","osm_type":"way","highway":"primary","ford":null,"width":null,"covered":null,"tunnel":null,"layer":null,"bridge":null,"disused:highway":null,"service":null,"noname":null,"motorroad":null,"smoothness":null,"motorcycle":null,"busway:right":null,"tactile_paving":null,"turn:lanes":null,"cycleway":null,"footway":null,"crossing":null,"lit":null,"motor_vehicle:conditional":null,"motor_vehicle":null,"horse":null,"operator":null,"emergency":null,"bus":null,"psv":null,"oneway:bicycle":null,"sidewalk":null,"foot":null,"bicycle":null,"cycleway:right":null,"access":null,"maxspeed":null,"destination:street":null,"surface":null,"oneway":"yes","name":"Avenida Carrera 100","lanes":"2","alt_name":"Carrera 100","longitud_m":260.79425529021984,"vertex_pos":-1,"vertex_index":1,"vertex_part":0,"vertex_part_index":1,"distance":260.83531532409415,"angle":297.29517604431157,"id_nodo":230},"geometry":{"type":"Point","coordinates":[1060318.799252621363848,864432.645897967275232]}},
{"type":"Feature","properties":{"fid":231,"full_id":"w1005609519","osm_id":"1005609519","osm_type":"way","highway":"footway","ford":null,"width":null,"covered":null,"tunnel":null,"layer":null,"bridge":null,"disused:highway":null,"service":null,"noname":null,"motorroad":null,"smoothness":null,"motorcycle":null,"busway:right":null,"tactile_paving":null,"turn:lanes":null,"cycleway":null,"footway":"sidewalk","crossing":null,"lit":null,"motor_vehicle:conditional":null,"motor_vehicle":null,"horse":null,"operator":null,"emergency":null,"bus":null,"psv":null,"oneway:bicycle":null,"sidewalk":null,"foot":null,"bicycle":null,"cycleway:right":null,"access":null,"maxspeed":null,"destination:street":null,"surface":null,"oneway":null,"name":null,"lanes":null,"alt_name":null,"longitud_m":482.15399701304625,"vertex_pos":-1,"vertex_index":2,"vertex_part":0,"vertex_part_index":2,"distance":482.2299026344777,"angle":297.20546965983596,"id_nodo":231},"geometry":{"type":"Point","coordinates":[1060319.432811727980152,864434.614492540014908]}},
{"type":"Feature","properties":{"fid":232,"full_id":"w297310321","osm_id":"297310321","osm_type":"way","highway":"secondary","ford":null,"width":null,"covered":null,"tunnel":null,"layer":null,"bridge":null,"disused:highway":null,"service":null,"noname":null,"motorroad":null,"smoothness":null,"motorcycle":null,"busway:right":null,"tactile_paving":null,"turn:lanes":null,"cycleway":null,"footway":null,"crossing":null,"lit":"yes","motor_vehicle:conditional":null,"motor_vehicle":null,"horse":null,"operator":null,"emergency":null,"bus":null,"psv":null,"oneway:bicycle":null,"sidewalk":null,"foot":null,"bicycle":null,"cycleway:right":null,"access":null,"maxspeed":"50","destination:street":null,"surface":"asphalt","oneway":"yes","name":"Calle 13","lanes":"3","alt_name":"Avenida Pasoancho","longitud_m":72.026734333282036,"vertex_pos":-1,"vertex_index":1,"vertex_part":0,"vertex_part_index":1,"distance":72.038207970118364,"angle":358.08233979985249,"id_nodo":232},"geometry":{"type":"Point","coordinates":[1060058.111814195523039,864712.236113766557537]}},
{"type":"Feature","properties":{"fid":233,"full_id":"w1076125155","osm_id":"1076125155","osm_type":"way","highway":"service","ford":null,"width":null,"covered":null,"tunnel":null,"layer":null,"bridge":null,"disused:highway":null,"service":null,"noname":null,"motorroad":null,"smoothness":null,"motorcycle":null,"busway:right":null,"tactile_paving":null,"turn:lanes":null,"cycleway":null,"footway":null,"crossing":null,"lit":null,"motor_vehicle:conditional":null,"motor_vehicle":null,"horse":null,"operator":null,"emergency":null,"bus":null,"psv":null,"oneway:bicycle":null,"sidewalk":null,"foot":null,"bicycle":null,"cycleway:right":null,"access":"destination","maxspeed":null,"destination:street":null,"surface":null,"oneway":null,"name":null,"lanes":null,"alt_name":null,"longitud_m":108.47714276583415,"vertex_pos":-1,"vertex_index":1,"vertex_part":0,"vertex_part_index":1,"distance":108.49441465555606,"angle":180.01238237375287,"id_nodo":233},"geometry":{"type":"Point","coordinates":[1060685.941797092091292,864979.249401756562293]}},
{"type":"Feature","properties":{"fid":234,"full_id":"w297310321","osm_id":"297310321","osm_type":"way","highway":"secondary","ford":null,"width":null,"covered":null,"tunnel":null,"layer":null,"bridge":null,"disused:highway":null,"service":null,"noname":null,"motorroad":null,"smoothness":null,"motorcycle":null,"busway:right":null,"tactile_paving":null,"turn:lanes":null,"cycleway":null,"footway":null,"crossing":null,"lit":"yes","motor_vehicle:conditional":null,"motor_vehicle":null,"horse":null,"operator":null,"emergency":null,"bus":null,"psv":null,"oneway:bicycle":null,"sidewalk":null,"foot":null,"bicycle":null,"cycleway:right":null,"access":null,"maxspeed":"50","destination:street":null,"surface":"asphalt","oneway":"yes","name":"Calle 13","lanes":"3","alt_name":"Avenida Pasoancho","longitud_m":27.467078091308199,"vertex_pos":-1,"vertex_index":1,"vertex_part":0,"vertex_part_index":1,"distance":27.471453856935636,"angle":356.38232656003839,"id_nodo":234},"geometry":{"type":"Point","coordinates":[1060060.522445749025792,864640.238250860362314]}},
{"type":"Feature","properties":{"fid":235,"full_id":"w1076125157","osm_id":"1076125157","osm_type":"way","highway":"service","ford":null,"width":null,"covered":null,"tunnel":null,"layer":null,"bridge":null,"disused:highway":null,"service":null,"noname":null,"motorroad":null,"smoothness":null,"motorcycle":null,"busway:right":null,"tactile_paving":null,"turn:lanes":null,"cycleway":null,"footway":null,"crossing":null,"lit":null,"motor_vehicle:conditional":null,"motor_vehicle":null,"horse":null,"operator":null,"emergency":null,"bus":null,"psv":null,"oneway:bicycle":null,"sidewalk":null,"foot":null,"bicycle":null,"cycleway:right":null,"access":"destination","maxspeed":null,"destination:street":null,"surface":null,"oneway":null,"name":null,"lanes":null,"alt_name":null,"longitud_m":61.665439935686585,"vertex_pos":0,"vertex_index":0,"vertex_part":0,"vertex_part_index":0,"distance":0.0,"angle":115.82225520676285,"id_nodo":235},"geometry":{"type":"Point","coordinates":[1060335.705444184364751,864497.277792613953352]}},
{"type":"Feature","properties":{"fid":236,"full_id":"w297310315","osm_id":"297310315","osm_type":"way","highway":"tertiary","ford":null,"width":null,"covered":null,"tunnel":null,"layer":null,"bridge":null,"disused:highway":null,"service":null,"noname":null,"motorroad":null,"smoothness":null,"motorcycle":null,"busway:right":null,"tactile_paving":null,"turn:lanes":null,"cycleway":null,"footway":null,"crossing":null,"lit":null,"motor_vehicle:conditional":"no @ (Su 08:00-13:00)","motor_vehicle":null,"horse":null,"operator":null,"emergency":null,"bus":null,"psv":null,"oneway:bicycle":"yes","sidewalk":null,"foot":null,"bicycle":null,"cycleway:right":"lane","access":null,"maxspeed":"30","destination:street":null,"surface":"asphalt","oneway":"yes","name":"Calle 16","lanes":"3","alt_name":null,"longitud_m":5.9728379724399403,"vertex_pos":-1,"vertex_index":1,"vertex_part":0,"vertex_part_index":1,"distance":5.9737893116865894,"angle":183.73423324812561,"id_nodo":236},"geometry":{"type":"Point","coordinates":[1060903.026996910106391,864605.046481895144098]}},
{"type":"Feature","properties":{"fid":237,"full_id":"w1076125155","osm_id":"1076125155","osm_type":"way","highway":"service","ford":null,"width":null,"covered":null,"tunnel":null,"layer":null,"bridge":null,"disused:highway":null,"service":null,"noname":null,"motorroad":null,"smoothness":null,"motorcycle":null,"busway:right":null,"tactile_paving":null,"turn:lanes":null,"cycleway":null,"footway":null,"crossing":null,"lit":null,"motor_vehicle:conditional":null,"motor_vehicle":null,"horse":null,"operator":null,"emergency":null,"bus":null,"psv":null,"oneway:bicycle":null,"sidewalk":null,"foot":null,"bicycle":null,"cycleway:right":null,"access":"destination","maxspeed":null,"destination:street":null,"surface":null,"oneway":null,"name":null,"lanes":null,"alt_name":null,"longitud_m":108.47714276583415,"vertex_pos":0,"vertex_index":0,"vertex_part":0,"vertex_part_index":0,"distance":0.0,"angle":180.01238237375287,"id_nodo":237},"geometry":{"type":"Point","coordinates":[1060685.965244166087359,865087.743813878507353]}},
{"type":"Feature","properties":{"fid":238,"full_id":"w1012095863","osm_id":"1012095863","osm_type":"way","highway":"service","ford":null,"width":null,"covered":null,"tunnel":null,"layer":null,"bridge":null,"disused:highway":null,"service":null,"noname":null,"motorroad":null,"smoothness":null,"motorcycle":null,"busway:right":null,"tactile_paving":null,"turn:lanes":null,"cycleway":null,"footway":null,"crossing":null,"lit":null,"motor_vehicle:conditional":null,"motor_vehicle":null,"horse":null,"operator":null,"emergency":null,"bus":null,"psv":null,"oneway:bicycle":null,"sidewalk":null,"foot":null,"bicycle":null,"cycleway:right":null,"access":"destination","maxspeed":null,"destination:street":null,"surface":null,"oneway":null,"name":null,"lanes":null,"alt_name":null,"longitud_m":15.606732743997442,"vertex_pos":-1,"vertex_index":1,"vertex_part":0,"vertex_part_index":1,"distance":15.609216419626664,"angle":357.47068507863389,"id_nodo":238},"geometry":{"type":"Point","coordinates":[1060145.540730098960921,865517.272018978372216]}},
{"type":"Feature","properties":{"fid":239,"full_id":"w297310315","osm_id":"297310315","osm_type":"way","highway":"tertiary","ford":null,"width":null,"covered":null,"tunnel":null,"layer":null,"bridge":null,"disused:highway":null,"service":null,"noname":null,"motorroad":null,"smoothness":null,"motorcycle":null,"busway:right":null,"tactile_paving":null,"turn:lanes":null,"cycleway":null,"footway":null,"crossing":null,"lit":null,"motor_vehicle:conditional":"no @ (Su 08:00-13:00)","motor_vehicle":null,"horse":null,"operator":null,"emergency":null,"bus":null,"psv":null,"oneway:bicycle":"yes","sidewalk":null,"foot":null,"bicycle":null,"cycleway:right":"lane","access":null,"maxspeed":"30","destination:street":null,"surface":"asphalt","oneway":"yes","name":"Calle 16","lanes":"3","alt_name":null,"longitud_m":234.58059956700473,"vertex_pos":-1,"vertex_index":1,"vertex_part":0,"vertex_part_index":1,"distance":234.61795692783286,"angle":184.16516280062075,"id_nodo":239},"geometry":{"type":"Point","coordinates":[1060903.416061051655561,864611.007588154403493]}},
{"type":"Feature","properties":{"fid":240,"full_id":"w297310321","osm_id":"297310321","osm_type":"way","highway":"secondary","ford":null,"width":null,"covered":null,"tunnel":null,"layer":null,"bridge":null,"disused:highway":null,"service":null,"noname":null,"motorroad":null,"smoothness":null,"motorcycle":null,"busway:right":null,"tactile_paving":null,"turn:lanes":null,"cycleway":null,"footway":null,"crossing":null,"lit":"yes","motor_vehicle:conditional":null,"motor_vehicle":null,"horse":null,"operator":null,"emergency":null,"bus":null,"psv":null,"oneway:bicycle":null,"sidewalk":null,"foot":null,"bicycle":null,"cycleway:right":null,"access":null,"maxspeed":"50","destination:street":null,"surface":"asphalt","oneway":"yes","name":"Calle 13","lanes":"3","alt_name":"Avenida Pasoancho","longitud_m":4.9004254868472428,"vertex_pos":-1,"vertex_index":1,"vertex_part":0,"vertex_part_index":1,"distance":4.9012060071994883,"angle":358.44161942123134,"id_nodo":240},"geometry":{"type":"Point","coordinates":[1060054.567495714873075,864783.758434803807177]}},
{"type":"Feature","properties":{"fid":241,"full_id":"w297310321","osm_id":"297310321","osm_type":"way","highway":"secondary","ford":null,"width":null,"covered":null,"tunnel":null,"layer":null,"bridge":null,"disused:highway":null,"service":null,"noname":null,"motorroad":null,"smoothness":null,"motorcycle":null,"busway:right":null,"tactile_paving":null,"turn:lanes":null,"cycleway":null,"footway":null,"crossing":null,"lit":"yes","motor_vehicle:conditional":null,"motor_vehicle":null,"horse":null,"operator":null,"emergency":null,"bus":null,"psv":null,"oneway:bicycle":null,"sidewalk":null,"foot":null,"bicycle":null,"cycleway:right":null,"access":null,"maxspeed":"50","destination:street":null,"surface":"asphalt","oneway":"yes","name":"Calle 13","lanes":"3","alt_name":"Avenida Pasoancho","longitud_m":8.285282737099859,"vertex_pos":-1,"vertex_index":1,"vertex_part":0,"vertex_part_index":1,"distance":8.2866023935370201,"angle":358.46381562842316,"id_nodo":241},"geometry":{"type":"Point","coordinates":[1060054.700786554487422,864778.859041588613763]}},
{"type":"Feature","properties":{"fid":242,"full_id":"w915130042","osm_id":"915130042","osm_type":"way","highway":"secondary","ford":null,"width":null,"covered":null,"tunnel":null,"layer":null,"bridge":null,"disused:highway":null,"service":null,"noname":null,"motorroad":null,"smoothness":null,"motorcycle":null,"busway:right":null,"tactile_paving":null,"turn:lanes":"through|through|through","cycleway":null,"footway":null,"crossing":null,"lit":null,"motor_vehicle:conditional":null,"motor_vehicle":null,"horse":null,"operator":null,"emergency":null,"bus":null,"psv":null,"oneway:bicycle":null,"sidewalk":null,"foot":null,"bicycle":null,"cycleway:right":null,"access":null,"maxspeed":"50","destination:street":null,"surface":"asphalt","oneway":"yes","name":"Calle 13","lanes":"3","alt_name":"Avenida Pasoancho","longitud_m":42.723366751468603,"vertex_pos":0,"vertex_index":0,"vertex_part":0,"vertex_part_index":0,"distance":0.0,"angle":357.88425393645014,"id_nodo":242},"geometry":{"type":"Point","coordinates":[1060047.025541334645823,865064.727021638071164]}},
{"type":"Feature","properties":{"fid":243,"full_id":"w915130041","osm_id":"915130041","osm_type":"way","highway":"secondary","ford":null,"width":null,"covered":null,"tunnel":null,"layer":null,"bridge":null,"disused:highway":null,"service":null,"noname":null,"motorroad":null,"smoothness":"excellent","motorcycle":null,"busway:right":null,"tactile_paving":null,"turn:lanes":"through|through|through","cycleway":null,"footway":null,"crossing":null,"lit":null,"motor_vehicle:conditional":null,"motor_vehicle":null,"horse":null,"operator":null,"emergency":null,"bus":null,"psv":null,"oneway:bicycle":null,"sidewalk":null,"foot":null,"bicycle":null,"cycleway:right":null,"access":null,"maxspeed":"50","destination:street":null,"surface":"asphalt","oneway":"yes","name":"Calle 13","lanes":"3","alt_name":"Avenida Pasoancho","longitud_m":210.33331980648208,"vertex_pos":-1,"vertex_index":1,"vertex_part":0,"vertex_part_index":1,"distance":210.36680464321043,"angle":356.87844218234039,"id_nodo":243},"geometry":{"type":"Point","coordinates":[1060033.992592279566452,865317.482734426856041]}},
{"type":"Feature","properties":{"fid":244,"full_id":"w297310321","osm_id":"297310321","osm_type":"way","highway":"secondary","ford":null,"width":null,"covered":null,"tunnel":null,"layer":null,"bridge":null,"disused:highway":null,"service":null,"noname":null,"motorroad":null,"smoothness":null,"motorcycle":null,"busway:right":null,"tactile_paving":null,"turn:lanes":null,"cycleway":null,"footway":null,"crossing":null,"lit":"yes","motor_vehicle:conditional":null,"motor_vehicle":null,"horse":null,"operator":null,"emergency":null,"bus":null,"psv":null,"oneway:bicycle":null,"sidewalk":null,"foot":null,"bicycle":null,"cycleway:right":null,"access":null,"maxspeed":"50","destination:street":null,"surface":"asphalt","oneway":"yes","name":"Calle 13","lanes":"3","alt_name":"Avenida Pasoancho","longitud_m":6.5057909653178916,"vertex_pos":-1,"vertex_index":1,"vertex_part":0,"vertex_part_index":1,"distance":6.506827207484843,"angle":358.04321830400573,"id_nodo":244},"geometry":{"type":"Point","coordinates":[1060054.922935971291736,864770.575417450279929]}},
{"type":"Feature","properties":{"fid":245,"full_id":"w297310321","osm_id":"297310321","osm_type":"way","highway":"secondary","ford":null,"width":null,"covered":null,"tunnel":null,"layer":null,"bridge":null,"disused:highway":null,"service":null,"noname":null,"motorroad":null,"smoothness":null,"motorcycle":null,"busway:right":null,"tactile_paving":null,"turn:lanes":null,"cycleway":null,"footway":null,"crossing":null,"lit":"yes","motor_vehicle:conditional":null,"motor_vehicle":null,"horse":null,"operator":null,"emergency":null,"bus":null,"psv":null,"oneway:bicycle":null,"sidewalk":null,"foot":null,"bicycle":null,"cycleway:right":null,"access":null,"maxspeed":"50","destination:street":null,"surface":"asphalt","oneway":"yes","name":"Calle 13","lanes":"3","alt_name":"Avenida Pasoancho","longitud_m":51.912827495541706,"vertex_pos":-1,"vertex_index":1,"vertex_part":0,"vertex_part_index":1,"distance":51.92109659761865,"angle":356.72441574853769,"id_nodo":245},"geometry":{"type":"Point","coordinates":[1060055.145115780876949,864764.072384585510008]}},
{"type":"Feature","properties":{"fid":246,"full_id":"w915130041","osm_id":"915130041","osm_type":"way","highway":"secondary","ford":null,"width":null,"covered":null,"tunnel":null,"layer":null,"bridge":null,"disused:highway":null,"service":null,"noname":null,"motorroad":null,"smoothness":"excellent","motorcycle":null,"busway:right":null,"tactile_paving":null,"turn:lanes":"through|through|through","cycleway":null,"footway":null,"crossing":null,"lit":null,"motor_vehicle:conditional":null,"motor_vehicle":null,"horse":null,"operator":null,"emergency":null,"bus":null,"psv":null,"oneway:bicycle":null,"sidewalk":null,"foot":null,"bicycle":null,"cycleway:right":null,"access":null,"maxspeed":"50","destination:street":null,"surface":"asphalt","oneway":"yes","name":"Calle 13","lanes":"3","alt_name":"Avenida Pasoancho","longitud_m":210.33331980648208,"vertex_pos":0,"vertex_index":0,"vertex_part":0,"vertex_part_index":0,"distance":0.0,"angle":356.87844218234039,"id_nodo":246},"geometry":{"type":"Point","coordinates":[1060045.448014274705201,865107.428061061305925]}},
{"type":"Feature","properties":{"fid":247,"full_id":"w908248295","osm_id":"908248295","osm_type":"way","highway":"tertiary","ford":null,"width":null,"covered":null,"tunnel":null,"layer":null,"bridge":null,"disused:highway":null,"service":null,"noname":null,"motorroad":null,"smoothness":null,"motorcycle":null,"busway:right":null,"tactile_paving":null,"turn:lanes":null,"cycleway":null,"footway":null,"crossing":null,"lit":null,"motor_vehicle:conditional":null,"motor_vehicle":null,"horse":null,"operator":null,"emergency":null,"bus":null,"psv":null,"oneway:bicycle":"yes","sidewalk":null,"foot":null,"bicycle":null,"cycleway:right":"lane","access":null,"maxspeed":"30","destination:street":null,"surface":"asphalt","oneway":"yes","name":"Calle 16","lanes":"3","alt_name":null,"longitud_m":165.24059940314424,"vertex_pos":-1,"vertex_index":1,"vertex_part":0,"vertex_part_index":1,"distance":165.26692607860454,"angle":183.65205379799463,"id_nodo":247},"geometry":{"type":"Point","coordinates":[1060883.606827029492706,864280.005811997805722]}},
{"type":"Feature","properties":{"fid":248,"full_id":"w210634405","osm_id":"210634405","osm_type":"way","highway":"footway","ford":null,"width":null,"covered":null,"tunnel":null,"layer":null,"bridge":null,"disused:highway":null,"service":null,"noname":null,"motorroad":null,"smoothness":null,"motorcycle":null,"busway:right":null,"tactile_paving":null,"turn:lanes":null,"cycleway":null,"footway":null,"crossing":null,"lit":null,"motor_vehicle:conditional":null,"motor_vehicle":null,"horse":null,"operator":null,"emergency":null,"bus":null,"psv":null,"oneway:bicycle":null,"sidewalk":null,"foot":null,"bicycle":null,"cycleway:right":null,"access":null,"maxspeed":null,"destination:street":null,"surface":null,"oneway":null,"name":null,"lanes":null,"alt_name":null,"longitud_m":39.507390179182842,"vertex_pos":-1,"vertex_index":1,"vertex_part":0,"vertex_part_index":1,"distance":39.513584183231465,"angle":265.26456228239067,"id_nodo":248},"geometry":{"type":"Point","coordinates":[1060443.880816275719553,865125.935567514854483]}},
{"type":"Feature","properties":{"fid":249,"full_id":"w908248296","osm_id":"908248296","osm_type":"way","highway":"tertiary","ford":null,"width":null,"covered":null,"tunnel":null,"layer":null,"bridge":null,"disused:highway":null,"service":null,"noname":null,"motorroad":null,"smoothness":null,"motorcycle":null,"busway:right":null,"tactile_paving":null,"turn:lanes":null,"cycleway":null,"footway":null,"crossing":null,"lit":null,"motor_vehicle:conditional":null,"motor_vehicle":null,"horse":null,"operator":null,"emergency":null,"bus":null,"psv":null,"oneway:bicycle":"yes","sidewalk":null,"foot":null,"bicycle":null,"cycleway:right":"lane","access":null,"maxspeed":null,"destination:street":null,"surface":"asphalt","oneway":"yes","name":"Calle 16","lanes":"3","alt_name":null,"longitud_m":17.50388298609619,"vertex_pos":0,"vertex_index":0,"vertex_part":0,"vertex_part_index":0,"distance":0.0,"angle":183.49476298060821,"id_nodo":249},"geometry":{"type":"Point","coordinates":[1060898.102459882386029,864519.544968449510634]}},
{"type":"Feature","properties":{"fid":250,"full_id":"w210634407","osm_id":"210634407","osm_type":"way","highway":"steps","ford":null,"width":null,"covered":null,"tunnel":null,"layer":null,"bridge":null,"disused:highway":null,"service":null,"noname":null,"motorroad":null,"smoothness":null,"motorcycle":null,"busway:right":null,"tactile_paving":null,"turn:lanes":null,"cycleway":null,"footway":null,"crossing":null,"lit":null,"motor_vehicle:conditional":null,"motor_vehicle":null,"horse":null,"operator":null,"emergency":null,"bus":null,"psv":null,"oneway:bicycle":null,"sidewalk":null,"foot":null,"bicycle":null,"cycleway:right":null,"access":null,"maxspeed":null,"destination:street":null,"surface":null,"oneway":null,"name":null,"lanes":null,"alt_name":null,"longitud_m":20.38080326113413,"vertex_pos":0,"vertex_index":0,"vertex_part":0,"vertex_part_index":0,"distance":0.0,"angle":270.06293289241387,"id_nodo":250},"geometry":{"type":"Point","coordinates":[1060503.643507894594222,865129.175218718126416]}},
{"type":"Feature","properties":{"fid":251,"full_id":"w930467976","osm_id":"930467976","osm_type":"way","highway":"tertiary","ford":null,"width":null,"covered":null,"tunnel":null,"layer":null,"bridge":null,"disused:highway":null,"service":null,"noname":null,"motorroad":null,"smoothness":null,"motorcycle":null,"busway:right":null,"tactile_paving":null,"turn:lanes":null,"cycleway":null,"footway":null,"crossing":null,"lit":null,"motor_vehicle:conditional":null,"motor_vehicle":null,"horse":null,"operator":null,"emergency":null,"bus":null,"psv":null,"oneway:bicycle":null,"sidewalk":null,"foot":null,"bicycle":null,"cycleway:right":null,"access":null,"maxspeed":"30","destination:street":null,"surface":"asphalt","oneway":"yes","name":"Carrera 86","lanes":"3","alt_name":null,"longitud_m":125.00762569906715,"vertex_pos":-1,"vertex_index":1,"vertex_part":0,"vertex_part_index":1,"distance":125.0272279825835,"angle":93.748726161519201,"id_nodo":251},"geometry":{"type":"Point","coordinates":[1060794.735839954577386,865487.70102707343176]}},
{"type":"Feature","properties":{"fid":252,"full_id":"w210634404","osm_id":"210634404","osm_type":"way","highway":"steps","ford":null,"width":null,"covered":null,"tunnel":null,"layer":null,"bridge":null,"disused:highway":null,"service":null,"noname":null,"motorroad":null,"smoothness":null,"motorcycle":null,"busway:right":null,"tactile_paving":null,"turn:lanes":null,"cycleway":null,"footway":null,"crossing":null,"lit":null,"motor_vehicle:conditional":null,"motor_vehicle":null,"horse":null,"operator":null,"emergency":null,"bus":null,"psv":null,"oneway:bicycle":null,"sidewalk":null,"foot":null,"bicycle":null,"cycleway:right":null,"access":null,"maxspeed":null,"destination:street":null,"surface":null,"oneway":null,"name":null,"lanes":null,"alt_name":null,"longitud_m":5.1744750644399256,"vertex_pos":-1,"vertex_index":1,"vertex_part":0,"vertex_part_index":1,"distance":5.1752962011313084,"angle":328.9749662624904,"id_nodo":252},"geometry":{"type":"Point","coordinates":[1060275.518516296287999,865132.518458817852661]}},
{"type":"Feature","properties":{"fid":253,"full_id":"w1005609519","osm_id":"1005609519","osm_type":"way","highway":"footway","ford":null,"width":null,"covered":null,"tunnel":null,"layer":null,"bridge":null,"disused:highway":null,"service":null,"noname":null,"motorroad":null,"smoothness":null,"motorcycle":null,"busway:right":null,"tactile_paving":null,"turn:lanes":null,"cycleway":null,"footway":"sidewalk","crossing":null,"lit":null,"motor_vehicle:conditional":null,"motor_vehicle":null,"horse":null,"operator":null,"emergency":null,"bus":null,"psv":null,"oneway:bicycle":null,"sidewalk":null,"foot":null,"bicycle":null,"cycleway:right":null,"access":null,"maxspeed":null,"destination:street":null,"surface":null,"oneway":null,"name":null,"lanes":null,"alt_name":null,"longitud_m":482.15399701304625,"vertex_pos":0,"vertex_index":0,"vertex_part":0,"vertex_part_index":0,"distance":0.0,"angle":296.58206980039193,"id_nodo":253},"geometry":{"type":"Point","coordinates":[1060748.604848988354206,864214.718859502114356]}},
{"type":"Feature","properties":{"fid":254,"full_id":"w210634405","osm_id":"210634405","osm_type":"way","highway":"footway","ford":null,"width":null,"covered":null,"tunnel":null,"layer":null,"bridge":null,"disused:highway":null,"service":null,"noname":null,"motorroad":null,"smoothness":null,"motorcycle":null,"busway:right":null,"tactile_paving":null,"turn:lanes":null,"cycleway":null,"footway":null,"crossing":null,"lit":null,"motor_vehicle:conditional":null,"motor_vehicle":null,"horse":null,"operator":null,"emergency":null,"bus":null,"psv":null,"oneway:bicycle":null,"sidewalk":null,"foot":null,"bicycle":null,"cycleway:right":null,"access":null,"maxspeed":null,"destination:street":null,"surface":null,"oneway":null,"name":null,"lanes":null,"alt_name":null,"longitud_m":39.507390179182842,"vertex_pos":0,"vertex_index":0,"vertex_part":0,"vertex_part_index":0,"distance":0.0,"angle":265.26456228239067,"id_nodo":254},"geometry":{"type":"Point","coordinates":[1060483.259521504165605,865129.197608216083609]}},
{"type":"Feature","properties":{"fid":255,"full_id":"w915389324","osm_id":"915389324","osm_type":"way","highway":"footway","ford":null,"width":null,"covered":"yes","tunnel":null,"layer":null,"bridge":null,"disused:highway":null,"service":null,"noname":null,"motorroad":null,"smoothness":null,"motorcycle":null,"busway:right":null,"tactile_paving":null,"turn:lanes":null,"cycleway":null,"footway":null,"crossing":null,"lit":null,"motor_vehicle:conditional":null,"motor_vehicle":null,"horse":null,"operator":null,"emergency":null,"bus":null,"psv":null,"oneway:bicycle":null,"sidewalk":null,"foot":null,"bicycle":null,"cycleway:right":null,"access":null,"maxspeed":null,"destination:street":null,"surface":"ground","oneway":null,"name":null,"lanes":null,"alt_name":null,"longitud_m":5.3630571579886865,"vertex_pos":-1,"vertex_index":1,"vertex_part":0,"vertex_part_index":1,"distance":5.3639109418408459,"angle":356.31803437170788,"id_nodo":255},"geometry":{"type":"Point","coordinates":[1060114.993319992674515,865221.694377298117615]}},
{"type":"Feature","properties":{"fid":256,"full_id":"w210619623","osm_id":"210619623","osm_type":"way","highway":"service","ford":null,"width":null,"covered":null,"tunnel":null,"layer":null,"bridge":null,"disused:highway":null,"service":null,"noname":null,"motorroad":null,"smoothness":null,"motorcycle":null,"busway:right":null,"tactile_paving":null,"turn:lanes":null,"cycleway":null,"footway":null,"crossing":null,"lit":null,"motor_vehicle:conditional":null,"motor_vehicle":null,"horse":null,"operator":null,"emergency":null,"bus":null,"psv":null,"oneway:bicycle":null,"sidewalk":null,"foot":null,"bicycle":null,"cycleway:right":null,"access":"destination","maxspeed":null,"destination:street":null,"surface":null,"oneway":null,"name":null,"lanes":null,"alt_name":null,"longitud_m":61.9122722135942,"vertex_pos":-1,"vertex_index":7,"vertex_part":0,"vertex_part_index":7,"distance":61.922075659712377,"angle":271.53200211467782,"id_nodo":256},"geometry":{"type":"Point","coordinates":[1060150.873710632091388,865396.313379583647475]}},
{"type":"Feature","properties":{"fid":257,"full_id":"w930467976","osm_id":"930467976","osm_type":"way","highway":"tertiary","ford":null,"width":null,"covered":null,"tunnel":null,"layer":null,"bridge":null,"disused:highway":null,"service":null,"noname":null,"motorroad":null,"smoothness":null,"motorcycle":null,"busway:right":null,"tactile_paving":null,"turn:lanes":null,"cycleway":null,"footway":null,"crossing":null,"lit":null,"motor_vehicle:conditional":null,"motor_vehicle":null,"horse":null,"operator":null,"emergency":null,"bus":null,"psv":null,"oneway:bicycle":null,"sidewalk":null,"foot":null,"bicycle":null,"cycleway:right":null,"access":null,"maxspeed":"30","destination:street":null,"surface":"asphalt","oneway":"yes","name":"Carrera 86","lanes":"3","alt_name":null,"longitud_m":125.00762569906715,"vertex_pos":0,"vertex_index":0,"vertex_part":0,"vertex_part_index":0,"distance":0.0,"angle":93.748726161519201,"id_nodo":257},"geometry":{"type":"Point","coordinates":[1060669.976123094791546,865495.875425282167271]}},
{"type":"Feature","properties":{"fid":258,"full_id":"w210634404","osm_id":"210634404","osm_type":"way","highway":"steps","ford":null,"width":null,"covered":null,"tunnel":null,"layer":null,"bridge":null,"disused:highway":null,"service":null,"noname":null,"motorroad":null,"smoothness":null,"motorcycle":null,"busway:right":null,"tactile_paving":null,"turn:lanes":null,"cycleway":null,"footway":null,"crossing":null,"lit":null,"motor_vehicle:conditional":null,"motor_vehicle":null,"horse":null,"operator":null,"emergency":null,"bus":null,"psv":null,"oneway:bicycle":null,"sidewalk":null,"foot":null,"bicycle":null,"cycleway:right":null,"access":null,"maxspeed":null,"destination:street":null,"surface":null,"oneway":null,"name":null,"lanes":null,"alt_name":null,"longitud_m":5.1744750644399256,"vertex_pos":0,"vertex_index":0,"vertex_part":0,"vertex_part_index":0,"distance":0.0,"angle":328.9749662624904,"id_nodo":258},"geometry":{"type":"Point","coordinates":[1060278.185928857885301,865128.083529168390669]}},
{"type":"Feature","properties":{"fid":259,"full_id":"w210619623","osm_id":"210619623","osm_type":"way","highway":"service","ford":null,"width":null,"covered":null,"tunnel":null,"layer":null,"bridge":null,"disused:highway":null,"service":null,"noname":null,"motorroad":null,"smoothness":null,"motorcycle":null,"busway:right":null,"tactile_paving":null,"turn:lanes":null,"cycleway":null,"footway":null,"crossing":null,"lit":null,"motor_vehicle:conditional":null,"motor_vehicle":null,"horse":null,"operator":null,"emergency":null,"bus":null,"psv":null,"oneway:bicycle":null,"sidewalk":null,"foot":null,"bicycle":null,"cycleway:right":null,"access":"destination","maxspeed":null,"destination:street":null,"surface":null,"oneway":null,"name":null,"lanes":null,"alt_name":null,"longitud_m":41.094425317974228,"vertex_pos":-1,"vertex_index":4,"vertex_part":0,"vertex_part_index":4,"distance":41.100958960663526,"angle":359.44406381647258,"id_nodo":259},"geometry":{"type":"Point","coordinates":[1060174.624648449243978,865353.567740381346084]}},
{"type":"Feature","properties":{"fid":260,"full_id":"w297310315","osm_id":"297310315","osm_type":"way","highway":"tertiary","ford":null,"width":null,"covered":null,"tunnel":null,"layer":null,"bridge":null,"disused:highway":null,"service":null,"noname":null,"motorroad":null,"smoothness":null,"motorcycle":null,"busway:right":null,"tactile_paving":null,"turn:lanes":null,"cycleway":null,"footway":null,"crossing":null,"lit":null,"motor_vehicle:conditional":"no @ (Su 08:00-13:00)","motor_vehicle":null,"horse":null,"operator":null,"emergency":null,"bus":null,"psv":null,"oneway:bicycle":"yes","sidewalk":null,"foot":null,"bicycle":null,"cycleway:right":"lane","access":null,"maxspeed":"30","destination:street":null,"surface":"asphalt","oneway":"yes","name":"Calle 16","lanes":"3","alt_name":null,"longitud_m":597.04119045922675,"vertex_pos":-1,"vertex_index":1,"vertex_part":0,"vertex_part_index":1,"distance":597.13622793929244,"angle":183.6032051716065,"id_nodo":260},"geometry":{"type":"Point","coordinates":[1060920.456783853005618,864845.005877634044737]}},
{"type":"Feature","properties":{"fid":261,"full_id":"w906001464","osm_id":"906001464","osm_type":"way","highway":"service","ford":null,"width":null,"covered":null,"tunnel":null,"layer":null,"bridge":null,"disused:highway":null,"service":null,"noname":null,"motorroad":null,"smoothness":null,"motorcycle":null,"busway:right":null,"tactile_paving":null,"turn:lanes":null,"cycleway":null,"footway":null,"crossing":null,"lit":null,"motor_vehicle:conditional":null,"motor_vehicle":null,"horse":null,"operator":null,"emergency":null,"bus":null,"psv":null,"oneway:bicycle":null,"sidewalk":null,"foot":null,"bicycle":null,"cycleway:right":null,"access":"destination","maxspeed":null,"destination:street":null,"surface":null,"oneway":null,"name":"Vía Circunvalar Universitaria","lanes":null,"alt_name":null,"longitud_m":122.14233745033692,"vertex_pos":-1,"vertex_index":5,"vertex_part":0,"vertex_part_index":5,"distance":122.16149824444965,"angle":240.71133789574395,"id_nodo":261},"geometry":{"type":"Point","coordinates":[1060184.559167349012569,865238.89086545445025]}},
{"type":"Feature","properties":{"fid":262,"full_id":"w210634409","osm_id":"210634409","osm_type":"way","highway":"footway","ford":null,"width":null,"covered":null,"tunnel":null,"layer":null,"bridge":null,"disused:highway":null,"service":null,"noname":null,"motorroad":null,"smoothness":null,"motorcycle":null,"busway:right":null,"tactile_paving":null,"turn:lanes":null,"cycleway":null,"footway":null,"crossing":null,"lit":null,"motor_vehicle:conditional":null,"motor_vehicle":null,"horse":null,"operator":null,"emergency":null,"bus":null,"psv":null,"oneway:bicycle":null,"sidewalk":null,"foot":null,"bicycle":null,"cycleway:right":null,"access":null,"maxspeed":null,"destination:street":null,"surface":null,"oneway":null,"name":null,"lanes":null,"alt_name":null,"longitud_m":86.924477364251501,"vertex_pos":-1,"vertex_index":1,"vertex_part":0,"vertex_part_index":1,"distance":86.938105793155231,"angle":269.80410405226877,"id_nodo":262},"geometry":{"type":"Point","coordinates":[1060191.248331207083538,865127.78628581832163]}},
{"type":"Feature","properties":{"fid":263,"full_id":"w297310315","osm_id":"297310315","osm_type":"way","highway":"tertiary","ford":null,"width":null,"covered":null,"tunnel":null,"layer":null,"bridge":null,"disused:highway":null,"service":null,"noname":null,"motorroad":null,"smoothness":null,"motorcycle":null,"busway:right":null,"tactile_paving":null,"turn:lanes":null,"cycleway":null,"footway":null,"crossing":null,"lit":null,"motor_vehicle:conditional":"no @ (Su 08:00-13:00)","motor_vehicle":null,"horse":null,"operator":null,"emergency":null,"bus":null,"psv":null,"oneway:bicycle":"yes","sidewalk":null,"foot":null,"bicycle":null,"cycleway:right":"lane","access":null,"maxspeed":"30","destination:street":null,"surface":"asphalt","oneway":"yes","name":"Calle 16","lanes":"3","alt_name":null,"longitud_m":597.04119045922675,"vertex_pos":0,"vertex_index":0,"vertex_part":0,"vertex_part_index":0,"distance":0.0,"angle":183.6032051716065,"id_nodo":263},"geometry":{"type":"Point","coordinates":[1060957.984616137575358,865440.961695225909352]}},
{"type":"Feature","properties":{"fid":264,"full_id":"w906001464","osm_id":"906001464","osm_type":"way","highway":"service","ford":null,"width":null,"covered":null,"tunnel":null,"layer":null,"bridge":null,"disused:highway":null,"service":null,"noname":null,"motorroad":null,"smoothness":null,"motorcycle":null,"busway:right":null,"tactile_paving":null,"turn:lanes":null,"cycleway":null,"footway":null,"crossing":null,"lit":null,"motor_vehicle:conditional":null,"motor_vehicle":null,"horse":null,"operator":null,"emergency":null,"bus":null,"psv":null,"oneway:bicycle":null,"sidewalk":null,"foot":null,"bicycle":null,"cycleway:right":null,"access":"destination","maxspeed":null,"destination:street":null,"surface":null,"oneway":null,"name":"Vía Circunvalar Universitaria","lanes":null,"alt_name":null,"longitud_m":8.945819703218854,"vertex_pos":0,"vertex_index":0,"vertex_part":0,"vertex_part_index":0,"distance":0.0,"angle":270.21332828474084,"id_nodo":264},"geometry":{"type":"Point","coordinates":[1060313.464946794556454,865237.473233343916945]}},
{"type":"Feature","properties":{"fid":265,"full_id":"w210634409","osm_id":"210634409","osm_type":"way","highway":"footway","ford":null,"width":null,"covered":null,"tunnel":null,"layer":null,"bridge":null,"disused:highway":null,"service":null,"noname":null,"motorroad":null,"smoothness":null,"motorcycle":null,"busway:right":null,"tactile_paving":null,"turn:lanes":null,"cycleway":null,"footway":null,"crossing":null,"lit":null,"motor_vehicle:conditional":null,"motor_vehicle":null,"horse":null,"operator":null,"emergency":null,"bus":null,"psv":null,"oneway:bicycle":null,"sidewalk":null,"foot":null,"bicycle":null,"cycleway:right":null,"access":null,"maxspeed":null,"destination:street":null,"surface":null,"oneway":null,"name":null,"lanes":null,"alt_name":null,"longitud_m":35.772127135344874,"vertex_pos":0,"vertex_index":0,"vertex_part":0,"vertex_part_index":0,"distance":0.0,"angle":269.82375418638981,"id_nodo":265},"geometry":{"type":"Point","coordinates":[1060313.963495252653956,865128.1935838048812]}},
{"type":"Feature","properties":{"fid":266,"full_id":"w210611607","osm_id":"210611607","osm_type":"way","highway":"footway","ford":null,"width":null,"covered":null,"tunnel":null,"layer":null,"bridge":null,"disused:highway":null,"service":null,"noname":null,"motorroad":null,"smoothness":null,"motorcycle":null,"busway:right":null,"tactile_paving":null,"turn:lanes":null,"cycleway":null,"footway":null,"crossing":null,"lit":null,"motor_vehicle:conditional":null,"motor_vehicle":null,"horse":null,"operator":null,"emergency":null,"bus":null,"psv":null,"oneway:bicycle":null,"sidewalk":null,"foot":"yes","bicycle":null,"cycleway:right":null,"access":null,"maxspeed":null,"destination:street":null,"surface":null,"oneway":null,"name":null,"lanes":null,"alt_name":null,"longitud_m":7.0515555948650581,"vertex_pos":-1,"vertex_index":1,"vertex_part":0,"vertex_part_index":1,"distance":7.0526721099246013,"angle":319.51342279931151,"id_nodo":266},"geometry":{"type":"Point","coordinates":[1060186.669243571581319,865133.150252663530409]}},
{"type":"Feature","properties":{"fid":267,"full_id":"w210613645","osm_id":"210613645","osm_type":"way","highway":"pedestrian","ford":null,"width":null,"covered":null,"tunnel":null,"layer":null,"bridge":null,"disused:highway":null,"service":null,"noname":null,"motorroad":null,"smoothness":null,"motorcycle":null,"busway:right":null,"tactile_paving":null,"turn:lanes":null,"cycleway":null,"footway":null,"crossing":null,"lit":null,"motor_vehicle:conditional":null,"motor_vehicle":null,"horse":null,"operator":null,"emergency":null,"bus":null,"psv":null,"oneway:bicycle":null,"sidewalk":null,"foot":"yes","bicycle":null,"cycleway:right":null,"access":null,"maxspeed":null,"destination:street":null,"surface":null,"oneway":null,"name":null,"lanes":null,"alt_name":null,"longitud_m":93.240847137942509,"vertex_pos":0,"vertex_index":0,"vertex_part":0,"vertex_part_index":0,"distance":0.0,"angle":359.06512446663731,"id_nodo":267},"geometry":{"type":"Point","coordinates":[1060585.688898782944307,864979.217418122570962]}},
{"type":"Feature","properties":{"fid":268,"full_id":"w906001466","osm_id":"906001466","osm_type":"way","highway":"footway","ford":null,"width":null,"covered":null,"tunnel":null,"layer":null,"bridge":null,"disused:highway":null,"service":null,"noname":null,"motorroad":null,"smoothness":null,"motorcycle":null,"busway:right":null,"tactile_paving":null,"turn:lanes":null,"cycleway":null,"footway":null,"crossing":null,"lit":null,"motor_vehicle:conditional":null,"motor_vehicle":null,"horse":null,"operator":null,"emergency":null,"bus":null,"psv":null,"oneway:bicycle":null,"sidewalk":null,"foot":null,"bicycle":null,"cycleway:right":null,"access":null,"maxspeed":null,"destination:street":null,"surface":null,"oneway":null,"name":null,"lanes":null,"alt_name":null,"longitud_m":2.3673933554771387,"vertex_pos":0,"vertex_index":0,"vertex_part":0,"vertex_part_index":0,"distance":0.0,"angle":248.3468732868678,"id_nodo":268},"geometry":{"type":"Point","coordinates":[1060316.164178390987217,865129.067257193149999]}},
{"type":"Feature","properties":{"fid":269,"full_id":"w210611607","osm_id":"210611607","osm_type":"way","highway":"footway","ford":null,"width":null,"covered":null,"tunnel":null,"layer":null,"bridge":null,"disused:highway":null,"service":null,"noname":null,"motorroad":null,"smoothness":null,"motorcycle":null,"busway:right":null,"tactile_paving":null,"turn:lanes":null,"cycleway":null,"footway":null,"crossing":null,"lit":null,"motor_vehicle:conditional":null,"motor_vehicle":null,"horse":null,"operator":null,"emergency":null,"bus":null,"psv":null,"oneway:bicycle":null,"sidewalk":null,"foot":"yes","bicycle":null,"cycleway:right":null,"access":null,"maxspeed":null,"destination:street":null,"surface":null,"oneway":null,"name":null,"lanes":null,"alt_name":null,"longitud_m":16.764708456723074,"vertex_pos":0,"vertex_index":0,"vertex_part":0,"vertex_part_index":0,"distance":0.0,"angle":0.64656791322531049,"id_nodo":269},"geometry":{"type":"Point","coordinates":[1060191.059119746321812,865111.019976004376076]}},
{"type":"Feature","properties":{"fid":270,"full_id":"w210610706","osm_id":"210610706","osm_type":"way","highway":"footway","ford":null,"width":null,"covered":null,"tunnel":null,"layer":null,"bridge":null,"disused:highway":null,"service":null,"noname":null,"motorroad":null,"smoothness":null,"motorcycle":null,"busway:right":null,"tactile_paving":null,"turn:lanes":null,"cycleway":null,"footway":null,"crossing":null,"lit":null,"motor_vehicle:conditional":null,"motor_vehicle":null,"horse":null,"operator":null,"emergency":null,"bus":null,"psv":null,"oneway:bicycle":null,"sidewalk":null,"foot":null,"bicycle":null,"cycleway:right":null,"access":null,"maxspeed":null,"destination:street":null,"surface":null,"oneway":null,"name":null,"lanes":null,"alt_name":null,"longitud_m":7.0924086143469838,"vertex_pos":-1,"vertex_index":1,"vertex_part":0,"vertex_part_index":1,"distance":7.0935230593716518,"angle":289.39635298874083,"id_nodo":270},"geometry":{"type":"Point","coordinates":[1060665.388819080544636,864782.499833084060811]}},
{"type":"Feature","properties":{"fid":271,"full_id":"w210611606","osm_id":"210611606","osm_type":"way","highway":"footway","ford":null,"width":null,"covered":null,"tunnel":null,"layer":null,"bridge":null,"disused:highway":null,"service":null,"noname":null,"motorroad":null,"smoothness":null,"motorcycle":null,"busway:right":null,"tactile_paving":null,"turn:lanes":null,"cycleway":null,"footway":null,"crossing":null,"lit":null,"motor_vehicle:conditional":null,"motor_vehicle":null,"horse":null,"operator":null,"emergency":null,"bus":null,"psv":null,"oneway:bicycle":null,"sidewalk":null,"foot":null,"bicycle":null,"cycleway:right":null,"access":null,"maxspeed":null,"destination:street":null,"surface":null,"oneway":null,"name":null,"lanes":null,"alt_name":null,"longitud_m":33.323154488496805,"vertex_pos":0,"vertex_index":0,"vertex_part":0,"vertex_part_index":0,"distance":0.0,"angle":90.645062369543069,"id_nodo":271},"geometry":{"type":"Point","coordinates":[1060268.138070984510705,865104.703745707753114]}},
{"type":"Feature","properties":{"fid":272,"full_id":"w906001464","osm_id":"906001464","osm_type":"way","highway":"service","ford":null,"width":null,"covered":null,"tunnel":null,"layer":null,"bridge":null,"disused:highway":null,"service":null,"noname":null,"motorroad":null,"smoothness":null,"motorcycle":null,"busway:right":null,"tactile_paving":null,"turn:lanes":null,"cycleway":null,"footway":null,"crossing":null,"lit":null,"motor_vehicle:conditional":null,"motor_vehicle":null,"horse":null,"operator":null,"emergency":null,"bus":null,"psv":null,"oneway:bicycle":null,"sidewalk":null,"foot":null,"bicycle":null,"cycleway:right":null,"access":"destination","maxspeed":null,"destination:street":null,"surface":null,"oneway":null,"name":"Vía Circunvalar Universitaria","lanes":null,"alt_name":null,"longitud_m":53.230216784445197,"vertex_pos":-1,"vertex_index":1,"vertex_part":0,"vertex_part_index":1,"distance":53.238602005723067,"angle":232.47779087214371,"id_nodo":272},"geometry":{"type":"Point","coordinates":[1060142.334710478084162,865206.464888437883928]}},
{"type":"Feature","properties":{"fid":273,"full_id":"w210614852","osm_id":"210614852","osm_type":"way","highway":"service","ford":null,"width":null,"covered":null,"tunnel":null,"layer":null,"bridge":null,"disused:highway":null,"service":null,"noname":null,"motorroad":null,"smoothness":null,"motorcycle":null,"busway:right":null,"tactile_paving":null,"turn:lanes":null,"cycleway":null,"footway":null,"crossing":null,"lit":null,"motor_vehicle:conditional":null,"motor_vehicle":null,"horse":null,"operator":null,"emergency":null,"bus":null,"psv":null,"oneway:bicycle":null,"sidewalk":null,"foot":null,"bicycle":null,"cycleway:right":null,"access":null,"maxspeed":null,"destination:street":null,"surface":null,"oneway":"yes","name":null,"lanes":null,"alt_name":null,"longitud_m":13.754025778606207,"vertex_pos":-1,"vertex_index":1,"vertex_part":0,"vertex_part_index":1,"distance":13.756206885764174,"angle":148.10290688211794,"id_nodo":273},"geometry":{"type":"Point","coordinates":[1060594.297695027664304,865489.439658486517146]}},
{"type":"Feature","properties":{"fid":274,"full_id":"w210619623","osm_id":"210619623","osm_type":"way","highway":"service","ford":null,"width":null,"covered":null,"tunnel":null,"layer":null,"bridge":null,"disused:highway":null,"service":null,"noname":null,"motorroad":null,"smoothness":null,"motorcycle":null,"busway:right":null,"tactile_paving":null,"turn:lanes":null,"cycleway":null,"footway":null,"crossing":null,"lit":null,"motor_vehicle:conditional":null,"motor_vehicle":null,"horse":null,"operator":null,"emergency":null,"bus":null,"psv":null,"oneway:bicycle":null,"sidewalk":null,"foot":null,"bicycle":null,"cycleway:right":null,"access":"destination","maxspeed":null,"destination:street":null,"surface":null,"oneway":null,"name":null,"lanes":null,"alt_name":null,"longitud_m":41.094425317974228,"vertex_pos":0,"vertex_index":0,"vertex_part":0,"vertex_part_index":0,"distance":0.0,"angle":43.963927515102377,"id_nodo":274},"geometry":{"type":"Point","coordinates":[1060170.278254627948627,865313.919241516268812]}},
{"type":"Feature","properties":{"fid":275,"full_id":"w210614851","osm_id":"210614851","osm_type":"way","highway":"service","ford":null,"width":null,"covered":null,"tunnel":null,"layer":null,"bridge":null,"disused:highway":null,"service":null,"noname":null,"motorroad":null,"smoothness":null,"motorcycle":null,"busway:right":null,"tactile_paving":null,"turn:lanes":null,"cycleway":null,"footway":null,"crossing":null,"lit":null,"motor_vehicle:conditional":null,"motor_vehicle":null,"horse":null,"operator":null,"emergency":null,"bus":null,"psv":null,"oneway:bicycle":null,"sidewalk":null,"foot":null,"bicycle":null,"cycleway:right":null,"access":null,"maxspeed":"20","destination:street":null,"surface":null,"oneway":"yes","name":null,"lanes":null,"alt_name":null,"longitud_m":13.789533742028517,"vertex_pos":-1,"vertex_index":1,"vertex_part":0,"vertex_part_index":1,"distance":13.791713441388842,"angle":39.662627973849105,"id_nodo":275},"geometry":{"type":"Point","coordinates":[1060603.100474445382133,865500.056740673840977]}},
{"type":"Feature","properties":{"fid":276,"full_id":"w210614852","osm_id":"210614852","osm_type":"way","highway":"service","ford":null,"width":null,"covered":null,"tunnel":null,"layer":null,"bridge":null,"disused:highway":null,"service":null,"noname":null,"motorroad":null,"smoothness":null,"motorcycle":null,"busway:right":null,"tactile_paving":null,"turn:lanes":null,"cycleway":null,"footway":null,"crossing":null,"lit":null,"motor_vehicle:conditional":null,"motor_vehicle":null,"horse":null,"operator":null,"emergency":null,"bus":null,"psv":null,"oneway:bicycle":null,"sidewalk":null,"foot":null,"bicycle":null,"cycleway:right":null,"access":null,"maxspeed":null,"destination:street":null,"surface":null,"oneway":"yes","name":null,"lanes":null,"alt_name":null,"longitud_m":13.754025778606207,"vertex_pos":0,"vertex_index":0,"vertex_part":0,"vertex_part_index":0,"distance":0.0,"angle":148.10290688211794,"id_nodo":276},"geometry":{"type":"Point","coordinates":[1060587.028980489587411,865501.118657452519983]}},
{"type":"Feature","properties":{"fid":277,"full_id":"w906001453","osm_id":"906001453","osm_type":"way","highway":"footway","ford":null,"width":null,"covered":null,"tunnel":null,"layer":null,"bridge":null,"disused:highway":null,"service":null,"noname":null,"motorroad":null,"smoothness":null,"motorcycle":null,"busway:right":null,"tactile_paving":null,"turn:lanes":null,"cycleway":null,"footway":null,"crossing":null,"lit":null,"motor_vehicle:conditional":null,"motor_vehicle":null,"horse":null,"operator":null,"emergency":null,"bus":null,"psv":null,"oneway:bicycle":null,"sidewalk":null,"foot":null,"bicycle":null,"cycleway:right":null,"access":null,"maxspeed":null,"destination:street":null,"surface":null,"oneway":null,"name":null,"lanes":null,"alt_name":null,"longitud_m":5.7516085344355972,"vertex_pos":-1,"vertex_index":1,"vertex_part":0,"vertex_part_index":1,"distance":5.75252435844543,"angle":1.3293566193269373,"id_nodo":277},"geometry":{"type":"Point","coordinates":[1060359.652688240399584,864952.489472062676214]}},
{"type":"Feature","properties":{"fid":278,"full_id":"w210613645","osm_id":"210613645","osm_type":"way","highway":"pedestrian","ford":null,"width":null,"covered":null,"tunnel":null,"layer":null,"bridge":null,"disused:highway":null,"service":null,"noname":null,"motorroad":null,"smoothness":null,"motorcycle":null,"busway:right":null,"tactile_paving":null,"turn:lanes":null,"cycleway":null,"footway":null,"crossing":null,"lit":null,"motor_vehicle:conditional":null,"motor_vehicle":null,"horse":null,"operator":null,"emergency":null,"bus":null,"psv":null,"oneway:bicycle":null,"sidewalk":null,"foot":"yes","bicycle":null,"cycleway:right":null,"access":null,"maxspeed":null,"destination:street":null,"surface":null,"oneway":null,"name":null,"lanes":null,"alt_name":null,"longitud_m":93.240847137942509,"vertex_pos":-1,"vertex_index":1,"vertex_part":0,"vertex_part_index":1,"distance":93.255693522750121,"angle":359.06512446663731,"id_nodo":278},"geometry":{"type":"Point","coordinates":[1060584.167345214169472,865072.4606980367098]}},
{"type":"Feature","properties":{"fid":279,"full_id":"w566855935","osm_id":"566855935","osm_type":"way","highway":"footway","ford":null,"width":null,"covered":null,"tunnel":null,"layer":null,"bridge":null,"disused:highway":null,"service":null,"noname":null,"motorroad":null,"smoothness":null,"motorcycle":null,"busway:right":null,"tactile_paving":"no","turn:lanes":null,"cycleway":null,"footway":null,"crossing":null,"lit":null,"motor_vehicle:conditional":null,"motor_vehicle":null,"horse":"no","operator":null,"emergency":null,"bus":null,"psv":null,"oneway:bicycle":null,"sidewalk":null,"foot":"yes","bicycle":"yes","cycleway:right":null,"access":null,"maxspeed":null,"destination:street":null,"surface":"concrete","oneway":null,"name":null,"lanes":null,"alt_name":null,"longitud_m":78.708804634703341,"vertex_pos":-1,"vertex_index":2,"vertex_part":0,"vertex_part_index":2,"distance":78.721245934570504,"angle":179.4057854181012,"id_nodo":279},"geometry":{"type":"Point","coordinates":[1060095.123159915441647,864708.010720497346483]}},
{"type":"Feature","properties":{"fid":280,"full_id":"w566855934","osm_id":"566855934","osm_type":"way","highway":"footway","ford":null,"width":null,"covered":null,"tunnel":null,"layer":null,"bridge":null,"disused:highway":null,"service":null,"noname":null,"motorroad":null,"smoothness":null,"motorcycle":null,"busway:right":null,"tactile_paving":null,"turn:lanes":null,"cycleway":null,"footway":"crossing","crossing":"zebra","lit":null,"motor_vehicle:conditional":null,"motor_vehicle":null,"horse":null,"operator":null,"emergency":null,"bus":null,"psv":null,"oneway:bicycle":null,"sidewalk":null,"foot":null,"bicycle":null,"cycleway:right":null,"access":null,"maxspeed":null,"destination:street":null,"surface":null,"oneway":null,"name":null,"lanes":null,"alt_name":null,"longitud_m":13.369357374850487,"vertex_pos":-1,"vertex_index":1,"vertex_part":0,"vertex_part_index":1,"distance":13.371485810393144,"angle":180.47709362391964,"id_nodo":280},"geometry":{"type":"Point","coordinates":[1060313.852154121501371,865114.822561557870358]}},
{"type":"Feature","properties":{"fid":281,"full_id":"w566855935","osm_id":"566855935","osm_type":"way","highway":"footway","ford":null,"width":null,"covered":null,"tunnel":null,"layer":null,"bridge":null,"disused:highway":null,"service":null,"noname":null,"motorroad":null,"smoothness":null,"motorcycle":null,"busway:right":null,"tactile_paving":"no","turn:lanes":null,"cycleway":null,"footway":null,"crossing":null,"lit":null,"motor_vehicle:conditional":null,"motor_vehicle":null,"horse":"no","operator":null,"emergency":null,"bus":null,"psv":null,"oneway:bicycle":null,"sidewalk":null,"foot":"yes","bicycle":"yes","cycleway:right":null,"access":null,"maxspeed":null,"destination:street":null,"surface":"concrete","oneway":null,"name":null,"lanes":null,"alt_name":null,"longitud_m":78.708804634703341,"vertex_pos":0,"vertex_index":0,"vertex_part":0,"vertex_part_index":0,"distance":0.0,"angle":250.12071808404264,"id_nodo":281},"geometry":{"type":"Point","coordinates":[1060133.546964353648946,864759.492386456229724]}},
{"type":"Feature","properties":{"fid":282,"full_id":"w566855931","osm_id":"566855931","osm_type":"way","highway":"footway","ford":null,"width":null,"covered":null,"tunnel":null,"layer":null,"bridge":null,"disused:highway":null,"service":null,"noname":null,"motorroad":null,"smoothness":null,"motorcycle":null,"busway:right":null,"tactile_paving":null,"turn:lanes":null,"cycleway":null,"footway":null,"crossing":null,"lit":null,"motor_vehicle:conditional":null,"motor_vehicle":null,"horse":null,"operator":null,"emergency":null,"bus":null,"psv":null,"oneway:bicycle":null,"sidewalk":null,"foot":null,"bicycle":null,"cycleway:right":null,"access":null,"maxspeed":null,"destination:street":null,"surface":null,"oneway":null,"name":null,"lanes":null,"alt_name":null,"longitud_m":69.74646549136105,"vertex_pos":-1,"vertex_index":2,"vertex_part":0,"vertex_part_index":2,"distance":69.757565841170631,"angle":179.51480118960299,"id_nodo":282},"geometry":{"type":"Point","coordinates":[1060489.070440780604258,864978.798395772930235]}},
{"type":"Feature","properties":{"fid":283,"full_id":"w566855931","osm_id":"566855931","osm_type":"way","highway":"footway","ford":null,"width":null,"covered":null,"tunnel":null,"layer":null,"bridge":null,"disused:highway":null,"service":null,"noname":null,"motorroad":null,"smoothness":null,"motorcycle":null,"busway:right":null,"tactile_paving":null,"turn:lanes":null,"cycleway":null,"footway":null,"crossing":null,"lit":null,"motor_vehicle:conditional":null,"motor_vehicle":null,"horse":null,"operator":null,"emergency":null,"bus":null,"psv":null,"oneway:bicycle":null,"sidewalk":null,"foot":null,"bicycle":null,"cycleway:right":null,"access":null,"maxspeed":null,"destination:street":null,"surface":null,"oneway":null,"name":null,"lanes":null,"alt_name":null,"longitud_m":82.051678650958351,"vertex_pos":-1,"vertex_index":1,"vertex_part":0,"vertex_part_index":1,"distance":82.064742021412016,"angle":180.46634989902898,"id_nodo":283},"geometry":{"type":"Point","coordinates":[1060482.59157594316639,865047.135584528092295]}},
{"type":"Feature","properties":{"fid":284,"full_id":"w566855935","osm_id":"566855935","osm_type":"way","highway":"footway","ford":null,"width":null,"covered":null,"tunnel":null,"layer":null,"bridge":null,"disused:highway":null,"service":null,"noname":null,"motorroad":null,"smoothness":null,"motorcycle":null,"busway:right":null,"tactile_paving":"no","turn:lanes":null,"cycleway":null,"footway":null,"crossing":null,"lit":null,"motor_vehicle:conditional":null,"motor_vehicle":null,"horse":"no","operator":null,"emergency":null,"bus":null,"psv":null,"oneway:bicycle":null,"sidewalk":null,"foot":"yes","bicycle":"yes","cycleway:right":null,"access":null,"maxspeed":null,"destination:street":null,"surface":"concrete","oneway":null,"name":null,"lanes":null,"alt_name":null,"longitud_m":39.954005352579408,"vertex_pos":-1,"vertex_index":1,"vertex_part":0,"vertex_part_index":1,"distance":39.960351316092371,"angle":150.25198254556307,"id_nodo":284},"geometry":{"type":"Point","coordinates":[1060118.961748624918982,864580.416022295248695]}},
{"type":"Feature","properties":{"fid":285,"full_id":"w1242288371","osm_id":"1242288371","osm_type":"way","highway":"service","ford":null,"width":null,"covered":null,"tunnel":null,"layer":null,"bridge":null,"disused:highway":"service","service":"driveway","noname":null,"motorroad":null,"smoothness":null,"motorcycle":null,"busway:right":null,"tactile_paving":null,"turn:lanes":null,"cycleway":null,"footway":null,"crossing":null,"lit":null,"motor_vehicle:conditional":null,"motor_vehicle":null,"horse":null,"operator":null,"emergency":null,"bus":null,"psv":null,"oneway:bicycle":null,"sidewalk":null,"foot":null,"bicycle":null,"cycleway:right":null,"access":null,"maxspeed":null,"destination:street":null,"surface":null,"oneway":null,"name":null,"lanes":null,"alt_name":null,"longitud_m":7.0950472609660196,"vertex_pos":-1,"vertex_index":1,"vertex_part":0,"vertex_part_index":1,"distance":7.096162139090028,"angle":63.829223034606187,"id_nodo":285},"geometry":{"type":"Point","coordinates":[1060072.326192086096853,864646.022203530999832]}},
{"type":"Feature","properties":{"fid":286,"full_id":"w566855935","osm_id":"566855935","osm_type":"way","highway":"footway","ford":null,"width":null,"covered":null,"tunnel":null,"layer":null,"bridge":null,"disused:highway":null,"service":null,"noname":null,"motorroad":null,"smoothness":null,"motorcycle":null,"busway:right":null,"tactile_paving":"no","turn:lanes":null,"cycleway":null,"footway":null,"crossing":null,"lit":null,"motor_vehicle:conditional":null,"motor_vehicle":null,"horse":"no","operator":null,"emergency":null,"bus":null,"psv":null,"oneway:bicycle":null,"sidewalk":null,"foot":"yes","bicycle":"yes","cycleway:right":null,"access":null,"maxspeed":null,"destination:street":null,"surface":"concrete","oneway":null,"name":null,"lanes":null,"alt_name":null,"longitud_m":53.266428877424573,"vertex_pos":-1,"vertex_index":4,"vertex_part":0,"vertex_part_index":4,"distance":53.274888205513307,"angle":132.47624630355642,"id_nodo":286},"geometry":{"type":"Point","coordinates":[1060099.133963284781203,864615.110238035209477]}},
{"type":"Feature","properties":{"fid":287,"full_id":"w1248246244","osm_id":"1248246244","osm_type":"way","highway":"footway","ford":null,"width":null,"covered":null,"tunnel":null,"layer":null,"bridge":null,"disused:highway":null,"service":null,"noname":null,"motorroad":null,"smoothness":null,"motorcycle":null,"busway:right":null,"tactile_paving":null,"turn:lanes":null,"cycleway":null,"footway":"crossing","crossing":"zebra","lit":null,"motor_vehicle:conditional":null,"motor_vehicle":null,"horse":null,"operator":null,"emergency":null,"bus":null,"psv":null,"oneway:bicycle":null,"sidewalk":null,"foot":null,"bicycle":null,"cycleway:right":null,"access":null,"maxspeed":null,"destination:street":null,"surface":null,"oneway":null,"name":null,"lanes":null,"alt_name":null,"longitud_m":6.0011771088346686,"vertex_pos":0,"vertex_index":0,"vertex_part":0,"vertex_part_index":0,"distance":0.0,"angle":90.52842044292349,"id_nodo":287},"geometry":{"type":"Point","coordinates":[1060890.888889396563172,864495.766954620601609]}},
{"type":"Feature","properties":{"fid":288,"full_id":"w1242288371","osm_id":"1242288371","osm_type":"way","highway":"service","ford":null,"width":null,"covered":null,"tunnel":null,"layer":null,"bridge":null,"disused:highway":"service","service":"driveway","noname":null,"motorroad":null,"smoothness":null,"motorcycle":null,"busway:right":null,"tactile_paving":null,"turn:lanes":null,"cycleway":null,"footway":null,"crossing":null,"lit":null,"motor_vehicle:conditional":null,"motor_vehicle":null,"horse":null,"operator":null,"emergency":null,"bus":null,"psv":null,"oneway:bicycle":null,"sidewalk":null,"foot":null,"bicycle":null,"cycleway:right":null,"access":null,"maxspeed":null,"destination:street":null,"surface":null,"oneway":null,"name":null,"lanes":null,"alt_name":null,"longitud_m":6.0475747728891029,"vertex_pos":-1,"vertex_index":1,"vertex_part":0,"vertex_part_index":1,"distance":6.048525028059931,"angle":63.971492211005632,"id_nodo":288},"geometry":{"type":"Point","coordinates":[1060065.957504094345495,864642.892454280983657]}},
{"type":"Feature","properties":{"fid":289,"full_id":"w566855935","osm_id":"566855935","osm_type":"way","highway":"footway","ford":null,"width":null,"covered":null,"tunnel":null,"layer":null,"bridge":null,"disused:highway":null,"service":null,"noname":null,"motorroad":null,"smoothness":null,"motorcycle":null,"busway:right":null,"tactile_paving":"no","turn:lanes":null,"cycleway":null,"footway":null,"crossing":null,"lit":null,"motor_vehicle:conditional":null,"motor_vehicle":null,"horse":"no","operator":null,"emergency":null,"bus":null,"psv":null,"oneway:bicycle":null,"sidewalk":null,"foot":"yes","bicycle":"yes","cycleway:right":null,"access":null,"maxspeed":null,"destination:street":null,"surface":"concrete","oneway":null,"name":null,"lanes":null,"alt_name":null,"longitud_m":29.911977378685478,"vertex_pos":-1,"vertex_index":1,"vertex_part":0,"vertex_part_index":1,"distance":29.916741922871129,"angle":180.36282445635493,"id_nodo":289},"geometry":{"type":"Point","coordinates":[1060095.411376272561029,864662.323618998518214]}},
{"type":"Feature","properties":{"fid":290,"full_id":"w566855935","osm_id":"566855935","osm_type":"way","highway":"footway","ford":null,"width":null,"covered":null,"tunnel":null,"layer":null,"bridge":null,"disused:highway":null,"service":null,"noname":null,"motorroad":null,"smoothness":null,"motorcycle":null,"busway:right":null,"tactile_paving":"no","turn:lanes":null,"cycleway":null,"footway":null,"crossing":null,"lit":null,"motor_vehicle:conditional":null,"motor_vehicle":null,"horse":"no","operator":null,"emergency":null,"bus":null,"psv":null,"oneway:bicycle":null,"sidewalk":null,"foot":"yes","bicycle":"yes","cycleway:right":null,"access":null,"maxspeed":null,"destination:street":null,"surface":"concrete","oneway":null,"name":null,"lanes":null,"alt_name":null,"longitud_m":15.775678406562223,"vertex_pos":-1,"vertex_index":1,"vertex_part":0,"vertex_part_index":1,"distance":15.778191340206563,"angle":178.26518670721083,"id_nodo":290},"geometry":{"type":"Point","coordinates":[1060095.600822217296809,864692.239761087927036]}},
{"type":"Feature","properties":{"fid":291,"full_id":"w1242288370","osm_id":"1242288370","osm_type":"way","highway":"service","ford":null,"width":null,"covered":null,"tunnel":null,"layer":null,"bridge":null,"disused:highway":null,"service":null,"noname":null,"motorroad":null,"smoothness":null,"motorcycle":null,"busway:right":null,"tactile_paving":null,"turn:lanes":null,"cycleway":null,"footway":null,"crossing":null,"lit":null,"motor_vehicle:conditional":null,"motor_vehicle":null,"horse":null,"operator":null,"emergency":null,"bus":null,"psv":null,"oneway:bicycle":null,"sidewalk":null,"foot":null,"bicycle":null,"cycleway:right":null,"access":null,"maxspeed":null,"destination:street":null,"surface":null,"oneway":null,"name":null,"lanes":null,"alt_name":null,"longitud_m":6.1195546909221736,"vertex_pos":-1,"vertex_index":1,"vertex_part":0,"vertex_part_index":1,"distance":6.1205172438702879,"angle":292.97446196839087,"id_nodo":291},"geometry":{"type":"Point","coordinates":[1060064.258113212184981,864709.802901110961102]}},
{"type":"Feature","properties":{"fid":292,"full_id":"w566855927","osm_id":"566855927","osm_type":"way","highway":"footway","ford":null,"width":null,"covered":null,"tunnel":null,"layer":null,"bridge":null,"disused:highway":null,"service":null,"noname":null,"motorroad":null,"smoothness":null,"motorcycle":null,"busway:right":null,"tactile_paving":null,"turn:lanes":null,"cycleway":null,"footway":null,"crossing":null,"lit":null,"motor_vehicle:conditional":null,"motor_vehicle":null,"horse":null,"operator":null,"emergency":null,"bus":null,"psv":null,"oneway:bicycle":null,"sidewalk":null,"foot":null,"bicycle":null,"cycleway:right":null,"access":null,"maxspeed":null,"destination:street":null,"surface":null,"oneway":null,"name":null,"lanes":null,"alt_name":null,"longitud_m":84.012682314802362,"vertex_pos":-1,"vertex_index":2,"vertex_part":0,"vertex_part_index":2,"distance":84.025854309170995,"angle":90.162984553697811,"id_nodo":292},"geometry":{"type":"Point","coordinates":[1060672.493236988782883,864979.194258703966625]}},
{"type":"Feature","properties":{"fid":293,"full_id":"w566855927","osm_id":"566855927","osm_type":"way","highway":"footway","ford":null,"width":null,"covered":null,"tunnel":null,"layer":null,"bridge":null,"disused:highway":null,"service":null,"noname":null,"motorroad":null,"smoothness":null,"motorcycle":null,"busway:right":null,"tactile_paving":null,"turn:lanes":null,"cycleway":null,"footway":null,"crossing":null,"lit":null,"motor_vehicle:conditional":null,"motor_vehicle":null,"horse":null,"operator":null,"emergency":null,"bus":null,"psv":null,"oneway:bicycle":null,"sidewalk":null,"foot":null,"bicycle":null,"cycleway:right":null,"access":null,"maxspeed":null,"destination:street":null,"surface":null,"oneway":null,"name":null,"lanes":null,"alt_name":null,"longitud_m":2.7782804344781247,"vertex_pos":-1,"vertex_index":1,"vertex_part":0,"vertex_part_index":1,"distance":2.7787160250542402,"angle":89.544618426648768,"id_nodo":293},"geometry":{"type":"Point","coordinates":[1060588.467527043772861,864979.239502868847921]}},
{"type":"Feature","properties":{"fid":294,"full_id":"w1248246245","osm_id":"1248246245","osm_type":"way","highway":"footway","ford":null,"width":null,"covered":null,"tunnel":null,"layer":null,"bridge":null,"disused:highway":null,"service":null,"noname":null,"motorroad":null,"smoothness":null,"motorcycle":null,"busway:right":null,"tactile_paving":null,"turn:lanes":null,"cycleway":null,"footway":"sidewalk","crossing":null,"lit":null,"motor_vehicle:conditional":null,"motor_vehicle":null,"horse":null,"operator":null,"emergency":null,"bus":null,"psv":null,"oneway:bicycle":null,"sidewalk":null,"foot":null,"bicycle":null,"cycleway:right":null,"access":null,"maxspeed":null,"destination:street":null,"surface":null,"oneway":null,"name":null,"lanes":null,"alt_name":null,"longitud_m":69.861764157008409,"vertex_pos":-1,"vertex_index":1,"vertex_part":0,"vertex_part_index":1,"distance":69.872892049901381,"angle":183.93172224415736,"id_nodo":294},"geometry":{"type":"Point","coordinates":[1060892.367402310017496,864525.450834838906303]}},
{"type":"Feature","properties":{"fid":295,"full_id":"w518953951","osm_id":"518953951","osm_type":"way","highway":"service","ford":null,"width":null,"covered":null,"tunnel":null,"layer":null,"bridge":null,"disused:highway":null,"service":null,"noname":null,"motorroad":null,"smoothness":null,"motorcycle":null,"busway:right":null,"tactile_paving":null,"turn:lanes":null,"cycleway":null,"footway":null,"crossing":null,"lit":null,"motor_vehicle:conditional":null,"motor_vehicle":null,"horse":null,"operator":null,"emergency":null,"bus":null,"psv":null,"oneway:bicycle":null,"sidewalk":null,"foot":null,"bicycle":null,"cycleway:right":"lane","access":"destination","maxspeed":null,"destination:street":null,"surface":null,"oneway":"yes","name":"Avenida Garcés","lanes":null,"alt_name":null,"longitud_m":17.090120622155183,"vertex_pos":-1,"vertex_index":2,"vertex_part":0,"vertex_part_index":2,"distance":17.092809815112737,"angle":116.55736878161635,"id_nodo":295},"geometry":{"type":"Point","coordinates":[1060820.490699377143756,864640.515340987010859]}},
{"type":"Feature","properties":{"fid":296,"full_id":"w566855927","osm_id":"566855927","osm_type":"way","highway":"footway","ford":null,"width":null,"covered":null,"tunnel":null,"layer":null,"bridge":null,"disused:highway":null,"service":null,"noname":null,"motorroad":null,"smoothness":null,"motorcycle":null,"busway:right":null,"tactile_paving":null,"turn:lanes":null,"cycleway":null,"footway":null,"crossing":null,"lit":null,"motor_vehicle:conditional":null,"motor_vehicle":null,"horse":null,"operator":null,"emergency":null,"bus":null,"psv":null,"oneway:bicycle":null,"sidewalk":null,"foot":null,"bicycle":null,"cycleway:right":null,"access":null,"maxspeed":null,"destination:street":null,"surface":null,"oneway":null,"name":null,"lanes":null,"alt_name":null,"longitud_m":31.137988392536325,"vertex_pos":0,"vertex_index":0,"vertex_part":0,"vertex_part_index":0,"distance":0.0,"angle":90.041412684377605,"id_nodo":296},"geometry":{"type":"Point","coordinates":[1060554.546036530751735,864979.239927804097533]}},
{"type":"Feature","properties":{"fid":297,"full_id":"w566855929","osm_id":"566855929","osm_type":"way","highway":"footway","ford":null,"width":null,"covered":null,"tunnel":null,"layer":null,"bridge":null,"disused:highway":null,"service":null,"noname":null,"motorroad":null,"smoothness":null,"motorcycle":null,"busway:right":null,"tactile_paving":null,"turn:lanes":null,"cycleway":null,"footway":null,"crossing":null,"lit":null,"motor_vehicle:conditional":null,"motor_vehicle":null,"horse":null,"operator":null,"emergency":null,"bus":null,"psv":null,"oneway:bicycle":null,"sidewalk":null,"foot":null,"bicycle":null,"cycleway:right":null,"access":null,"maxspeed":null,"destination:street":null,"surface":null,"oneway":null,"name":null,"lanes":null,"alt_name":null,"longitud_m":72.858458444041446,"vertex_pos":-1,"vertex_index":2,"vertex_part":0,"vertex_part_index":2,"distance":72.870054405441309,"angle":336.13127972386764,"id_nodo":297},"geometry":{"type":"Point","coordinates":[1060498.607618477661163,865050.287350019207224]}},
{"type":"Feature","properties":{"fid":298,"full_id":"w1248246244","osm_id":"1248246244","osm_type":"way","highway":"footway","ford":null,"width":null,"covered":null,"tunnel":null,"layer":null,"bridge":null,"disused:highway":null,"service":null,"noname":null,"motorroad":null,"smoothness":null,"motorcycle":null,"busway:right":null,"tactile_paving":null,"turn:lanes":null,"cycleway":null,"footway":"crossing","crossing":"zebra","lit":null,"motor_vehicle:conditional":null,"motor_vehicle":null,"horse":null,"operator":null,"emergency":null,"bus":null,"psv":null,"oneway:bicycle":null,"sidewalk":null,"foot":null,"bicycle":null,"cycleway:right":null,"access":null,"maxspeed":null,"destination:street":null,"surface":null,"oneway":null,"name":null,"lanes":null,"alt_name":null,"longitud_m":5.8790541717554552,"vertex_pos":0,"vertex_index":0,"vertex_part":0,"vertex_part_index":0,"distance":0.0,"angle":270.64715804152689,"id_nodo":298},"geometry":{"type":"Point","coordinates":[1060898.247003175551072,864525.384421695838682]}},
{"type":"Feature","properties":{"fid":299,"full_id":"w566855929","osm_id":"566855929","osm_type":"way","highway":"footway","ford":null,"width":null,"covered":null,"tunnel":null,"layer":null,"bridge":null,"disused:highway":null,"service":null,"noname":null,"motorroad":null,"smoothness":null,"motorcycle":null,"busway:right":null,"tactile_paving":null,"turn:lanes":null,"cycleway":null,"footway":null,"crossing":null,"lit":null,"motor_vehicle:conditional":null,"motor_vehicle":null,"horse":null,"operator":null,"emergency":null,"bus":null,"psv":null,"oneway:bicycle":null,"sidewalk":null,"foot":null,"bicycle":null,"cycleway:right":null,"access":null,"maxspeed":null,"destination:street":null,"surface":null,"oneway":null,"name":null,"lanes":null,"alt_name":null,"longitud_m":40.151630582462786,"vertex_pos":-1,"vertex_index":1,"vertex_part":0,"vertex_part_index":1,"distance":40.157925711228835,"angle":269.55891516944774,"id_nodo":299},"geometry":{"type":"Point","coordinates":[1060506.575798192527145,864978.875581333762966]}},
{"type":"Feature","properties":{"fid":300,"full_id":"w566855929","osm_id":"566855929","osm_type":"way","highway":"footway","ford":null,"width":null,"covered":null,"tunnel":null,"layer":null,"bridge":null,"disused:highway":null,"service":null,"noname":null,"motorroad":null,"smoothness":null,"motorcycle":null,"busway:right":null,"tactile_paving":null,"turn:lanes":null,"cycleway":null,"footway":null,"crossing":null,"lit":null,"motor_vehicle:conditional":null,"motor_vehicle":null,"horse":null,"operator":null,"emergency":null,"bus":null,"psv":null,"oneway:bicycle":null,"sidewalk":null,"foot":null,"bicycle":null,"cycleway:right":null,"access":null,"maxspeed":null,"destination:street":null,"surface":null,"oneway":null,"name":null,"lanes":null,"alt_name":null,"longitud_m":7.8124727029834036,"vertex_pos":-1,"vertex_index":1,"vertex_part":0,"vertex_part_index":1,"distance":7.8136975748882689,"angle":269.59524099714264,"id_nodo":300},"geometry":{"type":"Point","coordinates":[1060546.732533928006887,864979.18472935562022]}},
{"type":"Feature","properties":{"fid":301,"full_id":"w566855927","osm_id":"566855927","osm_type":"way","highway":"footway","ford":null,"width":null,"covered":null,"tunnel":null,"layer":null,"bridge":null,"disused:highway":null,"service":null,"noname":null,"motorroad":null,"smoothness":null,"motorcycle":null,"busway:right":null,"tactile_paving":null,"turn:lanes":null,"cycleway":null,"footway":null,"crossing":null,"lit":null,"motor_vehicle:conditional":null,"motor_vehicle":null,"horse":null,"operator":null,"emergency":null,"bus":null,"psv":null,"oneway:bicycle":null,"sidewalk":null,"foot":null,"bicycle":null,"cycleway:right":null,"access":null,"maxspeed":null,"destination:street":null,"surface":null,"oneway":null,"name":null,"lanes":null,"alt_name":null,"longitud_m":40.107863887726268,"vertex_pos":-1,"vertex_index":3,"vertex_part":0,"vertex_part_index":3,"distance":40.114213302353249,"angle":179.67394843891518,"id_nodo":301},"geometry":{"type":"Point","coordinates":[1060687.730951381847262,864954.077792848809622]}},
{"type":"Feature","properties":{"fid":302,"full_id":"w1242288370","osm_id":"1242288370","osm_type":"way","highway":"service","ford":null,"width":null,"covered":null,"tunnel":null,"layer":null,"bridge":null,"disused:highway":null,"service":null,"noname":null,"motorroad":null,"smoothness":null,"motorcycle":null,"busway:right":null,"tactile_paving":null,"turn:lanes":null,"cycleway":null,"footway":null,"crossing":null,"lit":null,"motor_vehicle:conditional":null,"motor_vehicle":null,"horse":null,"operator":null,"emergency":null,"bus":null,"psv":null,"oneway:bicycle":null,"sidewalk":null,"foot":null,"bicycle":null,"cycleway:right":null,"access":null,"maxspeed":null,"destination:street":null,"surface":null,"oneway":null,"name":null,"lanes":null,"alt_name":null,"longitud_m":6.1195546909221736,"vertex_pos":0,"vertex_index":0,"vertex_part":0,"vertex_part_index":0,"distance":0.0,"angle":292.97446196839087,"id_nodo":302},"geometry":{"type":"Point","coordinates":[1060069.893144416622818,864707.413935925462283]}},
{"type":"Feature","properties":{"fid":303,"full_id":"w1242288369","osm_id":"1242288369","osm_type":"way","highway":"footway","ford":null,"width":null,"covered":null,"tunnel":null,"layer":null,"bridge":null,"disused:highway":null,"service":null,"noname":null,"motorroad":null,"smoothness":null,"motorcycle":null,"busway:right":null,"tactile_paving":null,"turn:lanes":null,"cycleway":null,"footway":null,"crossing":null,"lit":null,"motor_vehicle:conditional":null,"motor_vehicle":null,"horse":null,"operator":null,"emergency":null,"bus":null,"psv":null,"oneway:bicycle":null,"sidewalk":null,"foot":null,"bicycle":null,"cycleway:right":null,"access":null,"maxspeed":null,"destination:street":null,"surface":null,"oneway":null,"name":null,"lanes":null,"alt_name":null,"longitud_m":266.84877182986179,"vertex_pos":-1,"vertex_index":3,"vertex_part":0,"vertex_part_index":3,"distance":266.89127169642535,"angle":357.92597819448633,"id_nodo":303},"geometry":{"type":"Point","coordinates":[1060054.970906366361305,864976.526787415146828]}},
{"type":"Feature","properties":{"fid":304,"full_id":"w518953951","osm_id":"518953951","osm_type":"way","highway":"service","ford":null,"width":null,"covered":null,"tunnel":null,"layer":null,"bridge":null,"disused:highway":null,"service":null,"noname":null,"motorroad":null,"smoothness":null,"motorcycle":null,"busway:right":null,"tactile_paving":null,"turn:lanes":null,"cycleway":null,"footway":null,"crossing":null,"lit":null,"motor_vehicle:conditional":null,"motor_vehicle":null,"horse":null,"operator":null,"emergency":null,"bus":null,"psv":null,"oneway:bicycle":null,"sidewalk":null,"foot":null,"bicycle":null,"cycleway:right":"lane","access":"destination","maxspeed":null,"destination:street":null,"surface":null,"oneway":"yes","name":"Avenida Garcés","lanes":null,"alt_name":null,"longitud_m":80.031750347610483,"vertex_pos":-1,"vertex_index":2,"vertex_part":0,"vertex_part_index":2,"distance":80.044315104980086,"angle":112.21645594818995,"id_nodo":304},"geometry":{"type":"Point","coordinates":[1060424.59323218325153,864837.701239218236879]}},
{"type":"Feature","properties":{"fid":305,"full_id":"w518953951","osm_id":"518953951","osm_type":"way","highway":"service","ford":null,"width":null,"covered":null,"tunnel":null,"layer":null,"bridge":null,"disused:highway":null,"service":null,"noname":null,"motorroad":null,"smoothness":null,"motorcycle":null,"busway:right":null,"tactile_paving":null,"turn:lanes":null,"cycleway":null,"footway":null,"crossing":null,"lit":null,"motor_vehicle:conditional":null,"motor_vehicle":null,"horse":null,"operator":null,"emergency":null,"bus":null,"psv":null,"oneway:bicycle":null,"sidewalk":null,"foot":null,"bicycle":null,"cycleway:right":"lane","access":"destination","maxspeed":null,"destination:street":null,"surface":null,"oneway":"yes","name":"Avenida Garcés","lanes":null,"alt_name":null,"longitud_m":134.18768663092712,"vertex_pos":-1,"vertex_index":1,"vertex_part":0,"vertex_part_index":1,"distance":134.20880098517281,"angle":115.89209795654163,"id_nodo":305},"geometry":{"type":"Point","coordinates":[1060805.141586377518252,864648.036008072202094]}},
{"type":"Feature","properties":{"fid":306,"full_id":"w518953951","osm_id":"518953951","osm_type":"way","highway":"service","ford":null,"width":null,"covered":null,"tunnel":null,"layer":null,"bridge":null,"disused:highway":null,"service":null,"noname":null,"motorroad":null,"smoothness":null,"motorcycle":null,"busway:right":null,"tactile_paving":null,"turn:lanes":null,"cycleway":null,"footway":null,"crossing":null,"lit":null,"motor_vehicle:conditional":null,"motor_vehicle":null,"horse":null,"operator":null,"emergency":null,"bus":null,"psv":null,"oneway:bicycle":null,"sidewalk":null,"foot":null,"bicycle":null,"cycleway:right":"lane","access":"destination","maxspeed":null,"destination:street":null,"surface":null,"oneway":"yes","name":"Avenida Garcés","lanes":null,"alt_name":null,"longitud_m":50.653125749002633,"vertex_pos":-1,"vertex_index":1,"vertex_part":0,"vertex_part_index":1,"distance":50.661100504984056,"angle":118.1490878059858,"id_nodo":306},"geometry":{"type":"Point","coordinates":[1060684.404931555036455,864706.642001316533424]}},
{"type":"Feature","properties":{"fid":307,"full_id":"w1198489247","osm_id":"1198489247","osm_type":"way","highway":"service","ford":null,"width":null,"covered":null,"tunnel":null,"layer":null,"bridge":null,"disused:highway":null,"service":null,"noname":null,"motorroad":null,"smoothness":"good","motorcycle":"yes","busway:right":null,"tactile_paving":null,"turn:lanes":null,"cycleway":null,"footway":null,"crossing":null,"lit":null,"motor_vehicle:conditional":null,"motor_vehicle":null,"horse":null,"operator":null,"emergency":null,"bus":null,"psv":null,"oneway:bicycle":null,"sidewalk":null,"foot":null,"bicycle":null,"cycleway:right":null,"access":"destination","maxspeed":null,"destination:street":null,"surface":"asphalt","oneway":"no","name":null,"lanes":null,"alt_name":null,"longitud_m":33.39757058850391,"vertex_pos":-1,"vertex_index":2,"vertex_part":0,"vertex_part_index":2,"distance":33.402879380257801,"angle":197.94017301792229,"id_nodo":307},"geometry":{"type":"Point","coordinates":[1060321.366835032356903,864440.686169381253421]}},
{"type":"Feature","properties":{"fid":308,"full_id":"w518953951","osm_id":"518953951","osm_type":"way","highway":"service","ford":null,"width":null,"covered":null,"tunnel":null,"layer":null,"bridge":null,"disused:highway":null,"service":null,"noname":null,"motorroad":null,"smoothness":null,"motorcycle":null,"busway:right":null,"tactile_paving":null,"turn:lanes":null,"cycleway":null,"footway":null,"crossing":null,"lit":null,"motor_vehicle:conditional":null,"motor_vehicle":null,"horse":null,"operator":null,"emergency":null,"bus":null,"psv":null,"oneway:bicycle":null,"sidewalk":null,"foot":null,"bicycle":null,"cycleway:right":"lane","access":"destination","maxspeed":null,"destination:street":null,"surface":null,"oneway":"yes","name":"Avenida Garcés","lanes":null,"alt_name":null,"longitud_m":165.18140035731204,"vertex_pos":-1,"vertex_index":1,"vertex_part":0,"vertex_part_index":1,"distance":165.20739663574122,"angle":116.4780829344492,"id_nodo":308},"geometry":{"type":"Point","coordinates":[1060639.735873740864918,864730.542260276852176]}},
{"type":"Feature","properties":{"fid":309,"full_id":"w1198489246","osm_id":"1198489246","osm_type":"way","highway":"service","ford":null,"width":null,"covered":null,"tunnel":null,"layer":null,"bridge":null,"disused:highway":null,"service":null,"noname":null,"motorroad":null,"smoothness":null,"motorcycle":null,"busway:right":null,"tactile_paving":null,"turn:lanes":null,"cycleway":null,"footway":null,"crossing":null,"lit":null,"motor_vehicle:conditional":null,"motor_vehicle":null,"horse":null,"operator":null,"emergency":null,"bus":null,"psv":null,"oneway:bicycle":null,"sidewalk":"both","foot":"yes","bicycle":null,"cycleway:right":null,"access":null,"maxspeed":"20","destination:street":null,"surface":null,"oneway":"yes","name":null,"lanes":null,"alt_name":null,"longitud_m":1.9872143468146115,"vertex_pos":-1,"vertex_index":1,"vertex_part":0,"vertex_part_index":1,"distance":1.9875303141886942,"angle":197.91358246226963,"id_nodo":309},"geometry":{"type":"Point","coordinates":[1060312.686285714851692,864435.753729334566742]}},
{"type":"Feature","properties":{"fid":310,"full_id":"w478159781","osm_id":"478159781","osm_type":"way","highway":"tertiary_link","ford":null,"width":null,"covered":null,"tunnel":null,"layer":null,"bridge":null,"disused:highway":null,"service":null,"noname":null,"motorroad":null,"smoothness":null,"motorcycle":null,"busway:right":null,"tactile_paving":null,"turn:lanes":null,"cycleway":null,"footway":null,"crossing":null,"lit":null,"motor_vehicle:conditional":null,"motor_vehicle":null,"horse":null,"operator":null,"emergency":null,"bus":null,"psv":null,"oneway:bicycle":null,"sidewalk":null,"foot":null,"bicycle":null,"cycleway:right":null,"access":null,"maxspeed":null,"destination:street":"Calle 16","surface":"asphalt","oneway":"yes","name":null,"lanes":"1","alt_name":null,"longitud_m":6.9783820546528741,"vertex_pos":-1,"vertex_index":1,"vertex_part":0,"vertex_part_index":1,"distance":6.9794906536733547,"angle":157.72861101794737,"id_nodo":310},"geometry":{"type":"Point","coordinates":[1060956.373078013304621,865447.741227881400846]}},
{"type":"Feature","properties":{"fid":311,"full_id":"w478159781","osm_id":"478159781","osm_type":"way","highway":"tertiary_link","ford":null,"width":null,"covered":null,"tunnel":null,"layer":null,"bridge":null,"disused:highway":null,"service":null,"noname":null,"motorroad":null,"smoothness":null,"motorcycle":null,"busway:right":null,"tactile_paving":null,"turn:lanes":null,"cycleway":null,"footway":null,"crossing":null,"lit":null,"motor_vehicle:conditional":null,"motor_vehicle":null,"horse":null,"operator":null,"emergency":null,"bus":null,"psv":null,"oneway:bicycle":null,"sidewalk":null,"foot":null,"bicycle":null,"cycleway:right":null,"access":null,"maxspeed":null,"destination:street":"Calle 16","surface":"asphalt","oneway":"yes","name":null,"lanes":"1","alt_name":null,"longitud_m":6.9764957838098711,"vertex_pos":-1,"vertex_index":1,"vertex_part":0,"vertex_part_index":1,"distance":6.9776021884436377,"angle":149.03650908058574,"id_nodo":311},"geometry":{"type":"Point","coordinates":[1060953.727892215130851,865454.200042159412988]}},
{"type":"Feature","properties":{"fid":312,"full_id":"w1198489248","osm_id":"1198489248","osm_type":"way","highway":"service","ford":null,"width":null,"covered":null,"tunnel":null,"layer":null,"bridge":null,"disused:highway":null,"service":null,"noname":null,"motorroad":null,"smoothness":null,"motorcycle":null,"busway:right":null,"tactile_paving":null,"turn:lanes":null,"cycleway":null,"footway":null,"crossing":null,"lit":null,"motor_vehicle:conditional":null,"motor_vehicle":null,"horse":null,"operator":null,"emergency":null,"bus":null,"psv":null,"oneway:bicycle":null,"sidewalk":null,"foot":null,"bicycle":null,"cycleway:right":"lane","access":null,"maxspeed":null,"destination:street":null,"surface":null,"oneway":"yes","name":"Avenida Garcés","lanes":null,"alt_name":null,"longitud_m":5.5423635635461999,"vertex_pos":-1,"vertex_index":1,"vertex_part":0,"vertex_part_index":1,"distance":5.5432352110141965,"angle":113.89260664135796,"id_nodo":312},"geometry":{"type":"Point","coordinates":[1060902.62681817705743,864599.085375741822645]}},
{"type":"Feature","properties":{"fid":313,"full_id":"w478159781","osm_id":"478159781","osm_type":"way","highway":"tertiary_link","ford":null,"width":null,"covered":null,"tunnel":null,"layer":null,"bridge":null,"disused:highway":null,"service":null,"noname":null,"motorroad":null,"smoothness":null,"motorcycle":null,"busway:right":null,"tactile_paving":null,"turn:lanes":null,"cycleway":null,"footway":null,"crossing":null,"lit":null,"motor_vehicle:conditional":null,"motor_vehicle":null,"horse":null,"operator":null,"emergency":null,"bus":null,"psv":null,"oneway:bicycle":null,"sidewalk":null,"foot":null,"bicycle":null,"cycleway:right":null,"access":null,"maxspeed":null,"destination:street":"Calle 16","surface":"asphalt","oneway":"yes","name":null,"lanes":"1","alt_name":null,"longitud_m":6.9884054587862217,"vertex_pos":-1,"vertex_index":1,"vertex_part":0,"vertex_part_index":1,"distance":6.9895114378544534,"angle":140.26492283401083,"id_nodo":313},"geometry":{"type":"Point","coordinates":[1060950.137973243370652,865460.18330331670586]}},
{"type":"Feature","properties":{"fid":314,"full_id":"w478159781","osm_id":"478159781","osm_type":"way","highway":"tertiary_link","ford":null,"width":null,"covered":null,"tunnel":null,"layer":null,"bridge":null,"disused:highway":null,"service":null,"noname":null,"motorroad":null,"smoothness":null,"motorcycle":null,"busway:right":null,"tactile_paving":null,"turn:lanes":null,"cycleway":null,"footway":null,"crossing":null,"lit":null,"motor_vehicle:conditional":null,"motor_vehicle":null,"horse":null,"operator":null,"emergency":null,"bus":null,"psv":null,"oneway:bicycle":null,"sidewalk":null,"foot":null,"bicycle":null,"cycleway:right":null,"access":null,"maxspeed":null,"destination:street":"Calle 16","surface":"asphalt","oneway":"yes","name":null,"lanes":"1","alt_name":null,"longitud_m":7.7882725514650319,"vertex_pos":-1,"vertex_index":1,"vertex_part":0,"vertex_part_index":1,"distance":7.7895021638406758,"angle":130.99222920910643,"id_nodo":314},"geometry":{"type":"Point","coordinates":[1060945.670006804401055,865465.558295971597545]}},
{"type":"Feature","properties":{"fid":315,"full_id":"w518953951","osm_id":"518953951","osm_type":"way","highway":"service","ford":null,"width":null,"covered":null,"tunnel":null,"layer":null,"bridge":null,"disused:highway":null,"service":null,"noname":null,"motorroad":null,"smoothness":null,"motorcycle":null,"busway:right":null,"tactile_paving":null,"turn:lanes":null,"cycleway":null,"footway":null,"crossing":null,"lit":null,"motor_vehicle:conditional":null,"motor_vehicle":null,"horse":null,"operator":null,"emergency":null,"bus":null,"psv":null,"oneway:bicycle":null,"sidewalk":null,"foot":null,"bicycle":null,"cycleway:right":"lane","access":"destination","maxspeed":null,"destination:street":null,"surface":null,"oneway":"yes","name":"Avenida Garcés","lanes":null,"alt_name":null,"longitud_m":76.714785176256271,"vertex_pos":-1,"vertex_index":2,"vertex_part":0,"vertex_part_index":2,"distance":76.72681773103362,"angle":85.718274230421954,"id_nodo":315},"geometry":{"type":"Point","coordinates":[1060339.70068528293632,864852.024601431330666]}},
{"type":"Feature","properties":{"fid":316,"full_id":"w518953951","osm_id":"518953951","osm_type":"way","highway":"service","ford":null,"width":null,"covered":null,"tunnel":null,"layer":null,"bridge":null,"disused:highway":null,"service":null,"noname":null,"motorroad":null,"smoothness":null,"motorcycle":null,"busway:right":null,"tactile_paving":null,"turn:lanes":null,"cycleway":null,"footway":null,"crossing":null,"lit":null,"motor_vehicle:conditional":null,"motor_vehicle":null,"horse":null,"operator":null,"emergency":null,"bus":null,"psv":null,"oneway:bicycle":null,"sidewalk":null,"foot":null,"bicycle":null,"cycleway:right":"lane","access":"destination","maxspeed":null,"destination:street":null,"surface":null,"oneway":"yes","name":"Avenida Garcés","lanes":null,"alt_name":null,"longitud_m":74.65050204615028,"vertex_pos":-1,"vertex_index":1,"vertex_part":0,"vertex_part_index":1,"distance":74.662213238545689,"angle":74.58986487053842,"id_nodo":316},"geometry":{"type":"Point","coordinates":[1060264.955250727245584,864835.237295454600826]}},
{"type":"Feature","properties":{"fid":317,"full_id":"w518953951","osm_id":"518953951","osm_type":"way","highway":"service","ford":null,"width":null,"covered":null,"tunnel":null,"layer":null,"bridge":null,"disused:highway":null,"service":null,"noname":null,"motorroad":null,"smoothness":null,"motorcycle":null,"busway:right":null,"tactile_paving":null,"turn:lanes":null,"cycleway":null,"footway":null,"crossing":null,"lit":null,"motor_vehicle:conditional":null,"motor_vehicle":null,"horse":null,"operator":null,"emergency":null,"bus":null,"psv":null,"oneway:bicycle":null,"sidewalk":null,"foot":null,"bicycle":null,"cycleway:right":"lane","access":"destination","maxspeed":null,"destination:street":null,"surface":null,"oneway":"yes","name":"Avenida Garcés","lanes":null,"alt_name":null,"longitud_m":19.031410970902449,"vertex_pos":-1,"vertex_index":1,"vertex_part":0,"vertex_part_index":1,"distance":19.034396294843756,"angle":75.498303697169149,"id_nodo":317},"geometry":{"type":"Point","coordinates":[1060192.977262426866218,864815.397555388044566]}},
{"type":"Feature","properties":{"fid":318,"full_id":"w1076125157","osm_id":"1076125157","osm_type":"way","highway":"service","ford":null,"width":null,"covered":null,"tunnel":null,"layer":null,"bridge":null,"disused:highway":null,"service":null,"noname":null,"motorroad":null,"smoothness":null,"motorcycle":null,"busway:right":null,"tactile_paving":null,"turn:lanes":null,"cycleway":null,"footway":null,"crossing":null,"lit":null,"motor_vehicle:conditional":null,"motor_vehicle":null,"horse":null,"operator":null,"emergency":null,"bus":null,"psv":null,"oneway:bicycle":null,"sidewalk":null,"foot":null,"bicycle":null,"cycleway:right":null,"access":"destination","maxspeed":null,"destination:street":null,"surface":null,"oneway":null,"name":null,"lanes":null,"alt_name":null,"longitud_m":38.365434932581962,"vertex_pos":-1,"vertex_index":5,"vertex_part":0,"vertex_part_index":5,"distance":38.371498547976771,"angle":205.32152738195649,"id_nodo":318},"geometry":{"type":"Point","coordinates":[1060404.626120994333178,864445.219387695309706]}},
{"type":"Feature","properties":{"fid":319,"full_id":"w518953951","osm_id":"518953951","osm_type":"way","highway":"service","ford":null,"width":null,"covered":null,"tunnel":null,"layer":null,"bridge":null,"disused:highway":null,"service":null,"noname":null,"motorroad":null,"smoothness":null,"motorcycle":null,"busway:right":null,"tactile_paving":null,"turn:lanes":null,"cycleway":null,"footway":null,"crossing":null,"lit":null,"motor_vehicle:conditional":null,"motor_vehicle":null,"horse":null,"operator":null,"emergency":null,"bus":null,"psv":null,"oneway:bicycle":null,"sidewalk":null,"foot":null,"bicycle":null,"cycleway:right":"lane","access":"destination","maxspeed":null,"destination:street":null,"surface":null,"oneway":"yes","name":"Avenida Garcés","lanes":null,"alt_name":null,"longitud_m":19.031410970902449,"vertex_pos":0,"vertex_index":0,"vertex_part":0,"vertex_part_index":0,"distance":0.0,"angle":75.498303697169149,"id_nodo":319},"geometry":{"type":"Point","coordinates":[1060174.549297673627734,864810.631177584873512]}},
{"type":"Feature","properties":{"fid":320,"full_id":"w1198489245","osm_id":"1198489245","osm_type":"way","highway":"service","ford":null,"width":null,"covered":null,"tunnel":null,"layer":null,"bridge":null,"disused:highway":null,"service":null,"noname":null,"motorroad":null,"smoothness":null,"motorcycle":null,"busway:right":null,"tactile_paving":null,"turn:lanes":null,"cycleway":null,"footway":null,"crossing":null,"lit":null,"motor_vehicle:conditional":null,"motor_vehicle":null,"horse":null,"operator":null,"emergency":null,"bus":null,"psv":null,"oneway:bicycle":null,"sidewalk":null,"foot":null,"bicycle":null,"cycleway:right":null,"access":null,"maxspeed":null,"destination:street":null,"surface":null,"oneway":null,"name":null,"lanes":null,"alt_name":null,"longitud_m":13.094150444741565,"vertex_pos":-1,"vertex_index":1,"vertex_part":0,"vertex_part_index":1,"distance":13.096234229638187,"angle":357.47158155408437,"id_nodo":320},"geometry":{"type":"Point","coordinates":[1060144.962990965461358,865530.355503548285924]}},
{"type":"Feature","properties":{"fid":321,"full_id":"w1198489244","osm_id":"1198489244","osm_type":"way","highway":"service","ford":null,"width":null,"covered":null,"tunnel":null,"layer":null,"bridge":null,"disused:highway":null,"service":null,"noname":null,"motorroad":null,"smoothness":null,"motorcycle":null,"busway:right":null,"tactile_paving":null,"turn:lanes":null,"cycleway":null,"footway":null,"crossing":null,"lit":null,"motor_vehicle:conditional":null,"motor_vehicle":null,"horse":null,"operator":null,"emergency":null,"bus":null,"psv":null,"oneway:bicycle":null,"sidewalk":null,"foot":null,"bicycle":null,"cycleway:right":null,"access":null,"maxspeed":null,"destination:street":null,"surface":null,"oneway":null,"name":null,"lanes":null,"alt_name":null,"longitud_m":12.878589389764551,"vertex_pos":-1,"vertex_index":1,"vertex_part":0,"vertex_part_index":1,"distance":12.880638593246188,"angle":181.92944043982277,"id_nodo":321},"geometry":{"type":"Point","coordinates":[1060130.558460123836994,865518.345046483445913]}},
{"type":"Feature","properties":{"fid":322,"full_id":"w598676014","osm_id":"598676014","osm_type":"way","highway":"service","ford":null,"width":null,"covered":null,"tunnel":null,"layer":null,"bridge":null,"disused:highway":null,"service":null,"noname":null,"motorroad":null,"smoothness":null,"motorcycle":null,"busway:right":null,"tactile_paving":null,"turn:lanes":null,"cycleway":null,"footway":null,"crossing":null,"lit":null,"motor_vehicle:conditional":null,"motor_vehicle":null,"horse":null,"operator":null,"emergency":null,"bus":null,"psv":null,"oneway:bicycle":null,"sidewalk":null,"foot":null,"bicycle":null,"cycleway:right":null,"access":"destination","maxspeed":null,"destination:street":null,"surface":null,"oneway":null,"name":null,"lanes":null,"alt_name":null,"longitud_m":71.083394721499189,"vertex_pos":-1,"vertex_index":2,"vertex_part":0,"vertex_part_index":2,"distance":71.094574634627122,"angle":73.606937938174099,"id_nodo":322},"geometry":{"type":"Point","coordinates":[1060198.245217737276107,864794.328983916668221]}},
{"type":"Feature","properties":{"fid":323,"full_id":"w598676013","osm_id":"598676013","osm_type":"way","highway":"service","ford":null,"width":null,"covered":null,"tunnel":null,"layer":null,"bridge":null,"disused:highway":null,"service":null,"noname":null,"motorroad":null,"smoothness":null,"motorcycle":null,"busway:right":null,"tactile_paving":null,"turn:lanes":null,"cycleway":null,"footway":null,"crossing":null,"lit":null,"motor_vehicle:conditional":null,"motor_vehicle":null,"horse":null,"operator":null,"emergency":null,"bus":null,"psv":null,"oneway:bicycle":null,"sidewalk":null,"foot":null,"bicycle":null,"cycleway:right":null,"access":"destination","maxspeed":null,"destination:street":null,"surface":null,"oneway":null,"name":null,"lanes":null,"alt_name":null,"longitud_m":75.180546949324182,"vertex_pos":-1,"vertex_index":1,"vertex_part":0,"vertex_part_index":1,"distance":75.192344356098886,"angle":72.469550475416767,"id_nodo":323},"geometry":{"type":"Point","coordinates":[1060273.501883742865175,864806.095188839593902]}},
{"type":"Feature","properties":{"fid":324,"full_id":"w598676014","osm_id":"598676014","osm_type":"way","highway":"service","ford":null,"width":null,"covered":null,"tunnel":null,"layer":null,"bridge":null,"disused:highway":null,"service":null,"noname":null,"motorroad":null,"smoothness":null,"motorcycle":null,"busway:right":null,"tactile_paving":null,"turn:lanes":null,"cycleway":null,"footway":null,"crossing":null,"lit":null,"motor_vehicle:conditional":null,"motor_vehicle":null,"horse":null,"operator":null,"emergency":null,"bus":null,"psv":null,"oneway:bicycle":null,"sidewalk":null,"foot":null,"bicycle":null,"cycleway:right":null,"access":"destination","maxspeed":null,"destination:street":null,"surface":null,"oneway":null,"name":null,"lanes":null,"alt_name":null,"longitud_m":71.083394721499189,"vertex_pos":0,"vertex_index":0,"vertex_part":0,"vertex_part_index":0,"distance":0.0,"angle":343.48661855807421,"id_nodo":324},"geometry":{"type":"Point","coordinates":[1060145.017271428136155,864766.116880328743719]}},
{"type":"Feature","properties":{"fid":325,"full_id":null,"osm_id":null,"osm_type":null,"highway":null,"ford":null,"width":null,"covered":null,"tunnel":null,"layer":null,"bridge":null,"disused:highway":null,"service":null,"noname":null,"motorroad":null,"smoothness":null,"motorcycle":null,"busway:right":null,"tactile_paving":null,"turn:lanes":null,"cycleway":null,"footway":null,"crossing":null,"lit":null,"motor_vehicle:conditional":null,"motor_vehicle":null,"horse":null,"operator":null,"emergency":null,"bus":null,"psv":null,"oneway:bicycle":null,"sidewalk":null,"foot":null,"bicycle":null,"cycleway:right":null,"access":null,"maxspeed":null,"destination:street":null,"surface":null,"oneway":null,"name":null,"lanes":null,"alt_name":null,"longitud_m":null,"vertex_pos":null,"vertex_index":null,"vertex_part":null,"vertex_part_index":null,"distance":null,"angle":null,"id_nodo":325},"geometry":{"type":"Point","coordinates":[1060490.831739435205236,864678.332915648003109]}}
]
}
